method,condition,subject_id,slice_id,seed,num_steps,l_ss,likelihood_type,lambda,runtime_seconds,num_net_evals,nrmse,psnr,ssim,measured_kspace_err,heldout_kspace_err,nrmse_fullfov,psnr_fullfov,ssim_fullfov,brain_fraction,heldout_kspace_err_allcoef
M10,joint_quad,2022101101,7,0,100,30.0,DPS,,13.97613787651062,100,0.1337362974227862,26.479264109750527,0.7288771022744033,0.3006308972835541,0.8533952236175537,0.3636405410509389,21.801663522199902,0.3966323842324636,0.2821807861328125,0.49782049655914307
M10,joint_quad,2022101101,8,0,100,30.0,DPS,,14.107329368591309,100,0.14819331461516416,25.59621201527252,0.702804146520266,0.28050997853279114,0.8608644604682922,0.3575164661189916,22.00542944091508,0.3918970802214136,0.271240234375,0.49617406725883484
M10,joint_quad,2022101101,9,0,100,30.0,DPS,,14.19676661491394,100,0.13072386591790708,26.030573950846776,0.7028275255226503,0.26839685440063477,0.8577783703804016,0.34011182312224564,21.779251676283458,0.39626308515393943,0.25335693359375,0.47734349966049194
M10,joint_quad,2022101102,4,0,100,30.0,DPS,,14.552347421646118,100,0.1469937045726132,26.020754193439583,0.7516880096090718,0.2931531071662903,0.8564081192016602,0.36255116530883924,22.3459870689533,0.41238889231509257,0.2946929931640625,0.4974464178085327
M10,joint_quad,2022101102,5,0,100,30.0,DPS,,14.427250862121582,100,0.12218950385318166,27.18048331005179,0.7964331650946201,0.26334521174430847,0.8192181587219238,0.347526862098522,22.34440938910216,0.4083082595171654,0.290985107421875,0.46808990836143494
M10,joint_quad,2022101102,6,0,100,30.0,DPS,,15.010998010635376,100,0.12367273715342737,27.888377665122906,0.8061696838190896,0.2739309072494507,0.8301621079444885,0.32619100326279377,23.452125709050527,0.45627013782849213,0.31671142578125,0.4647124409675598
M10,joint_quad,2022101103,8,0,100,30.0,DPS,,14.247928619384766,100,0.1466030908880337,25.596267577333297,0.7222524388952313,0.2873309254646301,0.8644387125968933,0.35220160696113656,22.591757332325507,0.4231909771709949,0.2850341796875,0.4997880160808563
M10,joint_quad,2022101103,9,0,100,30.0,DPS,,15.004600286483765,100,0.15134321990300822,24.884781916758513,0.683441446062308,0.2658768892288208,0.8651233911514282,0.3533900377520609,22.03523032843925,0.3933757081436091,0.276763916015625,0.4859147071838379
M10,joint_quad,2022101103,10,0,100,30.0,DPS,,14.385980606079102,100,0.13822973098754948,26.469726611587767,0.705043155927622,0.2660832107067108,0.8726584911346436,0.3404005983846826,22.75016944035506,0.41120811506428817,0.271453857421875,0.47768905758857727
M10,joint_quad,2022101201,8,0,100,30.0,DPS,,15.163631200790405,100,0.159094293548387,25.123966797997177,0.7235243695283707,0.25434350967407227,0.8646873831748962,0.33824713171661264,23.232045419989817,0.40501574811594376,0.2722625732421875,0.46154817938804626
M10,joint_quad,2022101201,9,0,100,30.0,DPS,,14.41350245475769,100,0.13676119755456523,25.58519220723095,0.7447056518538318,0.2593129873275757,0.8769381642341614,0.34218824612837606,22.321589046274678,0.3823650275622668,0.266693115234375,0.46011635661125183
M10,joint_quad,2022101201,10,0,100,30.0,DPS,,14.976945638656616,100,0.15427021176938882,24.375414271104866,0.7012238499906311,0.23956352472305298,0.8824197053909302,0.3360408200568532,22.640909614917287,0.39173032389298645,0.2415313720703125,0.4558292329311371
M10,joint_quad,2022101301,11,0,100,30.0,DPS,,14.20964241027832,100,0.1583237368554534,24.07324471392771,0.6366446462798571,0.26314374804496765,0.8580166697502136,0.33752011592094955,21.995610899391153,0.3812649957512807,0.2442474365234375,0.46443814039230347
M10,joint_quad,2022101301,12,0,100,30.0,DPS,,14.96483564376831,100,0.14857201354062954,24.29569010662998,0.6428729831929609,0.2593173384666443,0.8683158755302429,0.3361079384036392,21.92697426800134,0.381068146318772,0.200042724609375,0.45936617255210876
M10,joint_quad,2022101301,13,0,100,30.0,DPS,,14.204130411148071,100,0.14724353858095351,24.12338892019498,0.6035432321439074,0.24991586804389954,0.8509305715560913,0.34013191689259886,21.789519098701142,0.3670459648245355,0.173065185546875,0.458940327167511
M10,joint_quad,2022101303,8,0,100,30.0,DPS,,14.921261310577393,100,0.13415362682663895,25.210464009020242,0.8487906914099562,0.2363903522491455,0.809726893901825,0.31640720975913517,23.83943303307587,0.41523179921464953,0.0517425537109375,0.4307359457015991
M10,joint_quad,2022101303,9,0,100,30.0,DPS,,14.250731706619263,100,0.12265300099822625,26.676186776887214,0.8359344726972691,0.25175178050994873,0.817956805229187,0.3094140360505135,23.77715845928,0.4370362393117086,0.0641937255859375,0.4326106309890747
M10,joint_quad,2022101303,10,0,100,30.0,DPS,,15.040446519851685,100,0.14792426024724872,24.20075265692094,0.786334217763622,0.24706828594207764,0.8127149343490601,0.31603737979679924,23.702153374529964,0.4331455534360365,0.109771728515625,0.4402521550655365
M10,joint_quad,2022112704,8,0,100,30.0,DPS,,14.206807374954224,100,0.13616940673793274,27.467746606088255,0.78656233018607,0.25885581970214844,0.8326386213302612,0.31275604503151627,24.609082727939988,0.4650493468219796,0.2573699951171875,0.4487364888191223
M10,joint_quad,2022112704,9,0,100,30.0,DPS,,14.92787218093872,100,0.13657836783247296,27.448198627517385,0.7408193241381195,0.25389641523361206,0.8467931151390076,0.3260279289165182,24.063164385507573,0.43025669939275524,0.27520751953125,0.46048280596733093
M10,joint_quad,2022112704,10,0,100,30.0,DPS,,14.20408821105957,100,0.14612277801559928,26.236231652510913,0.7065106675759163,0.26755112409591675,0.8607886433601379,0.32580175651096394,23.617448385692814,0.42593038239115355,0.2538604736328125,0.46128249168395996
M10,joint_quad,2022120401,8,0,100,30.0,DPS,,14.900582790374756,100,0.1305153044595856,27.313288103979474,0.7669267096193684,0.2703263759613037,0.8584936857223511,0.33153064419558625,23.38072988101681,0.44080279144515033,0.3004150390625,0.4683890640735626
M10,joint_quad,2022120401,9,0,100,30.0,DPS,,14.19840693473816,100,0.15640271127182923,25.294955280199716,0.6765006092855569,0.2716059386730194,0.8822061419487,0.34606820637675995,22.60171631492533,0.3977636103918556,0.29266357421875,0.4808616638183594
M10,joint_quad,2022120401,10,0,100,30.0,DPS,,14.899213314056396,100,0.1516211278952995,25.820430900187894,0.684397231452613,0.25686419010162354,0.8866963386535645,0.3322335490459934,23.330028012126522,0.41225610796513495,0.282684326171875,0.4670754075050354
M10,joint_quad,2022120402,12,0,100,30.0,DPS,,14.299674987792969,100,0.15837303230602495,25.812068193122116,0.6955625875682411,0.2829169034957886,0.8489505648612976,0.3458590045012419,23.73221623701765,0.4347574115981202,0.16168212890625,0.4834834635257721
M10,joint_quad,2022120402,13,0,100,30.0,DPS,,15.032887935638428,100,0.1541980574015306,24.662994860634594,0.6348438280157537,0.2835557162761688,0.8689944744110107,0.358755330459018,22.212622989934655,0.398206836703799,0.079345703125,0.4927753508090973
M10,joint_quad,2022120404,8,0,100,30.0,DPS,,14.186262607574463,100,0.13421094056054925,26.936687269319357,0.7244922812575971,0.25813785195350647,0.8739539384841919,0.32210392864449633,23.707878959090863,0.4281721547914936,0.2799530029296875,0.4554421901702881
M10,joint_quad,2022120404,9,0,100,30.0,DPS,,14.94146990776062,100,0.1387481533877627,26.403864926029573,0.694154817510698,0.25596845149993896,0.8775741457939148,0.32614304192142013,23.42481617209264,0.4072601314247937,0.26031494140625,0.4539414346218109
M10,joint_quad,2022120404,10,0,100,30.0,DPS,,14.301039457321167,100,0.15403596061814911,25.776470718071355,0.6466815111675182,0.2664909064769745,0.8811571598052979,0.33394154596843045,23.37030734656777,0.4047705779514067,0.2296905517578125,0.47072112560272217
M10,joint_quad,2022120406,8,0,100,30.0,DPS,,14.936028480529785,100,0.18218723262776124,23.485868570994256,0.6087478642087382,0.2635699212551117,0.8844059109687805,0.3473397195735489,22.383492677048345,0.3846849255050908,0.2564849853515625,0.47404056787490845
M10,joint_quad,2022120406,9,0,100,30.0,DPS,,14.199652433395386,100,0.16043026340522046,24.511506909141417,0.6731040442655631,0.2563402056694031,0.8750224113464355,0.32678587394520925,22.73886443240326,0.4313048646747187,0.235595703125,0.4620746374130249
M10,joint_quad,2022120406,10,0,100,30.0,DPS,,14.928216218948364,100,0.15662440476770828,23.97975324742358,0.6811214823287355,0.26628684997558594,0.8840395212173462,0.33647277071302245,23.395710913446873,0.43265077875954583,0.2180023193359375,0.47063881158828735
M10,joint_quad,2022120407,8,0,100,30.0,DPS,,14.261579990386963,100,0.14732636825934808,27.151781704621296,0.7258132735241626,0.25840669870376587,0.827815055847168,0.3344231006774419,24.34605128186904,0.4307623092181484,0.25726318359375,0.4651089608669281
M10,joint_quad,2022120407,9,0,100,30.0,DPS,,14.903205871582031,100,0.15797051711497348,24.59473172360343,0.62964621018688,0.25886884331703186,0.831196665763855,0.32888085688387575,22.562186327466804,0.3986795228684497,0.2559661865234375,0.4544541835784912
M10,joint_quad,2022120407,10,0,100,30.0,DPS,,14.192187786102295,100,0.1437188419559017,25.208533676609882,0.6711635260088299,0.25328734517097473,0.8507410883903503,0.3210754125350945,22.630494349224406,0.4077329521740769,0.2457275390625,0.44364896416664124
M10,joint_quad,2022120408,8,0,100,30.0,DPS,,14.918809413909912,100,0.13792608710295065,26.692581006007785,0.7432697126931817,0.2645398676395416,0.8268389701843262,0.31323528176701776,23.599965252168044,0.4657552707117466,0.27801513671875,0.4596020579338074
M10,joint_quad,2022120408,9,0,100,30.0,DPS,,14.205271482467651,100,0.15949040588682756,24.09103713674824,0.6288505233216795,0.24578720331192017,0.8428338766098022,0.3286381166649116,21.924814446447595,0.40249449003496823,0.2511749267578125,0.4628426432609558
M10,joint_quad,2022120408,10,0,100,30.0,DPS,,14.995655298233032,100,0.14459619237336277,25.02683454956632,0.6950093042236202,0.25364968180656433,0.8258886933326721,0.29924742486038725,22.966793051529365,0.46604195447500296,0.2187957763671875,0.43974822759628296
M10,joint_quad,2022120409,8,0,100,30.0,DPS,,14.220176696777344,100,0.1379820727091389,26.717415335328887,0.7200908618179328,0.2552129626274109,0.8284055590629578,0.3248200065870394,23.39426399496101,0.4254330010076953,0.297821044921875,0.45523568987846375
M10,joint_quad,2022120409,9,0,100,30.0,DPS,,14.949287414550781,100,0.14339101400698934,26.194092312706104,0.6716497256820566,0.2717282474040985,0.8403227925300598,0.3399041956134088,22.839430719165314,0.39495509194589545,0.292999267578125,0.46811622381210327
M10,joint_quad,2022120409,10,0,100,30.0,DPS,,14.224132299423218,100,0.1380943125901219,26.60190994071837,0.679217600466986,0.25647249817848206,0.8393654227256775,0.32878319803625694,23.419584276909294,0.401887591269163,0.26251220703125,0.454287052154541
M10,joint_quad,2022121701,8,0,100,30.0,DPS,,14.941904306411743,100,0.16549815007445282,23.17391257540343,0.6386755936210702,0.26059189438819885,0.8626963496208191,0.3286353625939647,22.146883786373813,0.4154999631606214,0.20849609375,0.4623808264732361
M10,joint_quad,2022121701,9,0,100,30.0,DPS,,14.703405141830444,100,0.14082399649634117,24.81890940719505,0.667044429903189,0.2695244252681732,0.8737878799438477,0.3427778472161912,22.571426465038154,0.40113883691387414,0.22967529296875,0.4716874659061432
M10,joint_quad,2022121701,10,0,100,30.0,DPS,,14.922159433364868,100,0.14775340238619764,24.453975956631474,0.6740380876133713,0.285115122795105,0.8767452836036682,0.35635459523597923,22.262500262409944,0.40962497720167385,0.171142578125,0.4894583821296692
M10,joint_quad,2022121703,12,0,100,30.0,DPS,,14.201626777648926,100,0.16265465204782972,23.521894818180176,0.6032895378176295,0.2647121846675873,0.8832783102989197,0.34327265183375555,22.062938317489298,0.41361564822276553,0.1072235107421875,0.48522958159446716
M10,joint_quad,2022121703,13,0,100,30.0,DPS,,15.003063201904297,100,0.16750281547534523,23.27597200786181,0.5984700853204146,0.2956889271736145,0.8842792510986328,0.3781869260515071,21.125515135048122,0.367573842686744,0.1071014404296875,0.5117563009262085
M10,joint_quad,2022121703,14,0,100,30.0,DPS,,14.209723949432373,100,0.14519520927098903,24.292876574551286,0.645109045776939,0.3157990276813507,0.8897708058357239,0.3872809420562173,21.077698250250222,0.376417523268862,0.09246826171875,0.5301830768585205
M10,joint_quad,2022121705,12,0,100,30.0,DPS,,14.981882095336914,100,0.16316391794881735,23.27219876040639,0.6444202641282523,0.27747032046318054,0.8734114170074463,0.3473825637098215,22.067564303001742,0.4120829780192294,0.1417083740234375,0.4903370141983032
M10,joint_quad,2022121705,13,0,100,30.0,DPS,,14.194474220275879,100,0.13768740902599444,24.988029739978977,0.7061258041299611,0.29587867856025696,0.8857929706573486,0.3604216777178714,22.573034756381816,0.4215430486969825,0.114227294921875,0.5029841661453247
M10,joint_quad,2022121705,14,0,100,30.0,DPS,,14.931371212005615,100,0.1527376674867489,23.74714593732272,0.6816414824505097,0.3146580457687378,0.8833979964256287,0.36873219499362037,21.930303780600802,0.43271136576791713,0.103790283203125,0.5272266864776611
M10,joint_quad,2022121706,5,0,100,30.0,DPS,,14.376128911972046,100,0.12113899183113029,28.599433874220345,0.7999080508797151,0.27423059940338135,0.8438600897789001,0.3274401620441465,23.912246441191325,0.4513625451700804,0.3161468505859375,0.46469563245773315
M10,joint_quad,2022121706,6,0,100,30.0,DPS,,15.141782522201538,100,0.1353776729688393,27.44293201968243,0.7535533397458374,0.26585057377815247,0.8477299809455872,0.3243945959262675,23.96827372416236,0.450742731436168,0.291900634765625,0.46337464451789856
M10,joint_quad,2022121706,9,0,100,30.0,DPS,,14.217216968536377,100,0.16136943648722937,25.93141706587155,0.6271680128643545,0.25525957345962524,0.8865825533866882,0.3421006617996042,23.44068613897474,0.3966112307923124,0.29656982421875,0.4813101589679718
M10,joint_quad,2022121707,8,0,100,30.0,DPS,,14.939687967300415,100,0.12609591604900336,27.29813538702328,0.762266770292135,0.2839154899120331,0.8718528747558594,0.3733802239750192,22.615581849349162,0.37937720153003,0.2487945556640625,0.49955740571022034
M10,joint_quad,2022121707,9,0,100,30.0,DPS,,14.37880802154541,100,0.13729317351282275,26.171970207363827,0.715740763630146,0.28190678358078003,0.8825567364692688,0.38265106118026965,21.866467864466976,0.35169097767298374,0.2617034912109375,0.5022446513175964
M10,joint_quad,2022121707,10,0,100,30.0,DPS,,14.937641859054565,100,0.14507717656829947,25.185758101604026,0.68774613946138,0.27201762795448303,0.8950223922729492,0.3744879400038553,21.98386371187469,0.3420426855477794,0.22991943359375,0.4884588122367859
M10,joint_quad,2022121708,7,0,100,30.0,DPS,,14.229287385940552,100,0.13694482146814238,25.82174945909437,0.7491864534653614,0.25911468267440796,0.8444753885269165,0.3277636021552919,23.24484846105461,0.4364080407674541,0.1458282470703125,0.4682130813598633
M10,joint_quad,2022121708,8,0,100,30.0,DPS,,14.97209620475769,100,0.1515821338545906,25.890308379199304,0.7206697874326785,0.2750316560268402,0.8563769459724426,0.33518484952987543,23.537047098672343,0.4490437556219334,0.172454833984375,0.47541794180870056
M10,joint_quad,2022121708,10,0,100,30.0,DPS,,14.213948011398315,100,0.17395169180127498,23.80895974502615,0.612241967987363,0.283438503742218,0.8946093320846558,0.3718690627241163,21.832466603530772,0.3882366029532704,0.1817169189453125,0.512933611869812
M11,merge_quad,2022101101,7,0,100,30.0,DPS,,13.938713788986206,100,0.13987122889066744,26.089682204738303,0.7025039813527393,0.16502368450164795,0.8664951920509338,0.348524536468539,22.170442262227276,0.43223772517608355,0.2821807861328125,0.5034980773925781
M11,merge_quad,2022101101,8,0,100,30.0,DPS,,14.257683992385864,100,0.16112752206180106,24.869389689068488,0.6642992074428213,0.15814153850078583,0.879666805267334,0.343336588457573,22.356948668722115,0.42573233259384946,0.271240234375,0.505883514881134
M11,merge_quad,2022101101,9,0,100,30.0,DPS,,14.133910655975342,100,0.14032947050299413,25.41469387732032,0.6661682208117045,0.14891012012958527,0.86909419298172,0.3282935141379815,22.086440207718123,0.4244491089266631,0.25335693359375,0.4829331040382385
M11,merge_quad,2022101102,4,0,100,30.0,DPS,,14.509686470031738,100,0.15703190391691635,25.446970972642458,0.7210694113612176,0.1682175248861313,0.8809865117073059,0.3388385919559784,22.93351580913965,0.46187883324680284,0.2946929931640625,0.5110204219818115
M11,merge_quad,2022101102,5,0,100,30.0,DPS,,14.240676879882812,100,0.12676717927249478,26.86102480057986,0.7707282993336313,0.13676653802394867,0.8243973255157471,0.33823297397291835,22.579858084999408,0.4288443624442026,0.290985107421875,0.47042331099510193
M11,merge_quad,2022101102,6,0,100,30.0,DPS,,14.745067358016968,100,0.14215056389248115,26.678885384749265,0.7427559862638329,0.1708739548921585,0.8572033047676086,0.31086193641517895,23.870214319675792,0.47995128784372043,0.31671142578125,0.48071637749671936
M11,merge_quad,2022101103,8,0,100,30.0,DPS,,14.08870244026184,100,0.14880063652707248,25.467034333181964,0.6977065853948662,0.1617363840341568,0.8736085295677185,0.3359541805636219,23.001983000330874,0.4564401225908093,0.2850341796875,0.5039803385734558
M11,merge_quad,2022101103,9,0,100,30.0,DPS,,14.791996240615845,100,0.14906708151577666,25.016406332247602,0.6955397823537249,0.14480926096439362,0.8669170141220093,0.3414843968217538,22.332899083697207,0.42514252767471755,0.276763916015625,0.48643016815185547
M11,merge_quad,2022101103,10,0,100,30.0,DPS,,14.04119610786438,100,0.146835655722461,25.94512532833862,0.6723208974334404,0.16097839176654816,0.8888993263244629,0.32253875483137817,23.218337637159188,0.45119861790917937,0.271453857421875,0.4874802231788635
M11,merge_quad,2022101201,8,0,100,30.0,DPS,,14.822436571121216,100,0.17727505576043284,24.184106234879525,0.6532024749725499,0.17025719583034515,0.8966009020805359,0.32717881622729994,23.521024335831587,0.42947352586377824,0.2722625732421875,0.48061519861221313
M11,merge_quad,2022101201,9,0,100,30.0,DPS,,14.149261474609375,100,0.16420876653924923,23.996523330660423,0.6358886027214601,0.16111357510089874,0.9086771011352539,0.33603737032451486,22.479139253489354,0.3960386123238625,0.266693115234375,0.47673285007476807
M11,merge_quad,2022101201,10,0,100,30.0,DPS,,14.839214324951172,100,0.1702240561550142,23.52063708853536,0.6484374925885847,0.14911408722400665,0.9030817747116089,0.3237550338485254,22.964419738405258,0.42519126046588396,0.2415313720703125,0.46820828318595886
M11,merge_quad,2022101301,11,0,100,30.0,DPS,,14.025238990783691,100,0.1642518955048268,23.753957547703234,0.5895591777833538,0.15868359804153442,0.8814505338668823,0.3220459045614611,22.403248517427304,0.41233321351192,0.2442474365234375,0.478047251701355
M11,merge_quad,2022101301,12,0,100,30.0,DPS,,14.843153476715088,100,0.1500352646684229,24.210563316576884,0.6357910676055556,0.14543382823467255,0.8808638453483582,0.31668851234120604,22.443903470030165,0.43232538046448715,0.200042724609375,0.46559128165245056
M11,merge_quad,2022101301,13,0,100,30.0,DPS,,14.040736198425293,100,0.16520751341544504,23.12351794768011,0.5504273316350371,0.15113812685012817,0.884803295135498,0.32294262118884376,22.23995951296057,0.416484320886675,0.173065185546875,0.47744542360305786
M11,merge_quad,2022101303,8,0,100,30.0,DPS,,14.844750165939331,100,0.1509613031870136,24.185199649117322,0.8109222155651767,0.1625865250825882,0.8595519661903381,0.3042403920373566,24.180023010871704,0.4574099962200223,0.0517425537109375,0.4593014419078827
M11,merge_quad,2022101303,9,0,100,30.0,DPS,,14.003852605819702,100,0.14345714814628255,25.315306490620593,0.7854828074238875,0.17394976317882538,0.8487456440925598,0.30175648388223886,23.994826464073764,0.4535996426102767,0.0641937255859375,0.451616495847702
M11,merge_quad,2022101303,10,0,100,30.0,DPS,,14.857310056686401,100,0.1829317102236723,22.355760886759125,0.7018509713000678,0.1700281798839569,0.8551172614097595,0.31409779926467596,23.755624554082708,0.45368319790296674,0.109771728515625,0.4646000564098358
M11,merge_quad,2022112704,8,0,100,30.0,DPS,,14.183030366897583,100,0.18001030468200385,25.043390173118073,0.6530995321563653,0.1876322329044342,0.880641758441925,0.30616342111982264,24.794130937629166,0.48440249111534855,0.2573699951171875,0.47928711771965027
M11,merge_quad,2022112704,9,0,100,30.0,DPS,,14.907281637191772,100,0.15101534053018498,26.575415669949543,0.6856905219352507,0.14743492007255554,0.8635623455047607,0.31606576838988454,24.332711248875903,0.4585268320968584,0.27520751953125,0.46921107172966003
M11,merge_quad,2022112704,10,0,100,30.0,DPS,,14.10403037071228,100,0.14740715644786587,26.16021868616523,0.6869996476610009,0.16054096817970276,0.8675724864006042,0.30880564107238473,24.08281231069381,0.4716181747160918,0.2538604736328125,0.46660876274108887
M11,merge_quad,2022120401,8,0,100,30.0,DPS,,14.946717262268066,100,0.1543232473919421,25.857889850238813,0.6913340820011752,0.16039468348026276,0.8903768062591553,0.31779827519499654,23.748172715031348,0.4692391291862459,0.3004150390625,0.483791708946228
M11,merge_quad,2022120401,9,0,100,30.0,DPS,,14.055575847625732,100,0.15565160882782628,25.336768548686308,0.6726458318766217,0.15414103865623474,0.8908210396766663,0.33136882681497076,22.978717352445244,0.43567893424053483,0.29266357421875,0.4850674867630005
M11,merge_quad,2022120401,10,0,100,30.0,DPS,,14.789733648300171,100,0.16099012361130496,25.299640683188688,0.6432611406869593,0.1494753509759903,0.9099884033203125,0.3180849314234827,23.70803580562242,0.45089133748675114,0.282684326171875,0.47816231846809387
M11,merge_quad,2022120402,12,0,100,30.0,DPS,,14.032336950302124,100,0.17353161030399036,25.0181208968319,0.6275506642418197,0.16643762588500977,0.8853335976600647,0.325959475980805,24.246925759915396,0.4804510724449784,0.16168212890625,0.5019670724868774
M11,merge_quad,2022120402,13,0,100,30.0,DPS,,14.805358409881592,100,0.16559579917288594,24.04358660164897,0.5786213085577364,0.16688646376132965,0.9083942770957947,0.3365409206521045,22.767832673140397,0.4431183188113559,0.079345703125,0.5112314820289612
M11,merge_quad,2022120404,8,0,100,30.0,DPS,,14.012856245040894,100,0.14818179351826166,26.076548728931,0.6757379667428776,0.15779225528240204,0.8994442820549011,0.30895139523559983,24.06999617949618,0.46476873035707716,0.2799530029296875,0.46867620944976807
M11,merge_quad,2022120404,9,0,100,30.0,DPS,,14.884334325790405,100,0.14085093113342284,26.27321471430653,0.6782511164193754,0.14327119290828705,0.8897557258605957,0.3110691754842381,23.835838961392753,0.4507764829255039,0.26031494140625,0.4592685103416443
M11,merge_quad,2022120404,10,0,100,30.0,DPS,,14.218969583511353,100,0.16114232311673166,25.384720736880567,0.6212997850344104,0.1534384936094284,0.9021424651145935,0.3125206386722317,23.946142350838766,0.46492191057895915,0.2296905517578125,0.48081284761428833
M11,merge_quad,2022120406,8,0,100,30.0,DPS,,14.775660991668701,100,0.17712841036662993,23.730462850936348,0.6197036019164084,0.14866608381271362,0.8888335227966309,0.32741176538287714,22.89669603310893,0.43769490203423905,0.2564849853515625,0.47624343633651733
M11,merge_quad,2022120406,9,0,100,30.0,DPS,,14.026033878326416,100,0.17631224310183552,23.691583426138916,0.6190833300842637,0.15572278201580048,0.9089594483375549,0.30874239441196355,23.232204571599894,0.4709953953863803,0.235595703125,0.47920024394989014
M11,merge_quad,2022120406,10,0,100,30.0,DPS,,14.79346489906311,100,0.17016930571048697,23.259317378988715,0.6362551220696925,0.15672484040260315,0.9146592617034912,0.31165503681884366,24.0612263987158,0.4923028771005485,0.2180023193359375,0.4857523441314697
M11,merge_quad,2022120407,8,0,100,30.0,DPS,,14.067317962646484,100,0.1630182958679225,26.272664391042426,0.6778945621551735,0.15773776173591614,0.8540507555007935,0.32009070220631897,24.72651548191366,0.47308320799139597,0.25726318359375,0.48041221499443054
M11,merge_quad,2022120407,9,0,100,30.0,DPS,,14.757390975952148,100,0.16314644682594498,24.314700125628733,0.6101507607449789,0.1471042037010193,0.851216733455658,0.31575505906470874,22.915951881618216,0.435422053307993,0.2559661865234375,0.4639234244823456
M11,merge_quad,2022120407,10,0,100,30.0,DPS,,14.159586429595947,100,0.15545379893269703,24.526781065894422,0.6266738357281983,0.14572152495384216,0.8753314018249512,0.30615351878067026,23.043850226424713,0.4452950291974173,0.2457275390625,0.45492860674858093
M11,merge_quad,2022120408,8,0,100,30.0,DPS,,14.871599912643433,100,0.14783363200007593,26.09004438214505,0.7102393090433621,0.1551782786846161,0.842451810836792,0.3012841242358276,23.937853770157858,0.49415937259406734,0.27801513671875,0.467201828956604
M11,merge_quad,2022120408,9,0,100,30.0,DPS,,14.077233791351318,100,0.16515193388750832,23.788055131667114,0.5986744219743687,0.14160852134227753,0.854454755783081,0.31575590287896454,22.272143544592588,0.4324189362164437,0.2511749267578125,0.4691767990589142
M11,merge_quad,2022120408,10,0,100,30.0,DPS,,14.81262731552124,100,0.14570403066428544,24.960540368022915,0.6805797215192382,0.1536124348640442,0.8486891984939575,0.27875478553207883,23.582954850282064,0.5136045707519261,0.2187957763671875,0.4508914649486542
M11,merge_quad,2022120409,8,0,100,30.0,DPS,,14.039002895355225,100,0.1523810851870835,25.8552473825126,0.6611041878598111,0.1526908576488495,0.8516298532485962,0.3130370320414164,23.715205065628663,0.45370747960410546,0.297821044921875,0.46698740124702454
M11,merge_quad,2022120409,9,0,100,30.0,DPS,,14.789260387420654,100,0.1436229391260412,26.180054831915704,0.6566880264911825,0.15406063199043274,0.8467974066734314,0.3279965171354727,23.14917658320278,0.4278426138043161,0.292999267578125,0.4710444509983063
M11,merge_quad,2022120409,10,0,100,30.0,DPS,,14.038117408752441,100,0.14936404708290493,25.920504341655146,0.6343072341892214,0.148606538772583,0.8557490110397339,0.3179672146092156,23.71012973699381,0.43620454928509467,0.26251220703125,0.4627803564071655
M11,merge_quad,2022121701,8,0,100,30.0,DPS,,14.834507703781128,100,0.16991684132447452,22.945046925121375,0.6049319244719039,0.1588834524154663,0.8845365047454834,0.3125841721802024,22.581829986701262,0.4493534727783127,0.20849609375,0.4734811782836914
M11,merge_quad,2022121701,9,0,100,30.0,DPS,,14.058631896972656,100,0.14845444971241067,24.360578320601277,0.6409455539348694,0.1560494303703308,0.8920375108718872,0.32659611861260707,22.99146102084007,0.4419215227099998,0.22967529296875,0.48076340556144714
M11,merge_quad,2022121701,10,0,100,30.0,DPS,,14.864959239959717,100,0.17280404296037388,23.093647781846002,0.5843338045932893,0.190513014793396,0.9246175289154053,0.33518377383307385,22.794487803911466,0.4393896753043443,0.171142578125,0.5168889760971069
M11,merge_quad,2022121703,12,0,100,30.0,DPS,,14.042806148529053,100,0.17360562212186362,22.955948888110687,0.548941733407429,0.1649903804063797,0.9263536930084229,0.3222588399140738,22.611625630726238,0.45336511888024833,0.1072235107421875,0.5082588195800781
M11,merge_quad,2022121703,13,0,100,30.0,DPS,,14.847311735153198,100,0.16787804065818995,23.256536397105485,0.5843611405830862,0.1673264503479004,0.9070567488670349,0.3458403987621563,21.90213089305236,0.4352439355417828,0.1071014404296875,0.5231262445449829
M11,merge_quad,2022121703,14,0,100,30.0,DPS,,14.08633828163147,100,0.15048899627316115,23.98182740363532,0.6005078226129426,0.17889145016670227,0.9046634435653687,0.3616987257062722,21.671281197056416,0.4259804001875526,0.09246826171875,0.5372459888458252
M11,merge_quad,2022121705,12,0,100,30.0,DPS,,14.85735273361206,100,0.1769677467582842,22.566798839022088,0.6020331464742743,0.16031797230243683,0.9183971285820007,0.3268151828696333,22.597680134977118,0.45050076336526057,0.1417083740234375,0.5116991996765137
M11,merge_quad,2022121705,13,0,100,30.0,DPS,,14.08543610572815,100,0.17088788763151144,23.111688662101887,0.593559669869596,0.1834230273962021,0.9419706463813782,0.33736070968623866,23.14736280266709,0.45532282125625945,0.114227294921875,0.5318026542663574
M11,merge_quad,2022121705,14,0,100,30.0,DPS,,14.807983875274658,100,0.17650154378752345,22.491098851474952,0.5990387628167835,0.1929103583097458,0.9376002550125122,0.34792371118494897,22.434844410979828,0.4536440619968719,0.103790283203125,0.5551729798316956
M11,merge_quad,2022121706,5,0,100,30.0,DPS,,14.045373439788818,100,0.12725190253643553,28.171827290073928,0.7759415033088027,0.1525750756263733,0.8535299897193909,0.31224815561124275,24.32488773720007,0.4923547363248282,0.3161468505859375,0.4690858721733093
M11,merge_quad,2022121706,6,0,100,30.0,DPS,,14.79530119895935,100,0.145478827310312,26.817877080988563,0.7095635150493504,0.1560855358839035,0.864485502243042,0.3083742302137038,24.4081843707084,0.49164158380519685,0.291900634765625,0.47252681851387024
M11,merge_quad,2022121706,9,0,100,30.0,DPS,,14.017410516738892,100,0.160784676222534,25.96294960574462,0.6242074813759982,0.1374722123146057,0.8915075659751892,0.32847002338499803,23.793849597551468,0.4383096650056314,0.29656982421875,0.4835874140262604
M11,merge_quad,2022121707,8,0,100,30.0,DPS,,14.780370235443115,100,0.13854885891029062,26.480096741854865,0.7171522177794615,0.16924044489860535,0.8891942501068115,0.35755811869845955,22.991675215817345,0.41142156667954244,0.2487945556640625,0.5100547671318054
M11,merge_quad,2022121707,9,0,100,30.0,DPS,,14.234898090362549,100,0.14222505643961936,25.865426787637812,0.6892199074792893,0.15901371836662292,0.8921871185302734,0.3690228010370816,22.181462285671756,0.3844131355799424,0.2617034912109375,0.5080637335777283
M11,merge_quad,2022121707,10,0,100,30.0,DPS,,14.784981489181519,100,0.16704089207815942,23.96128398687635,0.5933936748863862,0.16284441947937012,0.915122926235199,0.36965340274264447,22.096726270406158,0.35004496696449877,0.22991943359375,0.5004352927207947
M11,merge_quad,2022121708,7,0,100,30.0,DPS,,14.071644067764282,100,0.14689485477066835,25.212530058674353,0.709390115268228,0.14819644391536713,0.8658151030540466,0.31243283838947394,23.66092945299361,0.4776325868637412,0.1458282470703125,0.47878655791282654
M11,merge_quad,2022121708,8,0,100,30.0,DPS,,14.773305177688599,100,0.15257093973491692,25.833832283745643,0.7108126113808854,0.15579082071781158,0.8802332282066345,0.3066209939403171,24.31069695923555,0.5198184671302527,0.172454833984375,0.48703819513320923
M11,merge_quad,2022121708,10,0,100,30.0,DPS,,14.124719619750977,100,0.1729948359212007,23.856870099976817,0.5954578481687771,0.15467433631420135,0.9058817028999329,0.35029343502887367,22.351627624239498,0.4334971288102837,0.1817169189453125,0.5180214643478394
M12,single_full,2022101101,7,0,100,30.0,DPS,,14.061102390289307,100,0.1710868955060503,24.339915099946282,0.7461783420043768,0.49492138624191284,,0.3822454866957772,21.36826210256734,0.39590684830373024,0.2821807861328125,0.49492138624191284
M12,single_full,2022101101,8,0,100,30.0,DPS,,14.137133836746216,100,0.1362020013019636,26.329114474233,0.7678817637711332,0.48270970582962036,,0.35808421636292886,21.99164684647025,0.41023239196044997,0.271240234375,0.48270970582962036
M12,single_full,2022101101,9,0,100,30.0,DPS,,14.374894618988037,100,0.13156303752510642,25.974993769427567,0.7301800699672673,0.4666661024093628,,0.3465768942915544,21.615694150080678,0.39959383710586754,0.25335693359375,0.4666661024093628
M12,single_full,2022101102,4,0,100,30.0,DPS,,14.823031425476074,100,0.1493847579356517,25.88060314435586,0.812281487006667,0.4835984706878662,,0.36688987501413667,22.242658640694227,0.42509921878370865,0.2946929931640625,0.4835984706878662
M12,single_full,2022101102,5,0,100,30.0,DPS,,14.059926271438599,100,0.12668415836481364,26.866715127364348,0.8262759448450586,0.4556921124458313,,0.34897066599832527,22.30839852390929,0.4213382276122935,0.290985107421875,0.4556921124458313
M12,single_full,2022101102,6,0,100,30.0,DPS,,14.738550662994385,100,0.14466702400868725,26.526466170222186,0.8004220755151455,0.4535263180732727,,0.34072016361834223,23.073608566841553,0.43641448462752286,0.31671142578125,0.4535263180732727
M12,single_full,2022101103,8,0,100,30.0,DPS,,14.018880844116211,100,0.15542050229377796,25.088963949329298,0.7571135751939864,0.4917663335800171,,0.3654453602376926,22.271134948002707,0.4166899753501649,0.2850341796875,0.4917663335800171
M12,single_full,2022101103,9,0,100,30.0,DPS,,14.787173509597778,100,0.14485162640370408,25.265573790929242,0.7542382569978513,0.4756658673286438,,0.35918630633178333,21.893920951419695,0.40196857103942174,0.276763916015625,0.4756658673286438
M12,single_full,2022101103,10,0,100,30.0,DPS,,14.028867721557617,100,0.19186109606804314,23.622017444425595,0.7107382212960744,0.47941815853118896,,0.36599440378491543,22.12048683956539,0.4018967002710479,0.271453857421875,0.47941815853118896
M12,single_full,2022101201,8,0,100,30.0,DPS,,14.77553415298462,100,0.12242975586589344,27.399319178326493,0.7898802635679856,0.44351616501808167,,0.3241947579554338,23.600608105196294,0.4286293895084261,0.2722625732421875,0.44351616501808167
M12,single_full,2022101201,9,0,100,30.0,DPS,,14.008466482162476,100,0.13226648152027962,25.875454091608972,0.7624930819606941,0.451187402009964,,0.3411230500636792,22.348669479473898,0.3914589083740815,0.266693115234375,0.451187402009964
M12,single_full,2022101201,10,0,100,30.0,DPS,,14.80784010887146,100,0.1325084534789219,25.69618407868054,0.7722141797459072,0.4401848316192627,,0.33346177969674173,22.70782905856153,0.40024474729424936,0.2415313720703125,0.4401848316192627
M12,single_full,2022101301,11,0,100,30.0,DPS,,14.041588068008423,100,0.1287563582193945,25.868791660461135,0.7216229380639116,0.4454766809940338,,0.3284566514527669,22.232042909470287,0.4058878216044198,0.2442474365234375,0.4454766809940338
M12,single_full,2022101301,12,0,100,30.0,DPS,,14.780248641967773,100,0.12982396891609982,25.467332650330494,0.7136925731488387,0.44284120202064514,,0.3266594018392713,22.174646419002467,0.4092109535602387,0.200042724609375,0.44284120202064514
M12,single_full,2022101301,13,0,100,30.0,DPS,,14.380747556686401,100,0.1226935192419218,25.707681367075278,0.7003482524834699,0.43896767497062683,,0.3305700891985093,22.03719573231059,0.3991862878388751,0.173065185546875,0.43896767497062683
M12,single_full,2022101303,8,0,100,30.0,DPS,,14.7700777053833,100,0.12347563208012627,25.93088721385813,0.8811751528215439,0.4197443425655365,,0.3052578835714497,24.151022674902144,0.44437065031678835,0.0517425537109375,0.4197443425655365
M12,single_full,2022101303,9,0,100,30.0,DPS,,13.997694969177246,100,0.12568082587468513,26.464369833741124,0.8532673615259566,0.42169225215911865,,0.3081978471169747,23.81136666283906,0.4387192639080951,0.0641937255859375,0.42169225215911865
M12,single_full,2022101303,10,0,100,30.0,DPS,,14.77389645576477,100,0.12121034013958215,25.930747379925965,0.8347299537822992,0.42747870087623596,,0.3066737241786799,23.963391080294297,0.4487440592772217,0.109771728515625,0.42747870087623596
M12,single_full,2022112704,8,0,100,30.0,DPS,,14.052860736846924,100,0.12719942178471128,28.059634770232158,0.8090437300996441,0.43817436695098877,,0.3099422295086495,24.68758192553056,0.4715905244724243,0.2573699951171875,0.43817436695098877
M12,single_full,2022112704,9,0,100,30.0,DPS,,14.744775772094727,100,0.1285495948396977,27.97442275225086,0.7728755236351258,0.44662991166114807,,0.3248662158858622,24.09416949431183,0.4347357892676095,0.27520751953125,0.44662991166114807
M12,single_full,2022112704,10,0,100,30.0,DPS,,14.259836435317993,100,0.13818451290475617,26.72140261672841,0.7499241979141924,0.4457794427871704,,0.3249387433034989,23.64048688375181,0.43410822152904843,0.2538604736328125,0.4457794427871704
M12,single_full,2022120401,8,0,100,30.0,DPS,,14.788673162460327,100,0.14151800516460597,26.61028295750079,0.7652443802630745,0.45550408959388733,,0.33957362355692206,23.172524451574425,0.4357879067424893,0.3004150390625,0.45550408959388733
M12,single_full,2022120401,9,0,100,30.0,DPS,,14.05675482749939,100,0.14170772092982456,26.151970559992208,0.7669352757623311,0.45955902338027954,,0.34431849803343795,22.645743252324365,0.4224788084983303,0.29266357421875,0.45955902338027954
M12,single_full,2022120401,10,0,100,30.0,DPS,,14.735547542572021,100,0.14834063664341565,26.010422588606815,0.7260624754958239,0.4535532593727112,,0.33756643162825917,23.19171266508392,0.41770117974293625,0.282684326171875,0.4535532593727112
M12,single_full,2022120402,12,0,100,30.0,DPS,,14.337936162948608,100,0.1209611964859214,28.15277135451292,0.7771780743439088,0.46515244245529175,,0.3305578691279458,24.125247973747697,0.4643720317500778,0.16168212890625,0.46515244245529175
M12,single_full,2022120402,13,0,100,30.0,DPS,,14.784061431884766,100,0.11838714918455316,26.95848165651849,0.7373669060285744,0.4728156626224518,,0.35160614661318773,22.3874610704366,0.4146505674749672,0.079345703125,0.4728156626224518
M12,single_full,2022120404,8,0,100,30.0,DPS,,14.00549602508545,100,0.12329265896426798,27.673701292157222,0.7654310000775058,0.4403676986694336,,0.3200297610765952,23.763992050591938,0.4386196915296626,0.2799530029296875,0.4403676986694336
M12,single_full,2022120404,9,0,100,30.0,DPS,,14.79152774810791,100,0.1211716133424589,27.58039135431361,0.7655163162002775,0.44039779901504517,,0.3207106557164949,23.570710727774532,0.43243238626265224,0.26031494140625,0.44039779901504517
M12,single_full,2022120404,10,0,100,30.0,DPS,,14.019617795944214,100,0.140832171577429,26.554875624745033,0.7438728204859251,0.4541080892086029,,0.3287901332381619,23.505340890431338,0.438709438642352,0.2296905517578125,0.4541080892086029
M12,single_full,2022120406,8,0,100,30.0,DPS,,14.733243703842163,100,0.12998185045916483,26.41857304431316,0.7537760302627068,0.448921263217926,,0.3288330701180781,22.859071918732297,0.4279169482531265,0.2564849853515625,0.448921263217926
M12,single_full,2022120406,9,0,100,30.0,DPS,,14.302892684936523,100,0.12962183266479435,26.363669691144818,0.7602386228048689,0.44247138500213623,,0.31975717170580464,22.927724053054025,0.44963261092926277,0.235595703125,0.44247138500213623
M12,single_full,2022120406,10,0,100,30.0,DPS,,14.760334014892578,100,0.1454926986132858,24.62011793203052,0.7408366965323674,0.45751476287841797,,0.33589735782963004,23.410577647733408,0.44691015639060117,0.2180023193359375,0.45751476287841797
M12,single_full,2022120407,8,0,100,30.0,DPS,,14.036707878112793,100,0.13256142706433616,28.06904795352818,0.7915332088990576,0.45080170035362244,,0.33645975219829455,24.29331425152291,0.43619251265791675,0.25726318359375,0.45080170035362244
M12,single_full,2022120407,9,0,100,30.0,DPS,,14.75319242477417,100,0.12823386210027043,26.40619807205454,0.7304344542708677,0.4380683898925781,,0.3238277170117334,22.69667787214223,0.41738578599548554,0.2559661865234375,0.4380683898925781
M12,single_full,2022120407,10,0,100,30.0,DPS,,14.015538454055786,100,0.1179503071351349,26.924826337235046,0.7526699243831421,0.42722010612487793,,0.3136945372243892,22.832496217403385,0.4324303382218133,0.2457275390625,0.42722010612487793
M12,single_full,2022120408,8,0,100,30.0,DPS,,14.840520143508911,100,0.12663386851348304,27.434511834044542,0.7882363730103468,0.4457305073738098,,0.3138947426404526,23.58169788732942,0.4699227292855048,0.27801513671875,0.4457305073738098
M12,single_full,2022120408,9,0,100,30.0,DPS,,14.024404764175415,100,0.14662151221806718,24.821774514405114,0.7313453920406059,0.44608673453330994,,0.3237789407151773,22.054201150867172,0.4385168059426327,0.2511749267578125,0.44608673453330994
M12,single_full,2022120408,10,0,100,30.0,DPS,,14.809021711349487,100,0.13179160851508273,25.832216516180857,0.7617652258666677,0.4245765507221222,,0.2965929942777109,23.044183718162493,0.484624428491711,0.2187957763671875,0.4245765507221222
M12,single_full,2022120409,8,0,100,30.0,DPS,,14.040081262588501,100,0.11409270155238786,28.368711349797625,0.7785420680639611,0.43907928466796875,,0.3231829622570497,23.438150264982404,0.4283566416762257,0.297821044921875,0.43907928466796875
M12,single_full,2022120409,9,0,100,30.0,DPS,,14.75351095199585,100,0.13180066527700485,26.926178983023632,0.7316764749465002,0.4555848240852356,,0.3407598611729919,22.81759257314128,0.4058120976632619,0.292999267578125,0.4555848240852356
M12,single_full,2022120409,10,0,100,30.0,DPS,,14.028435707092285,100,0.1278039734140268,27.27453866739608,0.7090008210880813,0.44318509101867676,,0.3275636927223598,23.451861418487844,0.4081082489616992,0.26251220703125,0.44318509101867676
M12,single_full,2022121701,8,0,100,30.0,DPS,,14.81087327003479,100,0.1410802023459929,24.560453970216244,0.7091922929764609,0.4478560984134674,,0.32752857031253013,22.17618586850303,0.42454722820493984,0.20849609375,0.4478560984134674
M12,single_full,2022121701,9,0,100,30.0,DPS,,14.060706377029419,100,0.14074175462585456,24.823983489025974,0.7174403857023072,0.46356332302093506,,0.3474861494660842,22.4529314307255,0.41100614552487225,0.22967529296875,0.46356332302093506
M12,single_full,2022121701,10,0,100,30.0,DPS,,14.819773435592651,100,0.12525505836533543,25.88882029066631,0.7200434144088436,0.4746512770652771,,0.35156457039272887,22.380045496778045,0.4209789382671574,0.171142578125,0.4746512770652771
M12,single_full,2022121703,12,0,100,30.0,DPS,,14.411565065383911,100,0.11521685042915085,26.516904613849157,0.7088197783767137,0.45749279856681824,,0.32506310442998465,22.53636884485904,0.4415957079892455,0.1072235107421875,0.45749279856681824
M12,single_full,2022121703,13,0,100,30.0,DPS,,14.973301887512207,100,0.14177035110927172,24.72470593479447,0.6985119285565994,0.48687756061553955,,0.3629776750196449,21.482047068018094,0.40938269833640406,0.1071014404296875,0.48687756061553955
M12,single_full,2022121703,14,0,100,30.0,DPS,,14.026220321655273,100,0.1450322761816745,24.302629055289934,0.694517226918987,0.5159715414047241,,0.3884754591779331,21.050948997331105,0.39589272470502895,0.09246826171875,0.5159715414047241
M12,single_full,2022121705,12,0,100,30.0,DPS,,14.764984130859375,100,0.14373999997411696,24.373128455567887,0.7069723214886773,0.4720960557460785,,0.3428706673479485,22.18111796783624,0.4322546988255969,0.1417083740234375,0.4720960557460785
M12,single_full,2022121705,13,0,100,30.0,DPS,,14.060066938400269,100,0.1304066351160184,25.459920511876074,0.7668975209865075,0.48621660470962524,,0.35784824520964126,22.635274996960888,0.4370358412325521,0.114227294921875,0.48621660470962524
M12,single_full,2022121705,14,0,100,30.0,DPS,,14.780017852783203,100,0.1312243675488884,25.065779251994613,0.7722047812913391,0.5042853951454163,,0.3729323580348931,21.831923609922445,0.43269287388989547,0.103790283203125,0.5042853951454163
M12,single_full,2022121706,5,0,100,30.0,DPS,,14.031336307525635,100,0.1108227809667274,29.372532092146535,0.8325086975296578,0.4537038505077362,,0.32651281647405705,23.936880709837205,0.45873442706825984,0.3161468505859375,0.4537038505077362
M12,single_full,2022121706,6,0,100,30.0,DPS,,14.746899604797363,100,0.11354094367474071,28.97082292360431,0.8088097287210753,0.4515705406665802,,0.31559232581142455,24.207217257874465,0.4759020369938636,0.291900634765625,0.4515705406665802
M12,single_full,2022121706,9,0,100,30.0,DPS,,14.035625696182251,100,0.14624501684951835,26.78622117699716,0.7414744386692697,0.461678147315979,,0.33800049120031095,23.54541779733531,0.4336571548668959,0.29656982421875,0.461678147315979
M12,single_full,2022121707,8,0,100,30.0,DPS,,14.750906229019165,100,0.13210861500764978,26.893533016352734,0.7803258475523148,0.4889476001262665,,0.37983415364861456,22.466727832427203,0.37486046627424313,0.2487945556640625,0.4889476001262665
M12,single_full,2022121707,9,0,100,30.0,DPS,,13.999703884124756,100,0.1448334660404434,25.707570603326566,0.7486334480515904,0.4929006099700928,,0.38821172316356845,21.74115338550585,0.3576599146014472,0.2617034912109375,0.4929006099700928
M12,single_full,2022121707,10,0,100,30.0,DPS,,14.736087799072266,100,0.13546207416963552,25.781385577120616,0.7137968227394607,0.47424477338790894,,0.37404632200463017,21.994112663307348,0.3462992293554971,0.22991943359375,0.47424477338790894
M12,single_full,2022121708,7,0,100,30.0,DPS,,14.041021823883057,100,0.14012750483555123,25.622193965284904,0.7720625042763632,0.4489903748035431,,0.34098515774158433,22.901353426960533,0.43583075379663977,0.1458282470703125,0.4489903748035431
M12,single_full,2022121708,8,0,100,30.0,DPS,,14.726548671722412,100,0.13142150776745967,27.12993979901823,0.7808992398130135,0.4627714455127716,,0.33058774422429227,23.65699972010374,0.4706969815756703,0.172454833984375,0.4627714455127716
M12,single_full,2022121708,10,0,100,30.0,DPS,,14.022156953811646,100,0.186818436427952,23.189138224583033,0.6884356535871601,0.5016960501670837,,0.3829770616608973,21.576812331614498,0.4094028115299789,0.1817169189453125,0.5016960501670837
M16,joint_quad_comp,2022101101,7,0,100,30.0,DPS,,14.946668148040771,100,0.1208768545882645,27.35738700716949,0.7575673432324588,0.2905658781528473,0.871768593788147,0.3592980121197656,21.90601313957218,0.4073635767972629,0.2821807861328125,0.49488547444343567
M16,joint_quad_comp,2022101101,8,0,100,30.0,DPS,,14.69688892364502,100,0.11811601739504131,27.566608351719417,0.7729075888453917,0.28698015213012695,0.818692147731781,0.34940693715161786,22.204719953522,0.41416461436355057,0.271240234375,0.4884066879749298
M16,joint_quad_comp,2022101101,9,0,100,30.0,DPS,,14.312403917312622,100,0.12335624245691004,26.534448969536342,0.713239534994244,0.27310577034950256,0.8195571303367615,0.3388986924615782,21.810288398115514,0.39838366826782096,0.25335693359375,0.47505390644073486
M16,joint_quad_comp,2022101102,4,0,100,30.0,DPS,,14.277040481567383,100,0.12324358883630439,27.55144216972091,0.8131983252532037,0.29126641154289246,0.8163999915122986,0.35646474643974896,22.49304146505892,0.4306586329061372,0.2946929931640625,0.4901480972766876
M16,joint_quad_comp,2022101102,5,0,100,30.0,DPS,,14.349419593811035,100,0.10463852823483996,28.527328886030624,0.8385533151003418,0.27501198649406433,0.8226563334465027,0.34032131504850327,22.526393954942016,0.428592860322269,0.290985107421875,0.46237093210220337
M16,joint_quad_comp,2022101102,6,0,100,30.0,DPS,,14.540052652359009,100,0.1149051575265985,28.527066671799638,0.8363779067574937,0.2725277841091156,0.8294228911399841,0.326366968345459,23.447441333434178,0.45948486774454345,0.31671142578125,0.45889243483543396
M16,joint_quad_comp,2022101103,8,0,100,30.0,DPS,,14.492709636688232,100,0.1224024921906799,27.16332490514685,0.7741918645394201,0.29284703731536865,0.9163113832473755,0.3469098424492979,22.723251560954946,0.4376685308134785,0.2850341796875,0.49322155117988586
M16,joint_quad_comp,2022101103,9,0,100,30.0,DPS,,14.993782758712769,100,0.11914886324767153,26.96224324262317,0.774868811846058,0.27893295884132385,0.856133222579956,0.3445756313148677,22.254625165212897,0.41929290182553425,0.276763916015625,0.4776495695114136
M16,joint_quad_comp,2022101103,10,0,100,30.0,DPS,,14.293017387390137,100,0.12414924077937808,27.402874507776957,0.7436210359579571,0.2723219096660614,0.870762288570404,0.33586918332039933,22.86657257202419,0.42362864769339187,0.271453857421875,0.47372448444366455
M16,joint_quad_comp,2022101201,8,0,100,30.0,DPS,,14.865970611572266,100,0.11695274315236437,27.796850593139308,0.8018493873914005,0.2598159909248352,0.8572753071784973,0.3259696412641963,23.553184780094934,0.42017561277912285,0.2722625732421875,0.44695907831192017
M16,joint_quad_comp,2022101201,9,0,100,30.0,DPS,,14.216628074645996,100,0.11695494790415094,26.944078111846977,0.783977786033967,0.26102039217948914,0.8344119191169739,0.3363366495362909,22.471406931004125,0.394692809807106,0.266693115234375,0.45384541153907776
M16,joint_quad_comp,2022101201,10,0,100,30.0,DPS,,14.955797672271729,100,0.1282535583142676,25.979667321275134,0.7555860515884251,0.25334054231643677,0.8727042078971863,0.32706998651814134,22.87593647133678,0.40764323341510417,0.2415313720703125,0.4481968283653259
M16,joint_quad_comp,2022101301,11,0,100,30.0,DPS,,14.209622144699097,100,0.12189971812549018,26.344111322495827,0.726343341593869,0.2640891969203949,0.8416427373886108,0.32395548718546907,22.351897320821376,0.40976093470530217,0.2442474365234375,0.4536428153514862
M16,joint_quad_comp,2022101301,12,0,100,30.0,DPS,,14.967902183532715,100,0.12298134130804232,25.937645782947843,0.7099759954865632,0.2597823143005371,0.8645905256271362,0.3234815400745624,22.259559626662316,0.4041110847055203,0.200042724609375,0.44920921325683594
M16,joint_quad_comp,2022101301,13,0,100,30.0,DPS,,14.272671699523926,100,0.12610509892602442,25.46946089562119,0.6577331375113586,0.26033931970596313,0.8266913294792175,0.32655205138078475,22.14341850538258,0.3974206691221792,0.173065185546875,0.4518407881259918
M16,joint_quad_comp,2022101303,8,0,100,30.0,DPS,,15.004436492919922,100,0.10910235582135928,27.00582980814928,0.8954340291626119,0.24527591466903687,0.77621990442276,0.3031557781024239,24.211043446676626,0.4443747788697552,0.0517425537109375,0.4247131943702698
M16,joint_quad_comp,2022101303,9,0,100,30.0,DPS,,14.25705075263977,100,0.1120522655204046,27.461337517131973,0.8591463299424268,0.24358730018138885,0.7973198890686035,0.30860467774258543,23.79990858254445,0.4328393896038793,0.0641937255859375,0.42580464482307434
M16,joint_quad_comp,2022101303,10,0,100,30.0,DPS,,15.018558979034424,100,0.11204210950686892,26.613915238046655,0.8577199760490682,0.24751520156860352,0.8029600977897644,0.30479688615031897,24.01671190684641,0.45330347862489934,0.109771728515625,0.43033602833747864
M16,joint_quad_comp,2022112704,8,0,100,30.0,DPS,,14.239917993545532,100,0.11739480148912183,28.756360197141582,0.8242847672705503,0.25577598810195923,0.8118443489074707,0.31247977203359756,24.616758797866186,0.4623435479444121,0.2573699951171875,0.44278571009635925
M16,joint_quad_comp,2022112704,9,0,100,30.0,DPS,,15.005014181137085,100,0.11625660166338649,28.84748451994286,0.7924968804815675,0.2623631954193115,0.8394785523414612,0.3195834974615353,24.236573582834122,0.44397624925052304,0.27520751953125,0.45282498002052307
M16,joint_quad_comp,2022112704,10,0,100,30.0,DPS,,14.31991720199585,100,0.12265784073394354,27.756683754655754,0.7569452925587395,0.26268237829208374,0.8530747890472412,0.31779095980856076,23.833686040273435,0.4437078674124519,0.2538604736328125,0.4538424611091614
M16,joint_quad_comp,2022120401,8,0,100,30.0,DPS,,15.009191036224365,100,0.11984092871916886,28.054413600712135,0.7952439817742957,0.26913896203041077,0.8388542532920837,0.3295543688477277,23.432661963465556,0.4468004298238599,0.3004150390625,0.4653347134590149
M16,joint_quad_comp,2022120401,9,0,100,30.0,DPS,,14.215180397033691,100,0.12057629271164676,27.554602292838215,0.7669614727948778,0.26564857363700867,0.8200567364692688,0.33317785783974974,22.931427724765708,0.4272565300214805,0.29266357421875,0.4696064591407776
M16,joint_quad_comp,2022120401,10,0,100,30.0,DPS,,14.984103441238403,100,0.12853819557529803,27.25498138056265,0.7359805948145516,0.2608188986778259,0.8500205874443054,0.3228912992502162,23.57777087226602,0.432712022771775,0.282684326171875,0.4604663848876953
M16,joint_quad_comp,2022120402,12,0,100,30.0,DPS,,14.274461269378662,100,0.12321367379013497,27.99251469700717,0.7795313518030521,0.2768619954586029,0.8166886568069458,0.3313472547952246,24.104530442516456,0.46739708511355393,0.16168212890625,0.4699932336807251
M16,joint_quad_comp,2022120402,13,0,100,30.0,DPS,,14.96756362915039,100,0.12078584500889278,26.784252071252848,0.7331979849011158,0.2868700325489044,0.7989897131919861,0.3508096365805353,22.407159947854026,0.41116889859639594,0.079345703125,0.48246902227401733
M16,joint_quad_comp,2022120404,8,0,100,30.0,DPS,,14.329792499542236,100,0.1195665759885393,27.940249816321398,0.767011335530195,0.25181475281715393,0.8611556887626648,0.3177519863113324,23.826033915005954,0.43904538374079366,0.2799530029296875,0.44721314311027527
M16,joint_quad_comp,2022120404,9,0,100,30.0,DPS,,14.968911409378052,100,0.10270798775572546,29.016324748366177,0.7915451450454845,0.2545914351940155,0.8626852035522461,0.3137250741178262,23.761993911167615,0.4408358825797209,0.26031494140625,0.44049009680747986
M16,joint_quad_comp,2022120404,10,0,100,30.0,DPS,,14.185634851455688,100,0.12344452089695054,27.699476775089007,0.7338875185817915,0.2630493640899658,0.8598459959030151,0.3222468116678748,23.67994383208794,0.4331634131072493,0.2296905517578125,0.4582695960998535
M16,joint_quad_comp,2022120406,8,0,100,30.0,DPS,,14.944242715835571,100,0.12814350758959014,26.542295203021848,0.7478309857843108,0.2616630792617798,0.7961365580558777,0.3241034900558999,22.984907509721396,0.43498254259466745,0.2564849853515625,0.4557681977748871
M16,joint_quad_comp,2022120406,9,0,100,30.0,DPS,,14.178066968917847,100,0.13028559951229146,26.31930452567889,0.7468704059703528,0.2594726085662842,0.8043040037155151,0.3185030295639574,22.96185857760236,0.4461779439824267,0.235595703125,0.45020461082458496
M16,joint_quad_comp,2022120406,10,0,100,30.0,DPS,,14.98440408706665,100,0.12864746306711453,25.688917391306415,0.737226297996352,0.26794958114624023,0.7849416136741638,0.3258231690736961,23.67507013220663,0.44839581645282506,0.2180023193359375,0.46172550320625305
M16,joint_quad_comp,2022120407,8,0,100,30.0,DPS,,14.41787075996399,100,0.12439723649434248,28.621176717786344,0.7818876268153,0.26796504855155945,0.7710849642753601,0.3270931265000651,24.53854830613104,0.44718809605270127,0.25726318359375,0.4590431749820709
M16,joint_quad_comp,2022120407,9,0,100,30.0,DPS,,15.068291902542114,100,0.1177380792256955,27.147913590348555,0.742611334555553,0.2536623179912567,0.8044631481170654,0.3176170787654733,22.864881292140844,0.4240397439023067,0.2559661865234375,0.44245052337646484
M16,joint_quad_comp,2022120407,10,0,100,30.0,DPS,,14.211788654327393,100,0.11799509235667463,26.921528968460578,0.7435324422881707,0.25267454981803894,0.8300614356994629,0.3095284957880413,22.948622590231533,0.4400713828526177,0.2457275390625,0.4354778528213501
M16,joint_quad_comp,2022120408,8,0,100,30.0,DPS,,14.928022861480713,100,0.1203009998957076,27.880124578260904,0.7816336455783895,0.25937917828559875,0.8425571322441101,0.3091726861647272,23.713356339718814,0.4715786112421501,0.27801513671875,0.45367228984832764
M16,joint_quad_comp,2022120408,9,0,100,30.0,DPS,,14.36056923866272,100,0.1197551273724776,26.57984606221824,0.7429864836050528,0.2613062262535095,0.8216415643692017,0.31281964173582383,22.35329282240516,0.44412257000500577,0.2511749267578125,0.45066002011299133
M16,joint_quad_comp,2022120408,10,0,100,30.0,DPS,,14.945422172546387,100,0.12062401340767474,26.601296202888996,0.7602100288331191,0.25003957748413086,0.8073479533195496,0.2933954506553893,23.13833397886224,0.47774415161837486,0.2187957763671875,0.4314219653606415
M16,joint_quad_comp,2022120409,8,0,100,30.0,DPS,,14.206079483032227,100,0.11338047960600879,28.423102829337346,0.7857887012258895,0.25972869992256165,0.8404905796051025,0.3206947243640604,23.505283100206693,0.43598768755963824,0.297821044921875,0.44646644592285156
M16,joint_quad_comp,2022120409,9,0,100,30.0,DPS,,14.959665536880493,100,0.12261058668059396,27.553971621265724,0.7374925148695933,0.2692030668258667,0.8056349158287048,0.334566652455026,22.97690820627391,0.412120256556891,0.292999267578125,0.461940199136734
M16,joint_quad_comp,2022120409,10,0,100,30.0,DPS,,14.218008279800415,100,0.12009358849246009,27.815029349867075,0.715706325435359,0.25795865058898926,0.830731213092804,0.32366414715137837,23.555884696454935,0.4128738119854132,0.26251220703125,0.44889283180236816
M16,joint_quad_comp,2022121701,8,0,100,30.0,DPS,,14.935200452804565,100,0.1275700130189103,25.43480345101535,0.7405139410081362,0.2603294253349304,0.8532112836837769,0.3160684532003544,22.485546636929303,0.44349630238644216,0.20849609375,0.4494626820087433
M16,joint_quad_comp,2022121701,9,0,100,30.0,DPS,,14.180583000183105,100,0.1222276602078854,26.049052746734947,0.72638882385861,0.2707950174808502,0.8803924322128296,0.333501256349411,22.80973191701985,0.42498602850609346,0.22967529296875,0.4656278192996979
M16,joint_quad_comp,2022121701,10,0,100,30.0,DPS,,14.909861087799072,100,0.12318493376243098,26.033573877568656,0.7273396142867041,0.28432032465934753,0.8242455124855042,0.34644153377033676,22.507548478465672,0.4332651865328783,0.171142578125,0.482882022857666
M16,joint_quad_comp,2022121703,12,0,100,30.0,DPS,,14.190231561660767,100,0.11367983335895353,26.633556031275603,0.7394969781664875,0.27205559611320496,0.8255600929260254,0.3245358291498883,22.550469409563995,0.4489127882135439,0.1072235107421875,0.4619181752204895
M16,joint_quad_comp,2022121703,13,0,100,30.0,DPS,,14.97766661643982,100,0.12427129045193373,25.86899807075681,0.6950453868911605,0.2965857982635498,0.8403375148773193,0.3561213690180128,21.647684673766676,0.41237985980054964,0.1071014404296875,0.4963155686855316
M16,joint_quad_comp,2022121703,14,0,100,30.0,DPS,,14.193609952926636,100,0.12341363186050927,25.704659653349214,0.700913862245782,0.3081910014152527,0.9053069949150085,0.3775174419357679,21.29948034008432,0.40035409987916487,0.09246826171875,0.515802264213562
M16,joint_quad_comp,2022121705,12,0,100,30.0,DPS,,14.934231996536255,100,0.1349180147948938,24.923282418695063,0.7188247185363216,0.27719518542289734,0.7932096123695374,0.33403346347998825,22.4079250899343,0.44481400830079076,0.1417083740234375,0.479803204536438
M16,joint_quad_comp,2022121705,13,0,100,30.0,DPS,,14.188214302062988,100,0.1185894964202345,26.284989793390295,0.7578216821472685,0.2990840971469879,0.8394233584403992,0.3525421203286421,22.76503259077507,0.43717928789084454,0.114227294921875,0.4952975809574127
M16,joint_quad_comp,2022121705,14,0,100,30.0,DPS,,14.933213949203491,100,0.12408930548018061,25.55138194122292,0.7571662911077254,0.3119785487651825,0.8546655178070068,0.3653295282341229,22.010829433141197,0.43649292989514954,0.103790283203125,0.5138669610023499
M16,joint_quad_comp,2022121706,5,0,100,30.0,DPS,,14.382103681564331,100,0.1116467411364584,29.308191954608805,0.8230004890853045,0.2701074779033661,0.8479392528533936,0.32435548797841496,23.99446036372186,0.46108220657484805,0.3161468505859375,0.46165144443511963
M16,joint_quad_comp,2022121706,6,0,100,30.0,DPS,,15.059704542160034,100,0.11727451523166564,28.689799984584656,0.8085291508298437,0.2623485326766968,0.845035195350647,0.31592066174744177,24.198185329734866,0.4764196674997353,0.291900634765625,0.4579954147338867
M16,joint_quad_comp,2022121706,9,0,100,30.0,DPS,,14.236896276473999,100,0.12034929718700467,28.47897154553715,0.7416882621620956,0.26529866456985474,0.8613272905349731,0.327856905433499,23.810077718559832,0.4375730482858197,0.29656982421875,0.46696019172668457
M16,joint_quad_comp,2022121707,8,0,100,30.0,DPS,,14.951061248779297,100,0.1115963709630446,28.359154369957334,0.799048663807294,0.2908115088939667,0.90781170129776,0.37185919465129164,22.65103759915748,0.3832211015499446,0.2487945556640625,0.49630007147789
M16,joint_quad_comp,2022121707,9,0,100,30.0,DPS,,14.179598331451416,100,0.11681540503932779,27.57494669994609,0.7728641627744537,0.2894565463066101,0.8872498869895935,0.3772070822444045,21.99092954120657,0.36841742075545025,0.2617034912109375,0.49719926714897156
M16,joint_quad_comp,2022121707,10,0,100,30.0,DPS,,14.932602405548096,100,0.11894694361592371,26.910674256937938,0.7491099873582152,0.27960100769996643,0.8800106644630432,0.3650356793164707,22.205914130184816,0.3648008140089312,0.22991943359375,0.482281357049942
M16,joint_quad_comp,2022121708,7,0,100,30.0,DPS,,14.203876495361328,100,0.11909657491075866,27.0346763060915,0.7873310370016507,0.2680648863315582,0.8248692750930786,0.3208146562762298,23.43097892694237,0.45367705081558474,0.1458282470703125,0.4646269679069519
M16,joint_quad_comp,2022121708,8,0,100,30.0,DPS,,14.944000244140625,100,0.1270472182724982,27.42396549751294,0.7853958111765118,0.2778085768222809,0.8449448943138123,0.32475509829532223,23.81161514670211,0.4750255039691731,0.172454833984375,0.4703032672405243
M16,joint_quad_comp,2022121708,10,0,100,30.0,DPS,,14.20431900024414,100,0.13520035349925885,25.997976340878616,0.6953296073513028,0.2914798855781555,0.9556741118431091,0.35312574799697555,22.281679884950197,0.4272221777204292,0.1817169189453125,0.49899017810821533
M17,joint_quad_comp,2022101101,7,0,100,30.0,DPS,,13.902880668640137,100,0.11857195745944024,27.524610225226628,0.7683839795414932,0.2894343435764313,0.8715678453445435,0.35676801581029083,21.96739116705716,0.4155941357044795,0.2821807861328125,0.4938317537307739
M17,joint_quad_comp,2022101101,8,0,100,30.0,DPS,,14.111977577209473,100,0.11968655509900228,27.451876914050395,0.7719232320854924,0.28737518191337585,0.8261780738830566,0.3484624062212889,22.228231794264047,0.4167206371698576,0.271240234375,0.4896220266819
M17,joint_quad_comp,2022101101,9,0,100,30.0,DPS,,14.20387864112854,100,0.12354307962336658,26.52130314714826,0.714439112118537,0.2727450430393219,0.8224233984947205,0.3388938337840773,21.8104129257104,0.39971940231184333,0.25335693359375,0.4753980040550232
M17,joint_quad_comp,2022101102,4,0,100,30.0,DPS,,14.349435091018677,100,0.12794012825116083,27.22659326356872,0.8025873915775888,0.29172226786613464,0.8211324214935303,0.3565866739197217,22.490070995847375,0.4305656876051397,0.2946929931640625,0.49151086807250977
M17,joint_quad_comp,2022101102,5,0,100,30.0,DPS,,14.222559928894043,100,0.10740885967831447,28.300359220281393,0.8376008751331533,0.27389079332351685,0.820212185382843,0.34235299388193646,22.47469436702484,0.4257913410802564,0.290985107421875,0.46058547496795654
M17,joint_quad_comp,2022101102,6,0,100,30.0,DPS,,14.57433795928955,100,0.11746803757934031,28.335462851304897,0.8248303624102533,0.2746225595474243,0.830747127532959,0.32548195389806556,23.47102699041448,0.4585043467052987,0.31671142578125,0.46244528889656067
M17,joint_quad_comp,2022101103,8,0,100,30.0,DPS,,14.414187669754028,100,0.12623577090034524,26.89548138221451,0.7683461970372568,0.2927440106868744,0.9179220199584961,0.34623401033910384,22.740189473509766,0.43860177081937246,0.2850341796875,0.49367719888687134
M17,joint_quad_comp,2022101103,9,0,100,30.0,DPS,,14.71613073348999,100,0.1183683956795931,27.01932608024034,0.7741090434279062,0.27813610434532166,0.8579235672950745,0.3434514287993997,22.283009826910643,0.42245019449703075,0.276763916015625,0.4769105017185211
M17,joint_quad_comp,2022101103,10,0,100,30.0,DPS,,14.197980880737305,100,0.12343230489465717,27.453179092162095,0.75307863549434,0.27158504724502563,0.8718038201332092,0.33670945922476325,22.844869392332086,0.42442266000904116,0.271453857421875,0.47321373224258423
M17,joint_quad_comp,2022101201,8,0,100,30.0,DPS,,14.916100263595581,100,0.11835820008008852,27.6930918068669,0.7944343411030846,0.2614567279815674,0.8616409301757812,0.32313374211819323,23.629081669139257,0.42710520889226494,0.2722625732421875,0.44906386733055115
M17,joint_quad_comp,2022101201,9,0,100,30.0,DPS,,14.204870223999023,100,0.11753106188634414,26.90139690846312,0.7841900918110288,0.26127901673316956,0.8354108333587646,0.33625838861304463,22.473428253514115,0.3954031045052113,0.266693115234375,0.4548443853855133
M17,joint_quad_comp,2022101201,10,0,100,30.0,DPS,,14.937066555023193,100,0.12802830208924126,25.994936066488854,0.7649544324673446,0.25295495986938477,0.875076413154602,0.3257345005439284,22.91147513627431,0.41482220064189057,0.2415313720703125,0.4480576813220978
M17,joint_quad_comp,2022101301,11,0,100,30.0,DPS,,14.1950523853302,100,0.12079856091534995,26.422930139595312,0.726449670480896,0.26413384079933167,0.8458347320556641,0.32324628403013217,22.37093330952787,0.410671286133164,0.2442474365234375,0.45441728830337524
M17,joint_quad_comp,2022101301,12,0,100,30.0,DPS,,14.980519533157349,100,0.12291422848140031,25.94238710155301,0.7088526984404225,0.2592715620994568,0.8628218173980713,0.3242245047948206,22.239632956387677,0.4037657077040439,0.200042724609375,0.4482112526893616
M17,joint_quad_comp,2022101301,13,0,100,30.0,DPS,,14.462895631790161,100,0.12017496644541174,25.88783364813716,0.6819941172393846,0.25916406512260437,0.8216100335121155,0.3283429062079642,22.095914074390297,0.39297178687939893,0.173065185546875,0.45031026005744934
M17,joint_quad_comp,2022101303,8,0,100,30.0,DPS,,15.16926121711731,100,0.11197015926925868,26.780466455086554,0.8917327963765508,0.24569876492023468,0.7822908759117126,0.30185564073168564,24.248374534151715,0.4498324302770898,0.0517425537109375,0.4260753095149994
M17,joint_quad_comp,2022101303,9,0,100,30.0,DPS,,14.214659690856934,100,0.11310108635050013,27.380414823344815,0.8596245298221794,0.2431076467037201,0.7977816462516785,0.3092717898384448,23.781152521757374,0.4302705909250081,0.0641937255859375,0.42505693435668945
M17,joint_quad_comp,2022101303,10,0,100,30.0,DPS,,14.966165542602539,100,0.11184141623249329,26.629487621887733,0.8523665074800019,0.2477055937051773,0.8083285093307495,0.3060259434064997,23.981757515567335,0.4493923057227824,0.109771728515625,0.43218308687210083
M17,joint_quad_comp,2022112704,8,0,100,30.0,DPS,,14.193290948867798,100,0.11766005850761911,28.73675631261472,0.8233754052857191,0.2570302188396454,0.8139965534210205,0.3057275193277345,24.806506330854738,0.47978414694311655,0.2573699951171875,0.4445624351501465
M17,joint_quad_comp,2022112704,9,0,100,30.0,DPS,,15.057325601577759,100,0.11640524643528422,28.836385903902475,0.7878129852685694,0.2627687454223633,0.8399254083633423,0.31852054606479585,24.265511456386996,0.44497534263876676,0.27520751953125,0.4533539414405823
M17,joint_quad_comp,2022112704,10,0,100,30.0,DPS,,14.262389898300171,100,0.11855110422665932,28.052477986721648,0.7701249109335249,0.26223939657211304,0.851725697517395,0.31623776774506374,23.876242098858228,0.4496164006083472,0.2538604736328125,0.4534590542316437
M17,joint_quad_comp,2022120401,8,0,100,30.0,DPS,,15.063342571258545,100,0.11734755473701478,28.2370360343576,0.8023451765741244,0.2682363986968994,0.834250807762146,0.3293732393878594,23.43743720893587,0.4481450421590977,0.3004150390625,0.4639737606048584
M17,joint_quad_comp,2022120401,9,0,100,30.0,DPS,,14.195822477340698,100,0.1190528157307473,27.66504739944778,0.774962819240959,0.26501941680908203,0.8180461525917053,0.33321748205108753,22.930394789790085,0.42875845513132294,0.29266357421875,0.4687219262123108
M17,joint_quad_comp,2022120401,10,0,100,30.0,DPS,,14.975555181503296,100,0.13257664264248184,26.986285024192146,0.7213567870551413,0.2613445520401001,0.852750301361084,0.3245047918095752,23.5344754384098,0.4262805142237206,0.282684326171875,0.46142804622650146
M17,joint_quad_comp,2022120402,12,0,100,30.0,DPS,,14.207006216049194,100,0.12690174111715105,27.73634121958529,0.7690998864957983,0.27615541219711304,0.8247286081314087,0.33209029964086206,24.085074178152812,0.4645460498128181,0.16168212890625,0.47089922428131104
M17,joint_quad_comp,2022120402,13,0,100,30.0,DPS,,14.968774795532227,100,0.117845455718172,26.99831610625668,0.7316518021719547,0.2855142652988434,0.7951255440711975,0.34820568590584816,22.471873072380365,0.41611587219456425,0.079345703125,0.48044338822364807
M17,joint_quad_comp,2022120404,8,0,100,30.0,DPS,,14.22550892829895,100,0.12080083959773175,27.851046613017346,0.7581931633563286,0.2522638440132141,0.8650801777839661,0.31840259250523795,23.808267492326507,0.4357741069829849,0.2799530029296875,0.4487382471561432
M17,joint_quad_comp,2022120404,9,0,100,30.0,DPS,,14.9411461353302,100,0.11056067784893793,28.3763953073033,0.7668900954990155,0.25720277428627014,0.8692588210105896,0.3110900816385081,23.835255224843838,0.44713280381790466,0.26031494140625,0.4453195631504059
M17,joint_quad_comp,2022120404,10,0,100,30.0,DPS,,14.209665060043335,100,0.12351234351355242,27.694705903228567,0.7371277250932525,0.26340216398239136,0.8592055439949036,0.32182139109408897,23.691418258787486,0.43686763162622094,0.2296905517578125,0.45909732580184937
M17,joint_quad_comp,2022120406,8,0,100,30.0,DPS,,14.978353500366211,100,0.12700870752423774,26.619557421703156,0.7525559022872176,0.26078131794929504,0.7971643805503845,0.32430007650872217,22.979640640833185,0.43419588485494276,0.2564849853515625,0.45505383610725403
M17,joint_quad_comp,2022120406,9,0,100,30.0,DPS,,14.217862367630005,100,0.13014784803592058,26.32849300929405,0.7530041966525869,0.2595670819282532,0.8060246109962463,0.31862806095573104,22.95844951814712,0.44734681909504126,0.235595703125,0.45108693838119507
M17,joint_quad_comp,2022120406,10,0,100,30.0,DPS,,14.939877033233643,100,0.13005599722796743,25.594334248499536,0.7331002516916608,0.2672795057296753,0.7856254577636719,0.32311884826191595,23.74746355862987,0.4553024006513436,0.2180023193359375,0.4615463316440582
M17,joint_quad_comp,2022120407,8,0,100,30.0,DPS,,14.213555574417114,100,0.12659869540106522,28.468806762479772,0.7776384254559859,0.2681284546852112,0.7723016142845154,0.3263212067354703,24.559070699543,0.44884292497562217,0.25726318359375,0.45962071418762207
M17,joint_quad_comp,2022120407,9,0,100,30.0,DPS,,14.935250282287598,100,0.11827836643654338,27.10814616422143,0.7511846781937681,0.25420668721199036,0.804705798625946,0.31342462357881196,22.98029597461746,0.4388660246231774,0.2559661865234375,0.44363266229629517
M17,joint_quad_comp,2022120407,10,0,100,30.0,DPS,,14.218274116516113,100,0.12136094964507353,26.677228536589727,0.7370059702304986,0.2534901797771454,0.8341550827026367,0.308965736173793,22.96442894378652,0.44376697921387726,0.2457275390625,0.43694448471069336
M17,joint_quad_comp,2022120408,8,0,100,30.0,DPS,,14.927178859710693,100,0.12267099252911647,27.71067173597261,0.7738511148028776,0.2596854865550995,0.8421743512153625,0.30898918265738406,23.718513213153397,0.4726355635296983,0.27801513671875,0.45387041568756104
M17,joint_quad_comp,2022120408,9,0,100,30.0,DPS,,14.222323417663574,100,0.12214710216022438,26.40806503936043,0.7311985856046356,0.2614460289478302,0.822491466999054,0.3128007105450998,22.353818490193294,0.44084511789704134,0.2511749267578125,0.45124077796936035
M17,joint_quad_comp,2022120408,10,0,100,30.0,DPS,,14.936661005020142,100,0.11558688958634192,26.971800144983888,0.7745603424310451,0.24925477802753448,0.8042202591896057,0.29239380638445805,23.16803810869558,0.48237998915770014,0.2187957763671875,0.4304180145263672
M17,joint_quad_comp,2022120409,8,0,100,30.0,DPS,,14.246689796447754,100,0.11378534867044647,28.39214173134337,0.7805078828842565,0.2595098316669464,0.8398756980895996,0.319238879061069,23.54480386729863,0.4366852216014273,0.297821044921875,0.4465944468975067
M17,joint_quad_comp,2022120409,9,0,100,30.0,DPS,,14.929817914962769,100,0.1187476470092646,27.832030774895287,0.747104657173363,0.26790928840637207,0.8052769899368286,0.33449476364161274,22.97877475630026,0.41419114990844,0.292999267578125,0.46002015471458435
M17,joint_quad_comp,2022120409,10,0,100,30.0,DPS,,14.193934440612793,100,0.12015350134828708,27.810697172817626,0.7168495595173525,0.25750821828842163,0.8282637596130371,0.32328028018431726,23.56619230978925,0.41363933875714415,0.26251220703125,0.4481898248195648
M17,joint_quad_comp,2022121701,8,0,100,30.0,DPS,,14.921305418014526,100,0.1291148893155013,25.33024890246211,0.7393637208134511,0.26128238439559937,0.8552291989326477,0.3139200948552509,22.544787319578496,0.4510512942065701,0.20849609375,0.4516436457633972
M17,joint_quad_comp,2022121701,9,0,100,30.0,DPS,,14.223801612854004,100,0.1259070695038972,25.791440394146505,0.7194189008428525,0.27084481716156006,0.8824994564056396,0.33501881019192165,22.770297564943686,0.4209696316245036,0.22967529296875,0.46678778529167175
M17,joint_quad_comp,2022121701,10,0,100,30.0,DPS,,14.953291416168213,100,0.12513762065787226,25.896967901412328,0.7184528185895075,0.28389278054237366,0.8287687301635742,0.3469097811578116,22.495816631531312,0.42913934495541106,0.171142578125,0.48301881551742554
M17,joint_quad_comp,2022121703,12,0,100,30.0,DPS,,14.255970001220703,100,0.11611701144164584,26.449307603970894,0.7396185009121772,0.2716461718082428,0.8293206095695496,0.3248082605798941,22.54318110275952,0.45048044826136496,0.1072235107421875,0.4627964496612549
M17,joint_quad_comp,2022121703,13,0,100,30.0,DPS,,14.934085369110107,100,0.11737448125742758,26.364940515712547,0.7201013247195568,0.2957986891269684,0.8363629579544067,0.35420575777846497,21.694533027222867,0.4174013567471124,0.1071014404296875,0.49458906054496765
M17,joint_quad_comp,2022121703,14,0,100,30.0,DPS,,14.192571640014648,100,0.12268327920991458,25.75621479978871,0.7047633430689321,0.30892735719680786,0.9101830720901489,0.37491959752056636,21.359457928542447,0.4050104413770295,0.09246826171875,0.5183612108230591
M17,joint_quad_comp,2022121705,12,0,100,30.0,DPS,,14.941180944442749,100,0.1369658461314087,24.792435568862942,0.7161293079590345,0.27668601274490356,0.7925964593887329,0.3348259627737678,22.387342096393226,0.43947899629412046,0.1417083740234375,0.47900593280792236
M17,joint_quad_comp,2022121705,13,0,100,30.0,DPS,,14.213102102279663,100,0.1199926589552094,26.182820748704223,0.7545990490825962,0.2987534701824188,0.8417666554450989,0.3529812261240062,22.754220687839148,0.43617863755988495,0.114227294921875,0.4952895939350128
M17,joint_quad_comp,2022121705,14,0,100,30.0,DPS,,14.945763349533081,100,0.12451978798765044,25.5213015669625,0.7608766252268915,0.31204870343208313,0.856795072555542,0.36443356596016246,22.032157541957883,0.43812375055349145,0.103790283203125,0.5146429538726807
M17,joint_quad_comp,2022121706,5,0,100,30.0,DPS,,14.194063186645508,100,0.11060488951740148,29.38962644795724,0.8291289375782862,0.2699294984340668,0.8454777002334595,0.3238303151069103,24.00853532364614,0.463737001108965,0.3161468505859375,0.4614432752132416
M17,joint_quad_comp,2022121706,6,0,100,30.0,DPS,,14.933250188827515,100,0.11796373080293418,28.638902924950116,0.8044219257430811,0.2620624005794525,0.8460385799407959,0.31706808249593604,24.16669541464033,0.47353919407792533,0.291900634765625,0.4578467011451721
M17,joint_quad_comp,2022121706,9,0,100,30.0,DPS,,14.203216314315796,100,0.1212346279313221,28.41530903521232,0.7450926696164252,0.26500803232192993,0.8626267313957214,0.3270568021503262,23.831300704714273,0.4405310481280179,0.29656982421875,0.466776579618454
M17,joint_quad_comp,2022121707,8,0,100,30.0,DPS,,14.920889854431152,100,0.10949715806842956,28.52409885793471,0.8073391347892469,0.29005277156829834,0.9055618643760681,0.3709539793411217,22.672207401875752,0.38796759460814134,0.2487945556640625,0.49525004625320435
M17,joint_quad_comp,2022121707,9,0,100,30.0,DPS,,14.223965406417847,100,0.11389439512259456,27.79490203404979,0.7856164579795263,0.28894901275634766,0.8864679932594299,0.3751936490841606,22.037416736767828,0.37560330204870745,0.2617034912109375,0.49662041664123535
M17,joint_quad_comp,2022121707,10,0,100,30.0,DPS,,14.951626300811768,100,0.11637719680630355,27.100382158805573,0.7574159878991246,0.27856963872909546,0.8783302903175354,0.36500835016143296,22.206564441714214,0.3648422968758455,0.22991943359375,0.48066094517707825
M17,joint_quad_comp,2022121708,7,0,100,30.0,DPS,,14.215853452682495,100,0.11757478683250043,27.146377741973783,0.7952058312212835,0.2675027847290039,0.8245336413383484,0.319398900823001,23.469394594745793,0.45853686155537193,0.1458282470703125,0.46416911482810974
M17,joint_quad_comp,2022121708,8,0,100,30.0,DPS,,14.94965386390686,100,0.12588292153470848,27.503932435493454,0.7892428396379709,0.2765614688396454,0.8433683514595032,0.3251140526893531,23.802019865670534,0.47484074738982623,0.172454833984375,0.4689943194389343
M17,joint_quad_comp,2022121708,10,0,100,30.0,DPS,,14.363243103027344,100,0.12817472995981044,26.461484660708653,0.7232998543473497,0.2896275520324707,0.9529203772544861,0.35412718214469735,22.257082313333754,0.4273646485417184,0.1817169189453125,0.4967954158782959
M18,merge_quad_comp,2022101101,7,0,100,30.0,DPS,,13.816086292266846,100,0.12557360306383297,27.026282904298213,0.7698869923719489,0.4405152201652527,0.8698212504386902,0.3621247898939839,21.837944302911374,0.40873079800111994,0.2821807861328125,0.4942000210285187
M18,merge_quad_comp,2022101101,8,0,100,30.0,DPS,,14.044023990631104,100,0.11993363121417562,27.433964594874062,0.7789285410788603,0.4393810033798218,0.8195468783378601,0.34959975784072367,22.19992795573432,0.4192404588674423,0.271240234375,0.48924729228019714
M18,merge_quad_comp,2022101101,9,0,100,30.0,DPS,,14.031450271606445,100,0.11547650000093025,27.107799361730756,0.7425040897982543,0.41718387603759766,0.8109993934631348,0.3380855396768908,21.831154345675433,0.40568679461130464,0.25335693359375,0.4729900360107422
M18,merge_quad_comp,2022101102,4,0,100,30.0,DPS,,14.274040937423706,100,0.13257034034902712,26.917801473179352,0.7958525411673325,0.43744850158691406,0.8170042037963867,0.3618599849245862,22.36256196114668,0.41750973213421233,0.2946929931640625,0.4893348813056946
M18,merge_quad_comp,2022101102,5,0,100,30.0,DPS,,14.007990598678589,100,0.11040571201227335,28.061330479861333,0.8287868030023897,0.4145599901676178,0.8212750554084778,0.34355215460472033,22.444323437949873,0.42143716773268175,0.290985107421875,0.46107712388038635
M18,merge_quad_comp,2022101102,6,0,100,30.0,DPS,,14.432096481323242,100,0.11719332258903854,28.3557997757653,0.8297700797684305,0.4136911928653717,0.830556333065033,0.3252451444823579,23.477348843449377,0.4624168790960674,0.31671142578125,0.46020862460136414
M18,merge_quad_comp,2022101103,8,0,100,30.0,DPS,,14.148791313171387,100,0.12501904859504534,26.97960632196725,0.7861752517759356,0.44451284408569336,0.9136776328086853,0.3519154073605193,22.598818369714913,0.431278329682897,0.2850341796875,0.4922727048397064
M18,merge_quad_comp,2022101103,9,0,100,30.0,DPS,,14.691486358642578,100,0.12445907051068504,26.583510243054246,0.7717416498746419,0.4280199706554413,0.852081298828125,0.3489563346193597,22.144894645585985,0.4130980617269566,0.276763916015625,0.4776350259780884
M18,merge_quad_comp,2022101103,10,0,100,30.0,DPS,,14.026976346969604,100,0.13946490958132418,26.392456876161173,0.7358555490606681,0.4212026596069336,0.8690823912620544,0.3422446710352302,22.70324184499465,0.417341088432778,0.271453857421875,0.47464892268180847
M18,merge_quad_comp,2022101201,8,0,100,30.0,DPS,,14.793521642684937,100,0.11434168507748989,27.992967083594785,0.8008993524052541,0.40354183316230774,0.856946587562561,0.3213824917349121,23.676283598876097,0.4306306616921386,0.2722625732421875,0.4464602768421173
M18,merge_quad_comp,2022101201,9,0,100,30.0,DPS,,14.031174659729004,100,0.1176870058317635,26.889879833170134,0.7895557081978152,0.40811049938201904,0.8322773575782776,0.33534945302620345,22.496938756298896,0.40145406071313494,0.266693115234375,0.4551283121109009
M18,merge_quad_comp,2022101201,10,0,100,30.0,DPS,,14.791243553161621,100,0.12814634487688556,25.98693131886252,0.770997129697057,0.39122024178504944,0.8712115287780762,0.32972267990559817,22.805773911762714,0.4037298798940966,0.2415313720703125,0.4473312199115753
M18,merge_quad_comp,2022101301,11,0,100,30.0,DPS,,14.030097484588623,100,0.11718924538818286,26.686410195439272,0.7408747207090662,0.4068453311920166,0.839546263217926,0.32239326323789597,22.393884966695804,0.4153049617940568,0.2442474365234375,0.4520748555660248
M18,merge_quad_comp,2022101301,12,0,100,30.0,DPS,,14.818258047103882,100,0.12194550863596432,26.011114101475123,0.7265196414803916,0.39775967597961426,0.859042763710022,0.32576608545356595,22.19843228432559,0.40534790224310757,0.200042724609375,0.44763538241386414
M18,merge_quad_comp,2022101301,13,0,100,30.0,DPS,,14.095977067947388,100,0.12091720050985287,25.834352163284837,0.6720990585506472,0.3984062671661377,0.8190274238586426,0.3265869970102834,22.142489043632608,0.39650156036143785,0.173065185546875,0.44950807094573975
M18,merge_quad_comp,2022101303,8,0,100,30.0,DPS,,14.840038299560547,100,0.10574058531379547,27.277678173129665,0.9029649701827307,0.38352856040000916,0.7771298289299011,0.29982639624440005,24.30696315542022,0.4546292260798411,0.0517425537109375,0.4255266487598419
M18,merge_quad_comp,2022101303,9,0,100,30.0,DPS,,14.244230270385742,100,0.11143148577600892,27.50959192655682,0.8562750186791344,0.3794390559196472,0.7962883710861206,0.3064242663261551,23.861495577616854,0.43637112340646644,0.0641937255859375,0.42591166496276855
M18,merge_quad_comp,2022101303,10,0,100,30.0,DPS,,14.812307834625244,100,0.10722798189320192,26.995378132147536,0.8612957657683704,0.38283589482307434,0.8025541305541992,0.30362364017360316,24.050210769105675,0.45387533577187256,0.109771728515625,0.4297977387905121
M18,merge_quad_comp,2022112704,8,0,100,30.0,DPS,,14.031826734542847,100,0.11778214456916249,28.727748359596124,0.8181570098558736,0.3989570736885071,0.8127087354660034,0.30474940722408095,24.834339589365438,0.48019153599455816,0.2573699951171875,0.44525647163391113
M18,merge_quad_comp,2022112704,9,0,100,30.0,DPS,,14.850676774978638,100,0.11658217591002308,28.823193859703302,0.7835132696621364,0.40777388215065,0.8392311334609985,0.3157205050500986,24.342204711111677,0.4513600383491179,0.27520751953125,0.4535112977027893
M18,merge_quad_comp,2022112704,10,0,100,30.0,DPS,,14.066760063171387,100,0.12167886615152465,27.826286973853765,0.7625703390315499,0.40721145272254944,0.8544832468032837,0.31878773684990175,23.806484682464188,0.4431891909065721,0.2538604736328125,0.4535900056362152
M18,merge_quad_comp,2022120401,8,0,100,30.0,DPS,,14.808695793151855,100,0.11822871824259829,28.17205729468716,0.8008134909420113,0.41390135884284973,0.8359600901603699,0.3292672954751447,23.440231501400092,0.45014501660865325,0.3004150390625,0.4645701050758362
M18,merge_quad_comp,2022120401,9,0,100,30.0,DPS,,14.383407592773438,100,0.12361749327125275,27.338242174087352,0.7651874786868316,0.4149985611438751,0.8205478191375732,0.3341927960598238,22.905008678276634,0.42883558539130456,0.29266357421875,0.4710324704647064
M18,merge_quad_comp,2022120401,10,0,100,30.0,DPS,,14.889971017837524,100,0.12456930139107882,27.527404783071354,0.7565452005553238,0.40503737330436707,0.848114550113678,0.3243331001501668,23.53907225637831,0.43406535852271033,0.282684326171875,0.4586809277534485
M18,merge_quad_comp,2022120402,12,0,100,30.0,DPS,,14.10227918624878,100,0.12371186616713428,27.95746567066953,0.7678316047928125,0.4264959990978241,0.8185527324676514,0.33192480049845124,24.08940392100245,0.4642469379051573,0.16168212890625,0.4730055034160614
M18,merge_quad_comp,2022120402,13,0,100,30.0,DPS,,14.74019718170166,100,0.11986923831344816,26.85041799625884,0.7286578749350726,0.43631723523139954,0.7922487854957581,0.3502562047255056,22.42087349294579,0.41161325641658686,0.079345703125,0.47994354367256165
M18,merge_quad_comp,2022120404,8,0,100,30.0,DPS,,14.03621244430542,100,0.1170705599657294,28.123491755080114,0.766847588784644,0.39179906249046326,0.8565938472747803,0.3167349619627443,23.853879306753328,0.4397254797434086,0.2799530029296875,0.4471217095851898
M18,merge_quad_comp,2022120404,9,0,100,30.0,DPS,,14.777827739715576,100,0.11122517588270185,28.32434713777826,0.7689315260439926,0.4029063284397125,0.865583598613739,0.3127436938071884,23.789207296671883,0.4460289801052545,0.26031494140625,0.44578391313552856
M18,merge_quad_comp,2022120404,10,0,100,30.0,DPS,,14.065383911132812,100,0.12705862402360973,27.44883018753349,0.7402349877283574,0.4057355225086212,0.8603164553642273,0.3243884373387668,23.622409102060512,0.4324422986166508,0.2296905517578125,0.4599454998970032
M18,merge_quad_comp,2022120406,8,0,100,30.0,DPS,,14.762510061264038,100,0.1274824221495626,26.58722122426452,0.753400898530408,0.4029093384742737,0.7937189340591431,0.32477031768720854,22.96705506080752,0.4343393145881257,0.2564849853515625,0.45434314012527466
M18,merge_quad_comp,2022120406,9,0,100,30.0,DPS,,14.084174394607544,100,0.13189674584218644,26.212551225026633,0.7452130181523635,0.4021715223789215,0.8048099875450134,0.31898794319369583,22.948644564340267,0.4455579822398905,0.235595703125,0.4520289897918701
M18,merge_quad_comp,2022120406,10,0,100,30.0,DPS,,14.748383283615112,100,0.13350975024935155,25.36668224805037,0.7288375877858698,0.4120487570762634,0.7837486267089844,0.32968027823106805,23.572850040860462,0.4421866758732152,0.2180023193359375,0.46229809522628784
M18,merge_quad_comp,2022120407,8,0,100,30.0,DPS,,14.027602910995483,100,0.12379408640898021,28.663393386190865,0.7842512854046848,0.40840640664100647,0.7657976150512695,0.3305755019020559,24.44656334651675,0.4365692698797752,0.25726318359375,0.4571354389190674
M18,merge_quad_comp,2022120407,9,0,100,30.0,DPS,,14.743382930755615,100,0.11844431876488618,27.095967831214807,0.7413432453567553,0.39197880029678345,0.7979640960693359,0.31962624196369926,22.81010966232858,0.4213752670845697,0.2559661865234375,0.4413551986217499
M18,merge_quad_comp,2022120407,10,0,100,30.0,DPS,,14.0251305103302,100,0.11909549309310041,26.840901321711325,0.7406752143095648,0.39219269156455994,0.8320375680923462,0.30638075203131543,23.037405777120263,0.4483460474298529,0.2457275390625,0.4370262026786804
M18,merge_quad_comp,2022120408,8,0,100,30.0,DPS,,14.758580446243286,100,0.1191659570050645,27.962465217171392,0.7879603994939876,0.39753487706184387,0.8387914896011353,0.3079754988255913,23.747055377973968,0.47681852981749023,0.27801513671875,0.45273104310035706
M18,merge_quad_comp,2022120408,9,0,100,30.0,DPS,,14.247031927108765,100,0.12350401122801168,26.31210714101772,0.7431471245871262,0.39969566464424133,0.8183671832084656,0.3116859800595895,22.384827753970672,0.4507895918397148,0.2511749267578125,0.45014840364456177
M18,merge_quad_comp,2022120408,10,0,100,30.0,DPS,,14.77748990058899,100,0.12306388549574865,26.427359228770307,0.7574091163470145,0.3883533179759979,0.806702733039856,0.2915313839121645,23.193695203087067,0.4872727221750625,0.2187957763671875,0.43269631266593933
M18,merge_quad_comp,2022120409,8,0,100,30.0,DPS,,14.087392330169678,100,0.11505067866687148,28.296084927313622,0.7803680106852775,0.40037205815315247,0.8428012132644653,0.31731018366253444,23.59743920249379,0.44233020744786766,0.297821044921875,0.4484472870826721
M18,merge_quad_comp,2022120409,9,0,100,30.0,DPS,,14.748064517974854,100,0.12029109890949628,27.719861183894242,0.7406170253957709,0.4150626063346863,0.7990666627883911,0.3348712139504528,22.969004895593265,0.41107077699934913,0.292999267578125,0.4598003029823303
M18,merge_quad_comp,2022120409,10,0,100,30.0,DPS,,14.198871612548828,100,0.11949065250850892,27.85874713739249,0.7274736363376932,0.40150344371795654,0.82710200548172,0.3220087674655758,23.600422655035015,0.4200555350032414,0.26251220703125,0.44902077317237854
M18,merge_quad_comp,2022121701,8,0,100,30.0,DPS,,14.925420761108398,100,0.1299528886648959,25.274056694317274,0.7380933129599082,0.40427687764167786,0.8552860021591187,0.31388203015667626,22.545840599770326,0.4513040857331667,0.20849609375,0.45254796743392944
M18,merge_quad_comp,2022121701,9,0,100,30.0,DPS,,14.023932218551636,100,0.12532834930795944,25.831456317599987,0.7270818397074572,0.41919299960136414,0.882358193397522,0.33300973796546285,22.822542734090817,0.43174165653572993,0.22967529296875,0.4680231511592865
M18,merge_quad_comp,2022121701,10,0,100,30.0,DPS,,14.760412693023682,100,0.12035911387478071,26.235146130926374,0.7354405424092263,0.43409135937690735,0.820157527923584,0.3502941085362908,22.41149086849816,0.4215611295779274,0.171142578125,0.48122504353523254
M18,merge_quad_comp,2022121703,12,0,100,30.0,DPS,,14.099330186843872,100,0.11255802337798801,26.719695439503965,0.7411830828296868,0.41550371050834656,0.8297321796417236,0.31759180343858723,22.73833670960686,0.46575583564318823,0.1072235107421875,0.4647620916366577
M18,merge_quad_comp,2022121703,13,0,100,30.0,DPS,,14.76468801498413,100,0.12178034190282445,26.044870453182106,0.7040866899839382,0.4422067701816559,0.8331655263900757,0.353962145665754,21.70050897727279,0.42139463080129536,0.1071014404296875,0.4937557280063629
M18,merge_quad_comp,2022121703,14,0,100,30.0,DPS,,14.02231764793396,100,0.12943571019864747,25.29084009535837,0.6886396966505529,0.46290308237075806,0.9085513353347778,0.3772339510552934,21.30600532470804,0.40264077607239096,0.09246826171875,0.5190324783325195
M18,merge_quad_comp,2022121705,12,0,100,30.0,DPS,,14.831822395324707,100,0.1311312917203637,25.170554478688135,0.7325897798580614,0.42315924167633057,0.7856754064559937,0.3324426397440973,22.449390179465325,0.4513358821113416,0.1417083740234375,0.4774883985519409
M18,merge_quad_comp,2022121705,13,0,100,30.0,DPS,,14.076383113861084,100,0.11778826343648278,26.34387391116239,0.763701409021688,0.450777530670166,0.8340066075325012,0.34822098615203334,22.872154012963986,0.4501783614286695,0.114227294921875,0.4958324134349823
M18,merge_quad_comp,2022121705,14,0,100,30.0,DPS,,14.77108383178711,100,0.13018078467762617,25.135131318904378,0.7504030116208636,0.462335467338562,0.8482538461685181,0.37203218645667185,21.852914662038806,0.42525314287776733,0.103790283203125,0.5122522115707397
M18,merge_quad_comp,2022121706,5,0,100,30.0,DPS,,14.016278266906738,100,0.11030290426174377,29.413374023287243,0.8271521553821568,0.41588878631591797,0.8430296778678894,0.32342113644062315,24.01951739623195,0.462832824680092,0.3161468505859375,0.4607082009315491
M18,merge_quad_comp,2022121706,6,0,100,30.0,DPS,,14.736608982086182,100,0.11959065025306814,28.519928367018682,0.7960898311014827,0.4073835611343384,0.846203625202179,0.31793070720763067,24.143096416420455,0.4689376744233917,0.291900634765625,0.4599420130252838
M18,merge_quad_comp,2022121706,9,0,100,30.0,DPS,,14.021536350250244,100,0.127088038661226,28.005749167826455,0.7307833996344683,0.41325509548187256,0.8656836152076721,0.32988386801202524,23.756542861963602,0.43389293889799435,0.29656982421875,0.4689169228076935
M18,merge_quad_comp,2022121707,8,0,100,30.0,DPS,,14.736023426055908,100,0.10879796589323318,28.579740291673268,0.8068324785706086,0.44093209505081177,0.9053906202316284,0.36944861342718516,22.70752726795443,0.390057954146967,0.2487945556640625,0.4947637915611267
M18,merge_quad_comp,2022121707,9,0,100,30.0,DPS,,14.021039724349976,100,0.12223549600157685,27.181002300814203,0.7681157160225999,0.4425051510334015,0.8886938691139221,0.3777948991558682,21.97740450689468,0.3716996274851062,0.2617034912109375,0.4982351064682007
M18,merge_quad_comp,2022121707,10,0,100,30.0,DPS,,14.738876104354858,100,0.1165856841829789,27.08483548612965,0.7540864931214316,0.4287683963775635,0.8771482706069946,0.36522572397425634,22.201393264221867,0.3645955676197802,0.22991943359375,0.4811874330043793
M18,merge_quad_comp,2022121708,7,0,100,30.0,DPS,,14.015617609024048,100,0.11969943140627576,26.990819993810888,0.7865613450894648,0.40586820244789124,0.8238718509674072,0.32270665024481454,23.37990463308005,0.449257721497335,0.1458282470703125,0.4652681052684784
M18,merge_quad_comp,2022121708,8,0,100,30.0,DPS,,14.767465114593506,100,0.13174198444343294,27.108784688241027,0.7731471232281258,0.42222121357917786,0.8448393940925598,0.32983622764591286,23.67676760605734,0.4638411826872757,0.172454833984375,0.47130486369132996
M18,merge_quad_comp,2022121708,10,0,100,30.0,DPS,,14.015904903411865,100,0.14419746662593358,25.43838027493681,0.7114572215624538,0.44241973757743835,0.9518625140190125,0.36411479153679394,22.015501151674517,0.41696606073346887,0.1817169189453125,0.4985765218734741
M2,single_r4,2022101101,7,0,100,30.0,DPS,,14.384090185165405,100,0.15740767846991108,25.063731740499648,0.6603509335675193,0.2845606505870819,0.8651810884475708,0.3657709041348421,21.750926311060446,0.3899282801650876,0.2821807861328125,0.4970925748348236
M2,single_r4,2022101101,8,0,100,30.0,DPS,,14.448877096176147,100,0.18232392724240126,23.795910915154188,0.6070896784899338,0.2700592279434204,0.8826736807823181,0.36135094490594566,21.912766524410557,0.3827060007294084,0.271240234375,0.5018483996391296
M2,single_r4,2022101101,9,0,100,30.0,DPS,,14.035242319107056,100,0.15475810182977665,24.56460372190739,0.6329707431053535,0.2547900676727295,0.8726111650466919,0.3440230296598398,21.67993593955189,0.3882025686902125,0.25335693359375,0.4781089425086975
M2,single_r4,2022101102,4,0,100,30.0,DPS,,14.226887941360474,100,0.1668367041307504,24.920896863317665,0.7096781324656818,0.27868762612342834,0.8634865283966064,0.36230912603982907,22.35178770800589,0.4166878112071368,0.2946929931640625,0.49527955055236816
M2,single_r4,2022101102,5,0,100,30.0,DPS,,14.542832851409912,100,0.14389706516807438,25.760122608718046,0.7383459005354699,0.2459167093038559,0.8329026699066162,0.3499074329406933,22.28511360723148,0.4005409637456429,0.290985107421875,0.469571977853775
M2,single_r4,2022101102,6,0,100,30.0,DPS,,14.568388223648071,100,0.14614690497187793,26.43806467085426,0.756616422927668,0.2557069957256317,0.8347251415252686,0.3300889189587366,23.34894637189951,0.4485879684065273,0.31671142578125,0.46062710881233215
M2,single_r4,2022101103,8,0,100,30.0,DPS,,14.054012775421143,100,0.17323629286371917,24.14635248209727,0.6562120183419521,0.2754310369491577,0.878345787525177,0.3559985612618604,22.49861913919265,0.41659253500420046,0.2850341796875,0.5008575320243835
M2,single_r4,2022101103,9,0,100,30.0,DPS,,14.78200387954712,100,0.17267899549990043,23.73925103533498,0.6161473661973595,0.25433507561683655,0.8791032433509827,0.35692904779214246,21.948678507953588,0.38161290425788497,0.276763916015625,0.48776572942733765
M2,single_r4,2022101103,10,0,100,30.0,DPS,,14.039391040802002,100,0.15809801074522692,25.303227758312488,0.6490979498483972,0.25764867663383484,0.8836057782173157,0.3412024425372143,22.72973310832426,0.4108308842344205,0.271453857421875,0.47780802845954895
M2,single_r4,2022101201,8,0,100,30.0,DPS,,14.837199687957764,100,0.1710396360079694,24.495123575146774,0.6852793012543014,0.23778143525123596,0.8700547814369202,0.3433484299537163,23.10202655439418,0.3925131699694509,0.2722625732421875,0.45803436636924744
M2,single_r4,2022101201,9,0,100,30.0,DPS,,14.18480920791626,100,0.1573488794366998,24.367177019911807,0.68353401093199,0.2499934583902359,0.8895776867866516,0.3445260483029085,22.262449545921687,0.3813554069151265,0.266693115234375,0.46131354570388794
M2,single_r4,2022101201,10,0,100,30.0,DPS,,14.829402923583984,100,0.17735098819857067,23.16438353082186,0.6273413710008104,0.22582578659057617,0.9021778106689453,0.34149783625609237,22.500991205895104,0.38250190573253645,0.2415313720703125,0.4592774212360382
M2,single_r4,2022101301,11,0,100,30.0,DPS,,14.040790796279907,100,0.17650509710480317,23.129020321333936,0.582282795242666,0.2499515861272812,0.8659265637397766,0.343091772915888,21.853398047544946,0.3760784926785124,0.2442474365234375,0.4624142348766327
M2,single_r4,2022101301,12,0,100,30.0,DPS,,14.812475442886353,100,0.17320141047314525,22.963401803312074,0.5807763831446353,0.24420665204524994,0.8828757405281067,0.3362386603849127,21.92359673409557,0.39110208201725527,0.200042724609375,0.46040216088294983
M2,single_r4,2022101301,13,0,100,30.0,DPS,,14.161706924438477,100,0.1661498295347354,23.074115838115627,0.5640062012094563,0.23404110968112946,0.8655576109886169,0.34245782006923564,21.730325075125407,0.3751433243608377,0.173065185546875,0.4599761664867401
M2,single_r4,2022101303,8,0,100,30.0,DPS,,15.015462160110474,100,0.1595933854649732,23.702214623429533,0.8116309193889862,0.22801844775676727,0.835884153842926,0.32429522400734373,23.625549396682782,0.42458761597003025,0.0517425537109375,0.43764767050743103
M2,single_r4,2022101303,9,0,100,30.0,DPS,,14.05696702003479,100,0.1388202252882795,25.60069545386636,0.8183669399484316,0.23660099506378174,0.8184060454368591,0.31671673779055626,23.574538366409207,0.42672127721681286,0.0641937255859375,0.42708897590637207
M2,single_r4,2022101303,10,0,100,30.0,DPS,,14.793542861938477,100,0.16465936720927435,23.269811937395524,0.7522356067616472,0.23390311002731323,0.8219566941261292,0.31985674321949364,23.59781220541152,0.43731941284394027,0.109771728515625,0.4390145242214203
M2,single_r4,2022112704,8,0,100,30.0,DPS,,14.054417371749878,100,0.15739270278945658,26.209645647592463,0.740095837872888,0.24919284880161285,0.8446441888809204,0.3155244801892829,24.53253578142342,0.4703620674345643,0.2573699951171875,0.4499429762363434
M2,single_r4,2022112704,9,0,100,30.0,DPS,,14.77181887626648,100,0.1573097452624608,26.220724440054767,0.6867653845535118,0.24161970615386963,0.8563767075538635,0.32931481166440807,23.976035198202553,0.42938762352035753,0.27520751953125,0.45930060744285583
M2,single_r4,2022112704,10,0,100,30.0,DPS,,14.035389423370361,100,0.16674027089757504,25.089780001893693,0.6488096132832206,0.2538532018661499,0.8702222108840942,0.3296386152351887,23.51575519267426,0.4214792344183859,0.2538604736328125,0.4590625762939453
M2,single_r4,2022120401,8,0,100,30.0,DPS,,14.752187728881836,100,0.16196579591599208,25.43805072980434,0.6933811671257301,0.2551749348640442,0.8690956830978394,0.3372110534024459,23.2331673936533,0.4361389874808458,0.3004150390625,0.4661737084388733
M2,single_r4,2022120401,9,0,100,30.0,DPS,,14.174360752105713,100,0.17713842322559906,24.21358533671612,0.6327405836617858,0.2611064612865448,0.8881468176841736,0.352953157767307,22.430608921256677,0.39238931643082237,0.29266357421875,0.47736793756484985
M2,single_r4,2022120401,10,0,100,30.0,DPS,,14.757980108261108,100,0.18318894654696286,24.177640056182238,0.5977844559675474,0.24954871833324432,0.9058430194854736,0.3387052755836176,23.162458499468443,0.40686741307215063,0.282684326171875,0.4687691926956177
M2,single_r4,2022120402,12,0,100,30.0,DPS,,14.11406421661377,100,0.1718472755821714,25.10283980749927,0.6253850843726835,0.2662307024002075,0.858053982257843,0.34503066879713606,23.753043979085962,0.4374550244734813,0.16168212890625,0.4814716875553131
M2,single_r4,2022120402,13,0,100,30.0,DPS,,14.747759342193604,100,0.17009289693079613,23.81084935255312,0.5849296005567004,0.26661717891693115,0.8889445066452026,0.35790604266230336,22.233209626254556,0.40652783001699344,0.079345703125,0.4956652820110321
M2,single_r4,2022120404,8,0,100,30.0,DPS,,14.139494180679321,100,0.16388842805844409,25.201479874083855,0.6531305582968067,0.2438923418521881,0.8917832970619202,0.3294461488711582,23.51211069362376,0.4200226252381744,0.2799530029296875,0.4574134945869446
M2,single_r4,2022120404,9,0,100,30.0,DPS,,14.766933679580688,100,0.15575149768813054,25.399764531848568,0.640135217672652,0.24339546263217926,0.8939647078514099,0.3287619655156148,23.355347158085998,0.4037478323610868,0.26031494140625,0.45595258474349976
M2,single_r4,2022120404,10,0,100,30.0,DPS,,14.039788007736206,100,0.17853467812381138,24.494461446479487,0.5899112227262592,0.25405311584472656,0.9010865688323975,0.33582227540289256,23.321526415969718,0.4153264807158437,0.2296905517578125,0.4730599820613861
M2,single_r4,2022120406,8,0,100,30.0,DPS,,14.820626735687256,100,0.19098648687895245,23.076174550260596,0.5772071066187662,0.2522822916507721,0.8933723568916321,0.3457812963245653,22.422551700941614,0.39019448108311344,0.2564849853515625,0.47359204292297363
M2,single_r4,2022120406,9,0,100,30.0,DPS,,14.133034944534302,100,0.1864573062011867,23.205644729021696,0.6036393830740806,0.24090281128883362,0.8982787728309631,0.32933945034793904,22.671254803623945,0.43629637384561143,0.235595703125,0.46578124165534973
M2,single_r4,2022120406,10,0,100,30.0,DPS,,14.871849536895752,100,0.17885176417896864,22.82707735082981,0.617876038159888,0.25025033950805664,0.8997880220413208,0.33480300147688274,23.438922546638928,0.440574615754397,0.2180023193359375,0.471172034740448
M2,single_r4,2022120407,8,0,100,30.0,DPS,,14.251908779144287,100,0.1703268743839923,25.891727830773466,0.6705408766316788,0.24519887566566467,0.8397136330604553,0.3402114792753651,24.196997400013693,0.4236621129787895,0.25726318359375,0.4655416011810303
M2,single_r4,2022120407,9,0,100,30.0,DPS,,14.743026733398438,100,0.16770544450003844,24.075309278629305,0.5940359221961494,0.24723702669143677,0.8409600853919983,0.32933493690988175,22.550202143387335,0.3992442462672734,0.2559661865234375,0.45443469285964966
M2,single_r4,2022120407,10,0,100,30.0,DPS,,14.022704601287842,100,0.16197847182486355,24.16966191266639,0.6299591118298656,0.23560447990894318,0.860167920589447,0.3200926784556828,22.65712052280231,0.41928038897979947,0.2457275390625,0.44129112362861633
M2,single_r4,2022120408,8,0,100,30.0,DPS,,14.802695274353027,100,0.16429330469903214,25.17311201166627,0.6761516981865684,0.25300541520118713,0.8392235040664673,0.32177207225496945,23.36641177568625,0.45020592829159284,0.27801513671875,0.4585091471672058
M2,single_r4,2022120408,9,0,100,30.0,DPS,,14.084255456924438,100,0.18015957209632413,23.032581569117895,0.5815881844021454,0.23384450376033783,0.8571369647979736,0.3355269626446989,21.74462460005848,0.39375071106374393,0.2511749267578125,0.4640056788921356
M2,single_r4,2022120408,10,0,100,30.0,DPS,,14.821630239486694,100,0.16351421814314734,23.958861245933477,0.6323199877864575,0.2396225482225418,0.8409595489501953,0.30223478400750475,22.88051257692797,0.46223742031611686,0.2187957763671875,0.4403254985809326
M2,single_r4,2022120409,8,0,100,30.0,DPS,,14.04348874092102,100,0.15610980689425527,25.645264894117183,0.6685262964752892,0.238805890083313,0.8397375345230103,0.3281078486424212,23.306787026741127,0.4219740793521481,0.297821044921875,0.454427570104599
M2,single_r4,2022120409,9,0,100,30.0,DPS,,14.807962894439697,100,0.1613436168230947,25.169495266181563,0.6271429261224594,0.2569230794906616,0.8471692800521851,0.34265431254327167,22.769437184190238,0.39384873265694353,0.292999267578125,0.46479618549346924
M2,single_r4,2022120409,10,0,100,30.0,DPS,,14.05153751373291,100,0.1604450275074049,25.298900550792,0.612909751154906,0.24636317789554596,0.8543421626091003,0.3324202779528946,23.324026420546407,0.40017871343840555,0.26251220703125,0.45604386925697327
M2,single_r4,2022121701,8,0,100,30.0,DPS,,14.780028104782104,100,0.1749658809528457,22.69070809237325,0.6119077116470446,0.24338214099407196,0.8711146116256714,0.3300443888898312,22.109722584610196,0.4189480809226001,0.20849609375,0.45929059386253357
M2,single_r4,2022121701,9,0,100,30.0,DPS,,14.055845737457275,100,0.1636926124639665,23.51186111222356,0.6112191452125486,0.2570088803768158,0.889360249042511,0.34513435036540374,22.511917689292655,0.4013242324681028,0.22967529296875,0.47253310680389404
M2,single_r4,2022121701,10,0,100,30.0,DPS,,14.835607767105103,100,0.16259415968541713,23.62262692679238,0.626601184552265,0.2702735364437103,0.8868094682693481,0.35183186702876384,22.37344407240492,0.4222839929700607,0.171142578125,0.48878929018974304
M2,single_r4,2022121703,12,0,100,30.0,DPS,,14.026484489440918,100,0.18933119169495186,22.20278122810874,0.5461603702980591,0.24288059771060944,0.908523678779602,0.34820460505959755,21.939032209384024,0.4159899403026244,0.1072235107421875,0.48920971155166626
M2,single_r4,2022121703,13,0,100,30.0,DPS,,14.819299697875977,100,0.1906280922318926,22.152676202325114,0.5128632218247023,0.27362123131752014,0.9024121165275574,0.3752955004849464,21.192178207102998,0.3791168279152646,0.1071014404296875,0.5123803019523621
M2,single_r4,2022121703,14,0,100,30.0,DPS,,14.018033027648926,100,0.16554228133765014,23.153743596550864,0.5985459287828012,0.2964862585067749,0.905031144618988,0.3843886609931733,21.14280941092494,0.38627718932580185,0.09246826171875,0.5303691029548645
M2,single_r4,2022121705,12,0,100,30.0,DPS,,14.846938848495483,100,0.18126585958689628,22.358360967309547,0.5955157022880686,0.2606600522994995,0.8947445154190063,0.350069128954991,22.00064834341617,0.4091238633055567,0.1417083740234375,0.4927326738834381
M2,single_r4,2022121705,13,0,100,30.0,DPS,,14.089669466018677,100,0.15826577132093572,23.778174317533267,0.6339452449292249,0.27620115876197815,0.9031182527542114,0.3479632597475689,22.87858502090891,0.4432507249913732,0.114227294921875,0.5049013495445251
M2,single_r4,2022121705,14,0,100,30.0,DPS,,14.791766881942749,100,0.16182184963321106,23.24532580071811,0.6552463549014858,0.29076680541038513,0.8931245803833008,0.36416086125784597,22.038659603928785,0.4430764648706155,0.103790283203125,0.5233566164970398
M2,single_r4,2022121706,5,0,100,30.0,DPS,,14.041162252426147,100,0.13363305056139457,27.74683532248734,0.76113273997169,0.26265034079551697,0.8520290851593018,0.32426897398896815,23.99677742394083,0.4607221895475355,0.3161468505859375,0.4625580310821533
M2,single_r4,2022121706,6,0,100,30.0,DPS,,14.788963794708252,100,0.14818401762578398,26.657845605353717,0.7137972383447873,0.25325512886047363,0.8585762977600098,0.32165334355825514,24.041984534081735,0.4592321660209575,0.291900634765625,0.463168740272522
M2,single_r4,2022121706,9,0,100,30.0,DPS,,14.07439923286438,100,0.18350563210445606,24.814854753460004,0.5704686119617245,0.2425081729888916,0.8995199203491211,0.34794324004303323,23.293596359787095,0.3907946509173821,0.29656982421875,0.48149287700653076
M2,single_r4,2022121707,8,0,100,30.0,DPS,,14.758670806884766,100,0.15283236688797514,25.62784902732922,0.6923556071569761,0.27319836616516113,0.8816937804222107,0.3767190878020875,22.538255570543356,0.3738212583175232,0.2487945556640625,0.4978923201560974
M2,single_r4,2022121707,9,0,100,30.0,DPS,,14.035214900970459,100,0.16470448815233105,24.590840408542736,0.6285956064181281,0.2705402672290802,0.895645797252655,0.3887932183375439,21.72815268607812,0.3338923614691014,0.2617034912109375,0.5035314559936523
M2,single_r4,2022121707,10,0,100,30.0,DPS,,14.760926246643066,100,0.17197443518168587,23.708462164966413,0.6014763919090645,0.2585146129131317,0.9042075276374817,0.3808140821853781,21.838360439909174,0.3284668578197386,0.22991943359375,0.48633480072021484
M2,single_r4,2022121708,7,0,100,30.0,DPS,,14.172149419784546,100,0.17277196199071404,23.803196440378876,0.6724106557275765,0.24286995828151703,0.8517444133758545,0.34153899783478125,22.887256944240587,0.42750864860938204,0.1458282470703125,0.4638454020023346
M2,single_r4,2022121708,8,0,100,30.0,DPS,,14.925194025039673,100,0.16003905415022662,25.418749188155886,0.6801637272861865,0.2558269202709198,0.86995530128479,0.32659364172013,23.76258019287882,0.471107732283403,0.172454833984375,0.47438859939575195
M2,single_r4,2022121708,10,0,100,30.0,DPS,,14.05769419670105,100,0.1929096284793008,22.91045479078461,0.5528728866184482,0.2687245309352875,0.9113746285438538,0.3766037956958546,21.72257372986705,0.38237241295887897,0.1817169189453125,0.5145361423492432
M9,joint_quad,2022101101,7,0,100,30.0,DPS,,13.903165817260742,100,0.14050791351220035,26.050234321311464,0.7118624981586782,0.3008027672767639,0.8589871525764465,0.36520626534175427,21.76434503717764,0.392628999354751,0.2821807861328125,0.5002623796463013
M9,joint_quad,2022101101,8,0,100,30.0,DPS,,14.018275499343872,100,0.15367516305178142,25.28071060223496,0.6982055937793965,0.2828037738800049,0.86435866355896,0.35904224190428663,21.968439477736126,0.3910218179003255,0.271240234375,0.4987841546535492
M9,joint_quad,2022101101,9,0,100,30.0,DPS,,14.242157936096191,100,0.12995812113224794,26.081603129386366,0.7031181459961783,0.26895612478256226,0.8563631772994995,0.34241687982115765,21.720582951788998,0.3897496094488467,0.25335693359375,0.47689634561538696
M9,joint_quad,2022101102,4,0,100,30.0,DPS,,14.465170860290527,100,0.14866238402618834,25.922707036375925,0.7458629863696844,0.29436933994293213,0.8594219088554382,0.3630234939869627,22.334678528066362,0.41197240862304263,0.2946929931640625,0.4994337260723114
M9,joint_quad,2022101102,5,0,100,30.0,DPS,,14.490857362747192,100,0.12681520815594716,26.857734559563312,0.7881299123182564,0.263528436422348,0.8178414702415466,0.34996216473208547,22.28375508472307,0.4039256925623046,0.290985107421875,0.4674950838088989
M9,joint_quad,2022101102,6,0,100,30.0,DPS,,14.902466058731079,100,0.1209061256738297,28.084891024676008,0.8156707139200825,0.2744832932949066,0.8300306797027588,0.3251040464543025,23.481117778465048,0.4598261973744848,0.31671142578125,0.4649055302143097
M9,joint_quad,2022101103,8,0,100,30.0,DPS,,14.19823145866394,100,0.15197034966642267,25.283952858603065,0.7061158496000082,0.2890263497829437,0.8677008152008057,0.3559575855918094,22.49961894837999,0.41445439114894916,0.2850341796875,0.5019227266311646
M9,joint_quad,2022101103,9,0,100,30.0,DPS,,14.968392610549927,100,0.15057227542447466,24.92914103919918,0.6911923162798412,0.26500216126441956,0.8618304133415222,0.35349988795655596,22.032530765958747,0.39265833991045856,0.276763916015625,0.4840298891067505
M9,joint_quad,2022101103,10,0,100,30.0,DPS,,14.236895084381104,100,0.13687952175038512,26.554986285489402,0.7052417576066236,0.2672603726387024,0.8727346062660217,0.34041928380048275,22.74969266385728,0.40977182210011703,0.271453857421875,0.4782131016254425
M9,joint_quad,2022101201,8,0,100,30.0,DPS,,15.015117406845093,100,0.1481083355298991,25.745468822261863,0.7432424683870862,0.25126418471336365,0.8526580333709717,0.3400690763736681,23.185385033325797,0.3912058350080677,0.2722625732421875,0.45537057518959045
M9,joint_quad,2022101201,9,0,100,30.0,DPS,,14.351628303527832,100,0.13855770896087422,25.471836234117106,0.7353294809314025,0.2594356834888458,0.8780986070632935,0.34124260252791666,22.34562589274878,0.3850945602375495,0.266693115234375,0.46060797572135925
M9,joint_quad,2022101201,10,0,100,30.0,DPS,,15.01099443435669,100,0.1532106774030808,24.435275129603852,0.6959220302259509,0.2392851561307907,0.8825322985649109,0.336772025922269,22.622030142005478,0.3868105712591204,0.2415313720703125,0.45577093958854675
M9,joint_quad,2022101301,11,0,100,30.0,DPS,,14.205854177474976,100,0.14731530473431237,24.699207980600967,0.6454478250017749,0.26497799158096313,0.8515776991844177,0.33047839755140207,22.178742607352916,0.39137147807783357,0.2442474365234375,0.46280038356781006
M9,joint_quad,2022101301,12,0,100,30.0,DPS,,14.988603115081787,100,0.146387062297925,24.424376382502373,0.6416385805154899,0.2614688277244568,0.8651173710823059,0.3297325321461925,22.09331371412466,0.3934829015086736,0.200042724609375,0.4590136408805847
M9,joint_quad,2022101301,13,0,100,30.0,DPS,,14.176404476165771,100,0.14114181486794966,24.49099988898382,0.6161866885344316,0.25058823823928833,0.8452030420303345,0.3364377949676215,21.88437127329392,0.3751722276809241,0.173065185546875,0.4568898379802704
M9,joint_quad,2022101303,8,0,100,30.0,DPS,,14.970516681671143,100,0.13709605859882726,25.022012987246963,0.8462815991954075,0.23881162703037262,0.8251935839653015,0.32010064321212983,23.738629515014026,0.4187205905379102,0.0517425537109375,0.438086599111557
M9,joint_quad,2022101303,9,0,100,30.0,DPS,,14.201764822006226,100,0.11649481196563322,27.123618656955266,0.8556499022154905,0.24688677489757538,0.8106684684753418,0.3162800884314715,23.586521645275713,0.4135379433909499,0.0641937255859375,0.42749226093292236
M9,joint_quad,2022101303,10,0,100,30.0,DPS,,15.037206411361694,100,0.15049678844104616,24.050996132700217,0.7771103136849359,0.2478162795305252,0.8156335949897766,0.3169884787139809,23.676052872205467,0.43229149160029,0.109771728515625,0.441742867231369
M9,joint_quad,2022112704,8,0,100,30.0,DPS,,14.184060096740723,100,0.1336870764430637,27.627548993688006,0.8001450086594117,0.2587767243385315,0.8301392197608948,0.3144065168046482,24.56336619561086,0.4619954149230348,0.2573699951171875,0.4477168023586273
M9,joint_quad,2022112704,9,0,100,30.0,DPS,,14.955323219299316,100,0.13557012290816414,27.51255720017373,0.7455211884702458,0.25327178835868835,0.8439429998397827,0.3257888060564858,24.069537326716095,0.43212823735399397,0.27520751953125,0.4590614438056946
M9,joint_quad,2022112704,10,0,100,30.0,DPS,,14.195319175720215,100,0.13861332359636308,26.694490518211676,0.7248547911379516,0.2678515315055847,0.8544084429740906,0.3221510775060494,23.715325048342123,0.4354229917073448,0.2538604736328125,0.4589116871356964
M9,joint_quad,2022120401,8,0,100,30.0,DPS,,15.002318382263184,100,0.13574089654726418,26.972302654011592,0.7560931522923543,0.27115771174430847,0.8619809150695801,0.3342425310295044,23.30996920485442,0.43534919603994787,0.3004150390625,0.470225065946579
M9,joint_quad,2022120401,9,0,100,30.0,DPS,,14.42801022529602,100,0.1587892881285027,25.163416793173564,0.6707536336976004,0.27250900864601135,0.8822035193443298,0.3466532263379747,22.587045424760085,0.39792591223832463,0.29266357421875,0.4812576472759247
M9,joint_quad,2022120401,10,0,100,30.0,DPS,,14.91644287109375,100,0.14518840954910373,26.19698640322671,0.6970478821615247,0.25751399993896484,0.8845745325088501,0.32866752023606904,23.42376196028966,0.42222339319703295,0.282684326171875,0.466627299785614
M9,joint_quad,2022120402,12,0,100,30.0,DPS,,14.238286018371582,100,0.155995871111771,25.943430761843253,0.7049824385504919,0.2841324210166931,0.8424378633499146,0.3485416185427422,23.66510510649484,0.4257738915073235,0.16168212890625,0.48127481341362
M9,joint_quad,2022120402,13,0,100,30.0,DPS,,14.908563137054443,100,0.13730890894113,25.670598585155883,0.6792649433481899,0.2824845612049103,0.860729992389679,0.3605537041595162,22.169191009283253,0.3899418752826864,0.079345703125,0.4887334108352661
M9,joint_quad,2022120404,8,0,100,30.0,DPS,,14.368297815322876,100,0.14125438774474458,26.49240672682412,0.7055241721763374,0.2579270899295807,0.8774911165237427,0.3250990359473556,23.627485763668634,0.4211694612749716,0.2799530029296875,0.45674559473991394
M9,joint_quad,2022120404,9,0,100,30.0,DPS,,14.931838274002075,100,0.13474283080868651,26.65829581748674,0.7040673655661182,0.2562240958213806,0.8758867979049683,0.3249510871456822,23.456618637326127,0.4090046647192486,0.26031494140625,0.4534521996974945
M9,joint_quad,2022120404,10,0,100,30.0,DPS,,14.227752685546875,100,0.15057848830871304,25.973654487593816,0.6558690100023434,0.2668924331665039,0.8800461292266846,0.3319922955003414,23.421156310061896,0.41136736599479873,0.2296905517578125,0.4703306257724762
M9,joint_quad,2022120406,8,0,100,30.0,DPS,,14.962300300598145,100,0.16222637833194398,24.493797897368008,0.6571146720729565,0.2628215551376343,0.8681899309158325,0.3398404730008411,22.573079672849317,0.39852030276894107,0.2564849853515625,0.4670579433441162
M9,joint_quad,2022120406,9,0,100,30.0,DPS,,14.232197999954224,100,0.1549980198661438,24.810709840282076,0.6871390498161685,0.2562749981880188,0.8690063953399658,0.32643196612996905,22.74827631412912,0.43195450425799786,0.235595703125,0.4596554934978485
M9,joint_quad,2022120406,10,0,100,30.0,DPS,,15.010705471038818,100,0.1549334568384244,24.074037700641625,0.6674830665314091,0.26815879344940186,0.8822304010391235,0.32985574177615506,23.56822843725473,0.4422669678985741,0.2180023193359375,0.47083234786987305
M9,joint_quad,2022120407,8,0,100,30.0,DPS,,14.376696348190308,100,0.14998609154004222,26.996371607066564,0.7188849550502365,0.259514719247818,0.8267418742179871,0.3370523092710583,24.278030526224697,0.42409120881172235,0.25726318359375,0.46505919098854065
M9,joint_quad,2022120407,9,0,100,30.0,DPS,,14.93111252784729,100,0.1521084673557651,24.92318471162055,0.6612548443519902,0.25822633504867554,0.8254374265670776,0.3291989813082799,22.553788580882195,0.39894396649867914,0.2559661865234375,0.45180457830429077
M9,joint_quad,2022120407,10,0,100,30.0,DPS,,14.195276260375977,100,0.14166257634200854,25.33370514285993,0.6710365672863526,0.25284600257873535,0.8459789752960205,0.32120283647605363,22.627047898080708,0.4054242676502264,0.2457275390625,0.4415884017944336
M9,joint_quad,2022120408,8,0,100,30.0,DPS,,15.02789306640625,100,0.14227895017249234,26.422696278821714,0.7348406047805259,0.2644319534301758,0.8280268907546997,0.3157195665723091,23.531348765871112,0.4595407700915624,0.27801513671875,0.45999690890312195
M9,joint_quad,2022120408,9,0,100,30.0,DPS,,14.220966815948486,100,0.16048325797479293,24.03713375460095,0.6264428885637471,0.24665461480617523,0.8436245918273926,0.32973056683263496,21.895988925007657,0.39899670450160885,0.2511749267578125,0.46359217166900635
M9,joint_quad,2022120408,10,0,100,30.0,DPS,,14.98347282409668,100,0.14760119947956096,24.84817395189563,0.6876897403686913,0.2540680766105652,0.8273501992225647,0.3056681575964554,22.782397502501603,0.449452531188399,0.2187957763671875,0.4404940605163574
M9,joint_quad,2022120409,8,0,100,30.0,DPS,,14.220195770263672,100,0.1365234886764982,26.809721072985454,0.7235621779895701,0.2550780177116394,0.8264161348342896,0.3264783277810926,23.35003226506649,0.42084806704743816,0.297821044921875,0.4542992413043976
M9,joint_quad,2022120409,9,0,100,30.0,DPS,,14.961462020874023,100,0.13580549054660457,26.666184459119123,0.6948343591726752,0.2711251378059387,0.8318027257919312,0.3378988800447417,22.89082617948314,0.40201086674514713,0.292999267578125,0.464321106672287
M9,joint_quad,2022120409,10,0,100,30.0,DPS,,14.423885583877563,100,0.1444718543908017,26.209760846029894,0.6554663330461427,0.258241206407547,0.8428173661231995,0.3310925558480477,23.358788259287135,0.3971005412521492,0.26251220703125,0.4564889371395111
M9,joint_quad,2022121701,8,0,100,30.0,DPS,,15.100737810134888,100,0.15869870295046135,23.53830790264164,0.6522617502381431,0.2592211365699768,0.858051061630249,0.32950275667681383,22.12398861158309,0.41120144524325714,0.20849609375,0.45986002683639526
M9,joint_quad,2022121701,9,0,100,30.0,DPS,,14.181883335113525,100,0.14540214918147285,24.541026193331533,0.6526751942350609,0.2720259726047516,0.8782649040222168,0.3423027432780381,22.583473809809664,0.4028093208730227,0.22967529296875,0.47459983825683594
M9,joint_quad,2022121701,10,0,100,30.0,DPS,,15.059082269668579,100,0.144349725236429,24.65640653288526,0.6862466079840354,0.2885061800479889,0.8746858239173889,0.3522091029152447,22.364136007303756,0.4243080592285469,0.171142578125,0.4902711808681488
M9,joint_quad,2022121703,12,0,100,30.0,DPS,,14.36057424545288,100,0.15867952189051263,23.736806932143818,0.6231973155337,0.26281407475471497,0.874660313129425,0.3429053715683435,22.072236651296173,0.4124099671216551,0.1072235107421875,0.48076900839805603
M9,joint_quad,2022121703,13,0,100,30.0,DPS,,14.95677638053894,100,0.15517838144256646,23.9397898788847,0.6320972878034269,0.29729965329170227,0.8697224259376526,0.36644109102100414,21.399562008303512,0.3915019962786443,0.1071014404296875,0.506223738193512
M9,joint_quad,2022121703,14,0,100,30.0,DPS,,14.20364260673523,100,0.15401266970938435,23.78079333207586,0.6250304480724121,0.31666308641433716,0.8900371789932251,0.38763129950711056,21.069844028322976,0.37682436331664015,0.09246826171875,0.5305361747741699
M9,joint_quad,2022121705,12,0,100,30.0,DPS,,14.981602668762207,100,0.1517165653403269,23.904021218476124,0.6783787832200782,0.27502065896987915,0.865535318851471,0.34704258187993875,22.076069308639884,0.4108582628756524,0.1417083740234375,0.48567482829093933
M9,joint_quad,2022121705,13,0,100,30.0,DPS,,14.27148962020874,100,0.1371331953105021,25.023062380315345,0.6922061482569641,0.29602041840553284,0.882626473903656,0.3564857807499214,22.668408600718628,0.42651558209053353,0.114227294921875,0.5018599629402161
M9,joint_quad,2022121705,14,0,100,30.0,DPS,,14.943631887435913,100,0.15244850625381579,23.76360555131948,0.6886710171674254,0.3123284578323364,0.8801800608634949,0.3782306939838819,21.709389562419116,0.41240545350863533,0.103790283203125,0.5246789455413818
M9,joint_quad,2022121706,5,0,100,30.0,DPS,,14.192840814590454,100,0.11775709044961881,28.84537164254082,0.8069745398740306,0.2745688855648041,0.8429132103919983,0.3240756546559196,24.001957232232098,0.46020138267099414,0.3161468505859375,0.4644927382469177
M9,joint_quad,2022121706,6,0,100,30.0,DPS,,14.967821598052979,100,0.1301199242940622,27.786996874269132,0.7712537896168298,0.2658337950706482,0.8449884057044983,0.3225307098968367,24.01832448891197,0.45800979609737047,0.291900634765625,0.46226024627685547
M9,joint_quad,2022121706,9,0,100,30.0,DPS,,14.23540210723877,100,0.16382757786199134,25.800102506281412,0.6278839030094443,0.25581881403923035,0.8857805132865906,0.3435407256405934,23.404199852655317,0.3952873544128757,0.29656982421875,0.48112308979034424
M9,joint_quad,2022121707,8,0,100,30.0,DPS,,14.916589736938477,100,0.12718632596961787,27.223347366600265,0.7602253028152873,0.2842805087566376,0.8725808262825012,0.37534906240276933,22.5699013797161,0.37497702908696506,0.2487945556640625,0.49995124340057373
M9,joint_quad,2022121707,9,0,100,30.0,DPS,,14.303088665008545,100,0.13729344347147884,26.17195312837346,0.7153865116740775,0.28249025344848633,0.8827611207962036,0.3826376582237704,21.86677210676936,0.35158575897107197,0.2617034912109375,0.5025107860565186
M9,joint_quad,2022121707,10,0,100,30.0,DPS,,14.948741912841797,100,0.15559817033340145,24.577650283259995,0.6535449609524019,0.27290862798690796,0.8985805511474609,0.3774668958111538,21.9150430446982,0.3339355661637187,0.22991943359375,0.4902290403842926
M9,joint_quad,2022121708,7,0,100,30.0,DPS,,14.208394765853882,100,0.13416513928158472,25.99986802560801,0.7459365396072607,0.2591020166873932,0.8417652249336243,0.3265028661410476,23.27832297936411,0.4386952602422997,0.1458282470703125,0.4670310318470001
M9,joint_quad,2022121708,8,0,100,30.0,DPS,,14.929776191711426,100,0.14600059761047246,26.21617603891567,0.7381349276515503,0.2762942612171173,0.854467511177063,0.33270702530763757,23.601495274457463,0.4551839588333819,0.172454833984375,0.4752333462238312
M9,joint_quad,2022121708,10,0,100,30.0,DPS,,14.19729232788086,100,0.1752292282539534,23.745401918628417,0.5999047864843631,0.2846219539642334,0.8922876119613647,0.36894472875802403,21.90104139066714,0.39226746296400394,0.1817169189453125,0.5122993588447571
MF,single_full,2022101101,7,0,0,,,,0.011860132217407227,0,0.13253139994325616,26.557874305962965,0.7575451714659202,0.4142168462276459,,0.31404539355531486,23.07526087720261,0.49024626289531426,0.2821807861328125,0.4142168462276459
MF,single_full,2022101101,8,0,0,,,,0.010509729385375977,0,0.12118344625318725,27.343918275163844,0.7727766114947088,0.4042387008666992,,0.3003240801601176,23.51954730687377,0.49991886549639786,0.271240234375,0.4042387008666992
MF,single_full,2022101101,9,0,0,,,,0.010179281234741211,0,0.11795122153327273,26.923622749411354,0.7804834871587745,0.3910731375217438,,0.2934966692716285,23.059622722078213,0.49680884599207936,0.25335693359375,0.3910731375217438
MF,single_full,2022101102,4,0,0,,,,0.008654117584228516,0,0.1555704404414681,25.528187272989324,0.7588664373034588,0.410618394613266,,0.3152763463470623,23.5595453970856,0.5035359583413216,0.2946929931640625,0.410618394613266
MF,single_full,2022101102,5,0,0,,,,0.009024620056152344,0,0.13414173004509453,26.369883273464964,0.7680986747751841,0.3939291536808014,,0.3177384149694807,23.122782474767977,0.46140579546951016,0.290985107421875,0.3939291536808014
MF,single_full,2022101102,6,0,0,,,,0.00963735580444336,0,0.14948013224572654,26.24218765312198,0.7689652859989804,0.38098281621932983,,0.30267503325919237,24.102033303114023,0.5021965209334593,0.31671142578125,0.38098281621932983
MF,single_full,2022101103,8,0,0,,,,0.009237289428710938,0,0.12002538958249814,27.33366762741361,0.7809550135856059,0.40422800183296204,,0.28487823015081,24.43439874434571,0.536309947416473,0.2850341796875,0.40422800183296204
MF,single_full,2022101103,9,0,0,,,,0.009200811386108398,0,0.11587626296443036,27.20415169476448,0.7785606273293633,0.4005773961544037,,0.3034924684399493,23.357358016324433,0.49252517485159303,0.276763916015625,0.4005773961544037
MF,single_full,2022101103,10,0,0,,,,0.009385108947753906,0,0.12158565410930465,27.584109157059338,0.793303960178083,0.39217817783355713,,0.2922946113958646,24.073559557700342,0.5195698575250205,0.271453857421875,0.39217817783355713
MF,single_full,2022101201,8,0,0,,,,0.009536027908325195,0,0.10938661873925176,28.377774887490446,0.8206969486496395,0.3708759546279907,,0.286286852562071,24.680699791914186,0.5067737962153122,0.2722625732421875,0.3708759546279907
MF,single_full,2022101201,9,0,0,,,,0.0093994140625,0,0.1147104745701808,27.11238857853886,0.8174510483199886,0.38238558173179626,,0.29922921270457115,23.486811004310283,0.47989548209105376,0.266693115234375,0.38238558173179626
MF,single_full,2022101201,10,0,0,,,,0.009716510772705078,0,0.11191844228496498,27.16302264718339,0.8477871576054832,0.36620795726776123,,0.2823241277016871,24.153790432821943,0.5129123913953175,0.2415313720703125,0.36620795726776123
MF,single_full,2022101301,11,0,0,,,,0.009148836135864258,0,0.12566995429691882,26.07953620731829,0.7764773420738865,0.37153196334838867,,0.2920338709598818,23.252939627232085,0.49152880565985824,0.2442474365234375,0.37153196334838867
MF,single_full,2022101301,12,0,0,,,,0.009514570236206055,0,0.12108795090451335,26.07241169187003,0.7897076711713683,0.36098340153694153,,0.2783762486826535,23.563906106189485,0.5175164845525072,0.200042724609375,0.36098340153694153
MF,single_full,2022101301,13,0,0,,,,0.009085655212402344,0,0.1144637510933261,26.310754357392355,0.7702665018725705,0.3617730140686035,,0.28395427855778693,23.357498493373704,0.5005135321672867,0.173065185546875,0.3617730140686035
MF,single_full,2022101303,8,0,0,,,,0.009130239486694336,0,0.11510438824218096,26.540674754349002,0.9110722349348356,0.35039758682250977,,0.2730373505421847,25.11991923037065,0.5194895578888914,0.0517425537109375,0.35039758682250977
MF,single_full,2022101303,9,0,0,,,,0.009135723114013672,0,0.11576983003942654,27.177842437183635,0.8947272319526401,0.35297203063964844,,0.28138731198867445,24.601868460253744,0.5032408468999261,0.0641937255859375,0.35297203063964844
MF,single_full,2022101303,10,0,0,,,,0.01123952865600586,0,0.09934736190807447,27.658413993908518,0.8980136396498757,0.3477396070957184,,0.26962838158469965,25.081610326048832,0.5321381699874158,0.109771728515625,0.3477396070957184
MF,single_full,2022112704,8,0,0,,,,0.008851766586303711,0,0.1179419915180977,28.715968376491364,0.8155380552522201,0.36181020736694336,,0.27125371924554537,25.845682947114188,0.5545196900410594,0.2573699951171875,0.36181020736694336
MF,single_full,2022112704,9,0,0,,,,0.009444236755371094,0,0.11754650415271775,28.751642642191165,0.8103557281361574,0.37534624338150024,,0.28521093486494087,25.22493704512247,0.5295876049941354,0.27520751953125,0.37534624338150024
MF,single_full,2022112704,10,0,0,,,,0.008898019790649414,0,0.12054523815244274,27.907588870790413,0.8127449986668795,0.37100735306739807,,0.2810470327945272,24.900936723736923,0.536182818598071,0.2538604736328125,0.37100735306739807
MF,single_full,2022120401,8,0,0,,,,0.009231328964233398,0,0.1386901682134808,26.785603422207114,0.7780962733859578,0.37753602862358093,,0.2927253784780094,24.461995907304484,0.5270313595722032,0.3004150390625,0.37753602862358093
MF,single_full,2022120401,9,0,0,,,,0.009755611419677734,0,0.13629976713299372,26.489938550653683,0.7780475746168828,0.38614940643310547,,0.3014554947867849,23.800486268600608,0.5092993554969141,0.29266357421875,0.38614940643310547
MF,single_full,2022120401,10,0,0,,,,0.009218692779541016,0,0.1318054600064748,27.036957336711154,0.8006747640094927,0.37185999751091003,,0.28552319069749543,24.64606995895382,0.5363838256367897,0.282684326171875,0.37185999751091003
MF,single_full,2022120402,12,0,0,,,,0.009653568267822266,0,0.11330936701744336,28.720376565524923,0.7870717348631064,0.37354233860969543,,0.2718584422275706,25.823341498451807,0.5795298182103374,0.16168212890625,0.37354233860969543
MF,single_full,2022120402,13,0,0,,,,0.009533405303955078,0,0.11788465879205182,26.995427094158757,0.7387735674176964,0.3790495991706848,,0.28158575078440096,24.31637675805192,0.5463755741136038,0.079345703125,0.3790495991706848
MF,single_full,2022120404,8,0,0,,,,0.00978398323059082,0,0.12356893841093249,27.65425935537623,0.7837460461610728,0.36319977045059204,,0.28132530410950835,24.88362345618322,0.5271398929858836,0.2799530029296875,0.36319977045059204
MF,single_full,2022120404,9,0,0,,,,0.009170293807983398,0,0.10465860974003986,28.852909933813002,0.7990208754131234,0.35785460472106934,,0.2677640687819715,25.137932549104114,0.547313903459502,0.26031494140625,0.35785460472106934
MF,single_full,2022120404,10,0,0,,,,0.009397745132446289,0,0.11488531146093552,28.323623024937213,0.8075118136093404,0.3639425039291382,,0.2646011434340898,25.391882082354304,0.5718087842062289,0.2296905517578125,0.3639425039291382
MF,single_full,2022120406,8,0,0,,,,0.009554147720336914,0,0.12100258257710549,27.040334560035227,0.8051144821535535,0.36970090866088867,,0.28089327512877027,24.227754825991752,0.5342544021204388,0.2564849853515625,0.36970090866088867
MF,single_full,2022120406,9,0,0,,,,0.00910806655883789,0,0.12237784197587834,26.86317702959839,0.8078772815256847,0.35731691122055054,,0.26188406410227366,24.661948490771152,0.5683810377307028,0.235595703125,0.35731691122055054
MF,single_full,2022120406,10,0,0,,,,0.009731531143188477,0,0.12471515947734327,25.958556989862466,0.8172869458230081,0.36072853207588196,,0.25875472568221636,25.67694359893246,0.599634809193626,0.2180023193359375,0.36072853207588196
MF,single_full,2022120407,8,0,0,,,,0.009512662887573242,0,0.12289242078313163,28.726889384273257,0.8190402201944703,0.3778873085975647,,0.2891627747395144,25.609128996494853,0.541880517840063,0.25726318359375,0.3778873085975647
MF,single_full,2022120407,9,0,0,,,,0.009091615676879883,0,0.11204787067010197,27.578180365270892,0.8103322685262601,0.3665896952152252,,0.2770278475925977,24.052489679202587,0.524992585061344,0.2559661865234375,0.3665896952152252
MF,single_full,2022120407,10,0,0,,,,0.009078741073608398,0,0.11031914974865187,27.505789739446747,0.7973437047920361,0.3569844663143158,,0.2665771843335247,24.246175803794934,0.5360787846960925,0.2457275390625,0.3569844663143158
MF,single_full,2022120408,8,0,0,,,,0.009122133255004883,0,0.11051664736597447,28.61695528547797,0.8244205961401371,0.369631826877594,,0.26386131172319643,25.089864382376483,0.5656755355699183,0.27801513671875,0.369631826877594
MF,single_full,2022120408,9,0,0,,,,0.009204864501953125,0,0.11305529430004652,27.07991030512455,0.7894963729044027,0.3671896755695343,,0.26760043894125096,23.7094366792075,0.5386047458295047,0.2511749267578125,0.3671896755695343
MF,single_full,2022120408,10,0,0,,,,0.009408235549926758,0,0.1046781600619819,27.83285007972488,0.8232069580939173,0.3380022943019867,,0.23660405304838142,25.00695789081516,0.5953586159724488,0.2187957763671875,0.3380022943019867
MF,single_full,2022120409,8,0,0,,,,0.009803056716918945,0,0.11112788151455287,28.597407919183006,0.7926778571168682,0.368333637714386,,0.27863560316281855,24.726387243676243,0.5210525985241455,0.297821044921875,0.368333637714386
MF,single_full,2022120409,9,0,0,,,,0.00958395004272461,0,0.11744694017445816,27.927696898002146,0.783340907807927,0.3813123404979706,,0.29064680820689665,24.199250065293704,0.5119707629259626,0.292999267578125,0.3813123404979706
MF,single_full,2022120409,10,0,0,,,,0.009243488311767578,0,0.11028466711349166,28.555123058790116,0.8085205647859277,0.3687935173511505,,0.2791266727455559,24.841749812075413,0.5291900496899412,0.26251220703125,0.3687935173511505
MF,single_full,2022121701,8,0,0,,,,0.008884429931640625,0,0.1172946180594954,26.164213739457534,0.8034082150168259,0.3579721748828888,,0.26825756800613054,23.910129998074527,0.5551523028179761,0.20849609375,0.3579721748828888
MF,single_full,2022121701,9,0,0,,,,0.009191751480102539,0,0.11893828064367004,26.286009588335098,0.7958583605822254,0.3783648610115051,,0.2875322211158851,24.097951019630134,0.534343431665736,0.22967529296875,0.3783648610115051
MF,single_full,2022121701,10,0,0,,,,0.009326934814453125,0,0.1117690969002816,26.878290927514918,0.8036028106420701,0.38467925786972046,,0.29039018576886033,24.040508840317166,0.5371503169085032,0.171142578125,0.38467925786972046
MF,single_full,2022121703,12,0,0,,,,0.009710073471069336,0,0.10787560949070767,27.088759347839122,0.7560613350266464,0.3617692291736603,,0.25533644726271393,24.633466191221302,0.5751113812100082,0.1072235107421875,0.3617692291736603
MF,single_full,2022121703,13,0,0,,,,0.009348869323730469,0,0.13888303127245716,24.903430495885075,0.6985336415462297,0.3921351134777069,,0.2906687107368757,23.41167967233261,0.5311590253066483,0.1071014404296875,0.3921351134777069
MF,single_full,2022121703,14,0,0,,,,0.009572505950927734,0,0.11790849902300807,26.10102009831482,0.7317343459703616,0.4111667573451996,,0.2980441436602363,23.352608917364336,0.5334556860246775,0.09246826171875,0.4111667573451996
MF,single_full,2022121705,12,0,0,,,,0.012083053588867188,0,0.11381426453287388,26.400747337880162,0.8178734727657102,0.3759097158908844,,0.2762324512195266,24.05823067715432,0.5560822189846991,0.1417083740234375,0.3759097158908844
MF,single_full,2022121705,13,0,0,,,,0.009268045425415039,0,0.11180731061964852,26.79651026672866,0.7977118518853873,0.38813531398773193,,0.2850669733360103,24.61031474109436,0.5605729488033884,0.114227294921875,0.38813531398773193
MF,single_full,2022121705,14,0,0,,,,0.009275436401367188,0,0.11969430357726188,25.86459937416324,0.7769488391466682,0.4021598696708679,,0.2954614159037597,23.854509459827238,0.5485162421674005,0.103790283203125,0.4021598696708679
MF,single_full,2022121706,5,0,0,,,,0.011487483978271484,0,0.11794108726180745,28.831810431804342,0.8004012939533715,0.3856916129589081,,0.28385034986482616,25.15309669524067,0.5408835052059124,0.3161468505859375,0.3856916129589081
MF,single_full,2022121706,6,0,0,,,,0.009397029876708984,0,0.1141794395673953,28.922114772736634,0.8058417724073055,0.37376898527145386,,0.26996599634687374,25.56356462026312,0.5631244203171643,0.291900634765625,0.37376898527145386
MF,single_full,2022121706,9,0,0,,,,0.011445045471191406,0,0.1313703040337638,27.717898614009414,0.7614365065696419,0.3826613128185272,,0.29022168823625727,24.86916714378622,0.529608681277435,0.29656982421875,0.3826613128185272
MF,single_full,2022121707,8,0,0,,,,0.009821176528930664,0,0.12796464072474634,27.170356173795604,0.7773056925615521,0.4250084161758423,,0.33687717890648455,23.509176256268592,0.4535888377771868,0.2487945556640625,0.4250084161758423
MF,single_full,2022121707,9,0,0,,,,0.009679555892944336,0,0.12879772063662542,26.72678553766739,0.774867095574906,0.42809975147247314,,0.34209450959142285,22.839604224219144,0.4433858301289436,0.2617034912109375,0.42809975147247314
MF,single_full,2022121707,10,0,0,,,,0.00944828987121582,0,0.12496541711617519,26.48194313746151,0.7980089832629395,0.41310232877731323,,0.3377045345168606,22.88188259401379,0.4322855619227174,0.22991943359375,0.41310232877731323
MF,single_full,2022121708,7,0,0,,,,0.009397745132446289,0,0.1294484119246036,26.310727205082173,0.8102342863939678,0.3697400689125061,,0.2947195714567565,24.167883398848346,0.5377982487818115,0.1458282470703125,0.3697400689125061
MF,single_full,2022121708,8,0,0,,,,0.009380340576171875,0,0.10732868954250863,28.888952172577028,0.833460409802318,0.3711480498313904,,0.2533099014588052,25.969691382228742,0.6126570110633257,0.172454833984375,0.3711480498313904
MF,single_full,2022121708,10,0,0,,,,0.009337425231933594,0,0.12161372219264487,26.91788126359232,0.8013995664887962,0.402531236410141,,0.2914337072672634,23.9494719687315,0.5488900750972967,0.1817169189453125,0.402531236410141
