method,condition,subject_id,slice_id,seed,num_steps,l_ss,likelihood_type,lambda,runtime_seconds,num_net_evals,nrmse,psnr,ssim,measured_kspace_err,heldout_kspace_err,nrmse_fullfov,psnr_fullfov,ssim_fullfov,brain_fraction,heldout_kspace_err_allcoef
M0,merge_fixed,2022101101,8,0,0,,,,0.014219284057617188,0,0.2096419691536456,22.583220389374404,0.5731052679137268,0.20496347546577454,0.9737260341644287,0.38373867420866875,21.39063974472334,0.37823188911162386,0.271240234375,0.5415068864822388
M0,merge_fixed,2022101101,9,0,0,,,,0.012036561965942383,0,0.21488617173265,21.713502326478324,0.48855832879077676,0.17071717977523804,0.9922823309898376,0.39064475338456406,20.576046442229977,0.32909633156279355,0.25335693359375,0.5337327718734741
M0,merge_fixed,2022101101,10,0,0,,,,0.01240849494934082,0,0.21200910810101678,21.582548044995235,0.5593618548971694,0.17340509593486786,0.9785813689231873,0.357330142951592,22.56231375210539,0.387296900514479,0.234466552734375,0.5017998814582825
M0,merge_fixed,2022101102,8,0,0,,,,0.011775016784667969,0,0.23109335887612403,21.700995326403852,0.5505178178054166,0.17724871635437012,0.9808632731437683,0.3622964985160291,22.533064345322092,0.4032244703486273,0.3021697998046875,0.5317638516426086
M0,merge_fixed,2022101102,9,0,0,,,,0.011813879013061523,0,0.2132917870609136,21.55962323201436,0.5789752529823446,0.18171919882297516,0.9736974239349365,0.3485543699310719,22.544299689944406,0.4093240324516412,0.29736328125,0.510213315486908
M0,merge_fixed,2022101102,10,0,0,,,,0.011161565780639648,0,0.2096926600374484,21.38093719700674,0.5190985978287366,0.1610988825559616,0.9858847856521606,0.3271175903732993,22.368704571748466,0.4079575331058144,0.2732391357421875,0.4846864342689514
M0,merge_fixed,2022101103,8,0,0,,,,0.011864423751831055,0,0.22168645965148784,22.00434697919471,0.5516586170473582,0.19844186305999756,0.9880186319351196,0.38885660442850967,21.73179447530601,0.3794918302900125,0.2850341796875,0.5566996932029724
M0,merge_fixed,2022101103,9,0,0,,,,0.009795188903808594,0,0.21919641339616755,21.66737229798151,0.5435203809402828,0.1899782419204712,0.9819703698158264,0.390797852323463,21.16127288786949,0.3493912038106283,0.276763916015625,0.5408312678337097
M0,merge_fixed,2022101103,10,0,0,,,,0.011946916580200195,0,0.20863119813993378,22.89417081461691,0.535345088579937,0.18917134404182434,0.9834411144256592,0.3755933115948385,21.895618730352705,0.37011560681157557,0.271453857421875,0.5314603447914124
M0,merge_fixed,2022101201,8,0,0,,,,0.010277748107910156,0,0.2581091042507795,20.92099264397167,0.5316398231845938,0.18426041305065155,0.9863530397415161,0.39129135461328063,21.96672308859469,0.328420947402821,0.2722625732421875,0.5162103176116943
M0,merge_fixed,2022101201,9,0,0,,,,0.010790348052978516,0,0.22455846081614664,21.27786126781038,0.5341811429116179,0.18259276449680328,0.975936770439148,0.38043218379093624,21.40134541469098,0.314706977566165,0.266693115234375,0.5031412243843079
M0,merge_fixed,2022101201,10,0,0,,,,0.010450363159179688,0,0.23210743724988764,20.827274618065005,0.5029280743944374,0.1784622222185135,0.9860232472419739,0.37116391913333424,21.77743525897935,0.3357537103646383,0.2415313720703125,0.49802538752555847
M0,merge_fixed,2022101204,8,0,0,,,,0.00995182991027832,0,0.26909677117777087,21.028354024005722,0.4876779226083679,0.17045986652374268,0.9879570007324219,0.41268801254753623,21.492283885714723,0.32599334068790187,0.2927398681640625,0.5413118600845337
M0,merge_fixed,2022101204,9,0,0,,,,0.008619308471679688,0,0.24142037698551894,22.046412202303443,0.5082102820973777,0.16838762164115906,0.9829141497612,0.3975512335326472,22.138179061671558,0.3272217434455324,0.271881103515625,0.5228225588798523
M0,merge_fixed,2022101204,10,0,0,,,,0.011195898056030273,0,0.23487475466635052,21.90838545305832,0.5186314316836409,0.16953201591968536,0.9860212206840515,0.3861576826956677,22.077020252930012,0.3492878084487116,0.2709503173828125,0.51451575756073
M0,merge_fixed,2022101301,8,0,0,,,,0.01032114028930664,0,0.23294443105337115,22.25710759975803,0.5461430010145669,0.19239288568496704,0.9820094704627991,0.3901958953766866,22.052579910499887,0.36927550138994436,0.269775390625,0.5420952439308167
M0,merge_fixed,2022101301,9,0,0,,,,0.009087324142456055,0,0.21891531389042693,21.974067507420557,0.5149019623661962,0.18574738502502441,0.9831077456474304,0.39022403665965427,21.141140125433957,0.32890143305062514,0.272857666015625,0.5336305499076843
M0,merge_fixed,2022101301,10,0,0,,,,0.010350465774536133,0,0.21522385631833285,22.737000262487882,0.5134816247042789,0.19018106162548065,0.9859545826911926,0.38730584355208,21.81437544372917,0.3382394616221271,0.2729644775390625,0.5290565490722656
M0,merge_fixed,2022101302,8,0,0,,,,0.009446382522583008,0,0.24911761483734574,20.582895251901444,0.4858194369800377,0.18422608077526093,0.9878925085067749,0.3856049157838411,21.288414274097775,0.3508641149069714,0.1457672119140625,0.5444371104240417
M0,merge_fixed,2022101302,9,0,0,,,,0.010278940200805664,0,0.2378175915356419,20.16716693167806,0.5114465947536194,0.19233807921409607,0.9814314842224121,0.38866553072600474,20.583496920668214,0.31291944195954663,0.2483062744140625,0.5229622721672058
M0,merge_fixed,2022101302,10,0,0,,,,0.009795427322387695,0,0.2263121847631614,21.768182833365778,0.5203963328503525,0.18729762732982635,0.9912044405937195,0.3675995103704327,21.81953962808697,0.37653325929177833,0.2863616943359375,0.5298577547073364
M0,merge_fixed,2022101303,8,0,0,,,,0.012845993041992188,0,0.28551299598767577,18.649994096828408,0.4970719437222235,0.1556723415851593,0.9859749674797058,0.39098774735014685,22.001096845383405,0.32368140783214705,0.0517425537109375,0.5119933485984802
M0,merge_fixed,2022101303,9,0,0,,,,0.01249074935913086,0,0.2396560562025096,20.85798208878362,0.5818670761873148,0.18499687314033508,0.969738245010376,0.38107382843130955,21.967776119155225,0.3368416067447638,0.0641937255859375,0.5018975734710693
M0,merge_fixed,2022101303,10,0,0,,,,0.012312889099121094,0,0.269016425969395,19.005964627761912,0.5082048713133793,0.17129845917224884,0.9845473766326904,0.3955247534981352,21.75344887138158,0.33670481879446157,0.109771728515625,0.5204353332519531
M0,merge_fixed,2022112702,8,0,0,,,,0.011045455932617188,0,0.21974061037562123,22.674386238752287,0.5388468129888779,0.1809634417295456,0.981340229511261,0.38135872727695513,22.390241801776835,0.35811896004260185,0.2598114013671875,0.5159500241279602
M0,merge_fixed,2022112702,9,0,0,,,,0.012044906616210938,0,0.20275820472026065,22.722283771322978,0.510683178079927,0.17995357513427734,0.9890251755714417,0.38818936589148173,21.637146022194315,0.3222621480209373,0.2509307861328125,0.5172919631004333
M0,merge_fixed,2022112702,10,0,0,,,,0.011778831481933594,0,0.2201558020260177,21.919335506139642,0.46643822283889114,0.15556469559669495,0.9901975989341736,0.38844937098868565,21.840010354044836,0.31914907839302675,0.22802734375,0.5148808360099792
M0,merge_fixed,2022112704,8,0,0,,,,0.01205587387084961,0,0.256428080523672,21.97002584626743,0.5420119230847367,0.17944090068340302,0.9843751192092896,0.39151249070825045,22.658284498698762,0.370269457789649,0.2573699951171875,0.5240264534950256
M0,merge_fixed,2022112704,9,0,0,,,,0.011253118515014648,0,0.23594807839388152,22.699507845801904,0.5249431605173699,0.18044395744800568,0.9841662645339966,0.3913247401080829,22.477514123308723,0.3428765378015187,0.27520751953125,0.5285177826881409
M0,merge_fixed,2022112704,10,0,0,,,,0.011690855026245117,0,0.23026816649965987,22.285912400326772,0.5102744817531123,0.18221695721149445,0.9852551221847534,0.379082022934965,22.301853423502955,0.3619651134469658,0.2538604736328125,0.5226855278015137
M0,merge_fixed,2022120401,8,0,0,,,,0.009249210357666016,0,0.24510566381551047,21.839450633163302,0.5402701098805556,0.1757327914237976,0.9895884394645691,0.3749019233858553,22.31285071193225,0.38947678957497966,0.3004150390625,0.5260152220726013
M0,merge_fixed,2022120401,9,0,0,,,,0.009992122650146484,0,0.22452882136281202,22.15439892076802,0.5345192811086823,0.18253162503242493,0.9889348745346069,0.3678167870797598,22.072319453686156,0.3703272472927412,0.29266357421875,0.5213297009468079
M0,merge_fixed,2022120401,10,0,0,,,,0.01288914680480957,0,0.2200238597486138,22.58623014072389,0.4972987198208724,0.1708800345659256,0.9888066649436951,0.36046491204792414,22.621638152297074,0.3663268614610482,0.282684326171875,0.5089831948280334
M0,merge_fixed,2022120402,8,0,0,,,,0.011523246765136719,0,0.20823386408041963,22.779005644361334,0.5387413910208882,0.1885244995355606,0.9811893105506897,0.3869822393184726,21.69029297756107,0.357454349934905,0.2657470703125,0.5400596857070923
M0,merge_fixed,2022120402,9,0,0,,,,0.00947880744934082,0,0.21148008524941747,21.524510645352336,0.4562419132249428,0.18198232352733612,0.9880931377410889,0.3869566775563099,20.71527946606894,0.330824578677305,0.2476654052734375,0.5340427160263062
M0,merge_fixed,2022120402,10,0,0,,,,0.010467529296875,0,0.19693162616670037,22.69572171886803,0.5030325823161724,0.16557380557060242,0.9858021140098572,0.37019387474036414,21.863721449052615,0.35960144997025506,0.2301025390625,0.5203182697296143
M0,merge_fixed,2022120403,8,0,0,,,,0.010121822357177734,0,0.22922932728328269,22.47945520287457,0.5182590192222822,0.16508767008781433,0.9922769665718079,0.3688599375719971,22.554139212118095,0.37512397293430433,0.29296875,0.5178987979888916
M0,merge_fixed,2022120403,9,0,0,,,,0.010440587997436523,0,0.21857321327381132,22.252774853557604,0.5072595495979219,0.1694260984659195,0.9901876449584961,0.3771106512497909,21.765241695490978,0.34760111165796637,0.2761688232421875,0.5253085494041443
M0,merge_fixed,2022120403,10,0,0,,,,0.009385347366333008,0,0.21325254596685578,22.127286739231387,0.49092706809605446,0.16603390872478485,0.9924336671829224,0.35554692156732537,21.942022656611762,0.3701034377565557,0.267791748046875,0.5026215314865112
M0,merge_fixed,2022120404,8,0,0,,,,0.010467529296875,0,0.21570672828933474,22.815172138518882,0.5527523639197761,0.17888252437114716,0.9864726066589355,0.36114119256351024,22.71425914676822,0.3739182079969894,0.2799530029296875,0.5016780495643616
M0,merge_fixed,2022120404,9,0,0,,,,0.009351968765258789,0,0.20281888511708945,23.10624118680401,0.5210819781514923,0.17074675858020782,0.9910237193107605,0.35760367818951133,22.624938826993723,0.3692776499514094,0.26031494140625,0.5020802021026611
M0,merge_fixed,2022120404,10,0,0,,,,0.010429143905639648,0,0.21012685634640063,23.079281683691022,0.5228732738364111,0.17263676226139069,0.9893720746040344,0.3579495391831459,22.76728006822006,0.39173965821418616,0.2296905517578125,0.5115010142326355
M0,merge_fixed,2022120406,8,0,0,,,,0.00937199592590332,0,0.22288456899982176,21.73462717376472,0.5156365145915316,0.1791694164276123,0.9805466532707214,0.3691183022786501,21.855269928134117,0.3642476684921718,0.2564849853515625,0.510014533996582
M0,merge_fixed,2022120406,9,0,0,,,,0.009879589080810547,0,0.23791359468638848,21.08884727612235,0.47450125703365037,0.17241160571575165,0.9902647137641907,0.3652191021844356,21.773059855948617,0.38294967258294876,0.235595703125,0.5200449228286743
M0,merge_fixed,2022120406,10,0,0,,,,0.012059211730957031,0,0.22808909636914892,20.71485083352473,0.5018693617020992,0.16800262033939362,0.9903082847595215,0.3636255801155806,22.721620708611226,0.40989573014684727,0.2180023193359375,0.5219110250473022
M0,merge_fixed,2022120407,8,0,0,,,,0.009597063064575195,0,0.23297227508653534,23.171306719645898,0.5648334453055948,0.18273873627185822,0.979683518409729,0.3829523400831185,23.169082279012404,0.39423420128315595,0.25726318359375,0.5301252007484436
M0,merge_fixed,2022120407,9,0,0,,,,0.011377096176147461,0,0.21974399383203524,21.72791214744846,0.5057980271132216,0.1777619868516922,0.9843136072158813,0.37527162468512737,21.41604358227244,0.35693311471983896,0.2559661865234375,0.51602703332901
M0,merge_fixed,2022120407,10,0,0,,,,0.012220621109008789,0,0.2229797227570513,21.39350034840011,0.5024720532827699,0.17102742195129395,0.991069495677948,0.36783780357033546,21.44950803200922,0.36718019248601036,0.2457275390625,0.5130825638771057
M0,merge_fixed,2022120408,8,0,0,,,,0.013316154479980469,0,0.22212340200744088,22.55362318108324,0.5638385899037072,0.18289394676685333,0.9751691818237305,0.37195012785468856,22.10768467071775,0.39503804102036955,0.27801513671875,0.5236458778381348
M0,merge_fixed,2022120408,9,0,0,,,,0.012705087661743164,0,0.22989551832104793,20.91511844652058,0.5123024664866604,0.18675485253334045,0.9806312322616577,0.37551373836089297,20.766656645146142,0.3654564443165699,0.2511749267578125,0.5254886746406555
M0,merge_fixed,2022120408,10,0,0,,,,0.008922338485717773,0,0.23144324889784193,20.941081527662398,0.49517571391748283,0.17321470379829407,0.9818740487098694,0.3602466973192721,21.355401509305864,0.39348709731155024,0.2187957763671875,0.5062053799629211
M0,merge_fixed,2022120409,8,0,0,,,,0.010151386260986328,0,0.22859258780867944,22.332625074235214,0.5431503664041367,0.17863726615905762,0.9828958511352539,0.3863050439799543,21.88851116918851,0.3553796282266725,0.297821044921875,0.5232360363006592
M0,merge_fixed,2022120409,9,0,0,,,,0.009001731872558594,0,0.20928214002505865,22.90988712415642,0.5285966527454827,0.17021721601486206,0.9846989512443542,0.3985843159355323,21.45615669858032,0.3249251892504066,0.292999267578125,0.5344647765159607
M0,merge_fixed,2022120409,10,0,0,,,,0.012010335922241211,0,0.2053891171571184,23.153877384952875,0.5221201422996207,0.17898714542388916,0.9839324355125427,0.37784397025451255,22.21152682000048,0.3518021178304272,0.26251220703125,0.5183410048484802
M0,merge_fixed,2022121701,8,0,0,,,,0.011846780776977539,0,0.23025153337898188,20.305725158471123,0.45944461241729195,0.1720046103000641,0.9856889247894287,0.36596879170549035,21.212288767814368,0.35914784377129855,0.20849609375,0.5103598833084106
M0,merge_fixed,2022121701,9,0,0,,,,0.011333703994750977,0,0.21216594276636305,21.258929919684153,0.5155397942448615,0.1862657368183136,0.9820164442062378,0.36447600243136735,22.03830284901065,0.39128882608479904,0.22967529296875,0.5216042995452881
M0,merge_fixed,2022121701,10,0,0,,,,0.010679960250854492,0,0.21664797184315213,21.12963344040925,0.5196209961437692,0.18769018352031708,0.9868255853652954,0.38220534713345033,21.654212587519126,0.37887822858166265,0.171142578125,0.5470020174980164
M0,merge_fixed,2022121702,8,0,0,,,,0.009029150009155273,0,0.22722897527093153,21.25953367240856,0.5049841635895371,0.1603870987892151,0.9780806303024292,0.33980949352296885,22.010490024019592,0.4081575158294801,0.24884033203125,0.485757052898407
M0,merge_fixed,2022121702,9,0,0,,,,0.009844303131103516,0,0.221237996812912,22.60326416200143,0.5106627734165521,0.16129843890666962,0.9844467639923096,0.35714326037676325,22.256412621682642,0.38974257240379195,0.27587890625,0.5125227570533752
M0,merge_fixed,2022121702,10,0,0,,,,0.009139537811279297,0,0.23301849100983407,20.508186483594862,0.46046895614650535,0.16881392896175385,0.9861759543418884,0.36255894078663237,21.131772407399225,0.38823046528228045,0.28070068359375,0.527633547782898
M0,merge_fixed,2022121703,8,0,0,,,,0.010408163070678711,0,0.223997807836748,21.669095490648203,0.5079379057116133,0.17987987399101257,0.97712242603302,0.37231188843770985,21.212353024019464,0.3713856916863548,0.277984619140625,0.528805136680603
M0,merge_fixed,2022121703,9,0,0,,,,0.011435747146606445,0,0.21090355727313245,21.993209803586385,0.5321712868948174,0.19233191013336182,0.9698400497436523,0.36081707004144015,21.4003944708049,0.38362102296866063,0.2646331787109375,0.5162060856819153
M0,merge_fixed,2022121703,10,0,0,,,,0.011840581893920898,0,0.24343808864898275,20.66163807675678,0.4615219299322931,0.1713329702615738,0.989985466003418,0.37170957926509796,21.28269196290665,0.3892786356543478,0.2433624267578125,0.5302039384841919
M0,merge_fixed,2022121705,8,0,0,,,,0.011822700500488281,0,0.2460414159902018,20.802290256287183,0.4975709023129715,0.1684570461511612,0.9847989678382874,0.37279675723761474,21.55842724473147,0.35645497959055694,0.270263671875,0.5057156085968018
M0,merge_fixed,2022121705,9,0,0,,,,0.011983394622802734,0,0.22963520626786899,22.1357973339793,0.5235082213078581,0.1685422956943512,0.9873581528663635,0.356854946216474,22.322438228402326,0.40263546272880363,0.3026275634765625,0.5166410803794861
M0,merge_fixed,2022121705,10,0,0,,,,0.01135563850402832,0,0.24055098766616304,22.679554655909904,0.5230288936982322,0.17649486660957336,0.9863899946212769,0.3688029598631286,22.891947232124288,0.41452932844585677,0.2462158203125,0.5364593267440796
M0,merge_fixed,2022121706,8,0,0,,,,0.008981943130493164,0,0.21110684781748398,23.343914422096056,0.5800145434933254,0.17671333253383636,0.9843248128890991,0.3493828248471235,23.03404319898132,0.4199217826849277,0.2996673583984375,0.5079917311668396
M0,merge_fixed,2022121706,9,0,0,,,,0.009744405746459961,0,0.20446389218713665,23.875509735368624,0.5397213275272816,0.1844341903924942,0.983013927936554,0.3650946057546623,22.875655595553354,0.38257593097843184,0.29656982421875,0.5132170915603638
M0,merge_fixed,2022121706,10,0,0,,,,0.018423795700073242,0,0.21715518516738166,21.887621720207072,0.49727474717861,0.17271094024181366,0.986028254032135,0.35886068944122695,21.802213525686405,0.3715830408996309,0.2802581787109375,0.5053645968437195
M0,merge_fixed,2022121707,7,0,0,,,,0.010370969772338867,0,0.24320918150404414,21.287618120717397,0.5080172714412751,0.20814311504364014,0.9886083006858826,0.41544995580943916,21.385848412415744,0.3253489738329274,0.2450408935546875,0.5658730864524841
M0,merge_fixed,2022121707,8,0,0,,,,0.011534690856933594,0,0.22202840809803084,22.383984801874632,0.5548491062576688,0.20546963810920715,0.9824427366256714,0.4120329841323964,21.75996831273817,0.314440054185225,0.2487945556640625,0.5505332946777344
M0,merge_fixed,2022121707,9,0,0,,,,0.010416746139526367,0,0.22376256584169982,21.92920073124576,0.4830997487929905,0.19405533373355865,0.9888654351234436,0.41686904421259297,21.122533688724346,0.287959342847539,0.2617034912109375,0.5530050992965698
M0,merge_fixed,2022121708,8,0,0,,,,0.011254310607910156,0,0.22393382386386232,22.50087488338206,0.574966748103832,0.18202541768550873,0.9824590086936951,0.34928540988798046,23.179125897759146,0.45278615666531824,0.172454833984375,0.525102436542511
M0,merge_fixed,2022121708,9,0,0,,,,0.011536121368408203,0,0.2111926592287397,21.738707371191666,0.48115341898784564,0.19466890394687653,0.9813613891601562,0.3651580766883528,21.033470590666656,0.3911165241097199,0.21185302734375,0.5459471940994263
M0,merge_fixed,2022121708,10,0,0,,,,0.008734464645385742,0,0.21239565343087974,22.074620569398462,0.5431661505540183,0.20334026217460632,0.9805449843406677,0.3669938123195874,21.947092932761674,0.41781117883495816,0.1817169189453125,0.5500431060791016
M13,joint_extra_comp,2022101101,8,0,100,30.0,DPS,,14.738900899887085,100,0.14741861078225596,25.641738711284905,0.7033926365035293,0.27337515354156494,0.8490082621574402,0.35455998230418306,22.077556819224668,0.40452054149542666,0.271240234375,0.4867374897003174
M13,joint_extra_comp,2022101101,9,0,100,30.0,DPS,,15.130570650100708,100,0.15159068333909137,24.7442214900412,0.6659518024380606,0.2612525522708893,0.8509799838066101,0.3474611462765816,21.593561397532447,0.38924896679451326,0.25335693359375,0.4722795784473419
M13,joint_extra_comp,2022101101,10,0,100,30.0,DPS,,14.11508584022522,100,0.14266897275666077,25.023047740139923,0.7287503981915577,0.24566462635993958,0.8644081354141235,0.31259184220704106,23.724154015575905,0.45080683026867946,0.234466552734375,0.4423328936100006
M13,joint_extra_comp,2022101102,8,0,100,30.0,DPS,,14.528489828109741,100,0.15722914959010947,25.046083316922235,0.7225320186382169,0.26251763105392456,0.8239949941635132,0.32369038278244255,23.511751155966007,0.4603426791766309,0.3021697998046875,0.4655715525150299
M13,joint_extra_comp,2022101102,9,0,100,30.0,DPS,,14.10123586654663,100,0.16412745661666217,23.835481100569652,0.6745113200788019,0.25017690658569336,0.8648402094841003,0.3261481445995539,23.12141208490576,0.4373776243966563,0.29736328125,0.4584653377532959
M13,joint_extra_comp,2022101102,10,0,100,30.0,DPS,,14.785339593887329,100,0.15692123052419457,23.89896767441625,0.6909223169642416,0.23249073326587677,0.8495306372642517,0.30149737820132694,23.07711174255692,0.46643167347824877,0.2732391357421875,0.43053534626960754
M13,joint_extra_comp,2022101103,8,0,100,30.0,DPS,,14.28428053855896,100,0.1379009721885702,26.127783775332937,0.7373701538305327,0.2906073033809662,0.87699955701828,0.3449980838618534,22.77125040580024,0.44154273218051815,0.2850341796875,0.4956260621547699
M13,joint_extra_comp,2022101103,9,0,100,30.0,DPS,,15.021308422088623,100,0.13338027945310665,25.982208712416366,0.7361551029506185,0.2672322690486908,0.8483555912971497,0.3439840747716427,22.269549519369782,0.42094141951186886,0.276763916015625,0.47736185789108276
M13,joint_extra_comp,2022101103,10,0,100,30.0,DPS,,14.101041793823242,100,0.13913940102906142,26.41275326851259,0.7106970693954755,0.26875507831573486,0.8738212585449219,0.3360189896217727,22.86269929698344,0.42597102427495653,0.271453857421875,0.47537004947662354
M13,joint_extra_comp,2022101201,8,0,100,30.0,DPS,,14.858271360397339,100,0.13092087796099153,26.8168809357115,0.7760106395143106,0.2515580356121063,0.8623175024986267,0.3292486857963804,23.466247135522764,0.417101837596548,0.2722625732421875,0.447889119386673
M13,joint_extra_comp,2022101201,9,0,100,30.0,DPS,,14.076642990112305,100,0.1423349782610034,25.238216937912593,0.7195159960957707,0.2583073377609253,0.8549392819404602,0.3444346826306637,22.26475289993695,0.3762340349895668,0.266693115234375,0.45641738176345825
M13,joint_extra_comp,2022101201,10,0,100,30.0,DPS,,14.854989767074585,100,0.15195477343520075,24.506768800266578,0.6940005090422262,0.24625329673290253,0.8662863373756409,0.3340418694629115,22.692732184198615,0.39652677551917215,0.2415313720703125,0.4497319161891937
M13,joint_extra_comp,2022101204,8,0,100,30.0,DPS,,14.104589700698853,100,0.15983905745940388,25.55286556142753,0.7280128755008309,0.2530547082424164,0.76214599609375,0.3247627840010633,23.573395851677702,0.4311906785464128,0.2927398681640625,0.4343791604042053
M13,joint_extra_comp,2022101204,9,0,100,30.0,DPS,,14.89301586151123,100,0.14856024215697194,26.26383870447122,0.7280679160225523,0.2448149025440216,0.8077731728553772,0.3223292210799346,23.960047594392048,0.42299702156790636,0.271881103515625,0.43268635869026184
M13,joint_extra_comp,2022101204,10,0,100,30.0,DPS,,14.12583613395691,100,0.14449382871919264,26.128126264095854,0.7351777260192621,0.24360209703445435,0.8328293561935425,0.3219617401740912,23.65622852493725,0.42084824457663333,0.2709503173828125,0.4295094609260559
M13,joint_extra_comp,2022101301,8,0,100,30.0,DPS,,14.874764680862427,100,0.1544041419630779,25.828975320287366,0.7303032814073809,0.26995164155960083,0.8282756209373474,0.3461173050091137,23.093767572142255,0.4334886674878451,0.269775390625,0.46822112798690796
M13,joint_extra_comp,2022101301,9,0,100,30.0,DPS,,14.128797054290771,100,0.15120811007905696,25.18808866300363,0.6839832130485182,0.2665823698043823,0.8420507311820984,0.3492499304380052,22.104693902778013,0.39374294890937034,0.272857666015625,0.4668303430080414
M13,joint_extra_comp,2022101301,10,0,100,30.0,DPS,,14.863253831863403,100,0.1545142385180031,25.615438317746868,0.6831563184492618,0.2529223561286926,0.8253684043884277,0.3456962229869576,22.801563743543397,0.39482171419044726,0.2729644775390625,0.4614882171154022
M13,joint_extra_comp,2022101302,8,0,100,30.0,DPS,,14.092087745666504,100,0.18548126976677434,23.14498278771657,0.7014472866302562,0.2717761695384979,0.8187257647514343,0.35254532447847925,22.06696632207661,0.4219304671477588,0.1457672119140625,0.4746173024177551
M13,joint_extra_comp,2022101302,9,0,100,30.0,DPS,,14.857917547225952,100,0.17171833992775679,22.99571283603789,0.6830612360267515,0.2597387731075287,0.8570520281791687,0.35496156049329336,21.371390949354414,0.38395675046756156,0.2483062744140625,0.46701309084892273
M13,joint_extra_comp,2022101302,10,0,100,30.0,DPS,,14.121867179870605,100,0.16931649121937842,24.288356379347707,0.6836603893786908,0.26988697052001953,0.8661881685256958,0.3425570260074169,22.43238052241803,0.43521306418030337,0.2863616943359375,0.47298118472099304
M13,joint_extra_comp,2022101303,8,0,100,30.0,DPS,,14.841693639755249,100,0.13669233764287966,25.0476283088761,0.8687969031960294,0.24037951231002808,0.8066427111625671,0.30580422691374143,24.135490120700887,0.4490906270874517,0.0517425537109375,0.4239742159843445
M13,joint_extra_comp,2022101303,9,0,100,30.0,DPS,,14.108754634857178,100,0.13217371062229952,26.026848604368766,0.8309093387251045,0.2427242547273636,0.8088223338127136,0.3123747079792269,23.694441318678233,0.4307611076502572,0.0641937255859375,0.4281545579433441
M13,joint_extra_comp,2022101303,10,0,100,30.0,DPS,,14.860121488571167,100,0.1319968222179476,25.190271082251165,0.8242000152779013,0.24574807286262512,0.7914866209030151,0.30943820928785676,23.885443459127217,0.45545690211288997,0.109771728515625,0.43291404843330383
M13,joint_extra_comp,2022112702,8,0,100,30.0,DPS,,14.112523555755615,100,0.14508143916592006,26.280355669152314,0.7210377219921653,0.2501365840435028,0.8238706588745117,0.33790208735638655,23.441098100574578,0.4041820286408095,0.2598114013671875,0.4451906085014343
M13,joint_extra_comp,2022112702,9,0,100,30.0,DPS,,14.856809139251709,100,0.1463601083052351,25.553398071535543,0.6642482206802396,0.2507927417755127,0.8574535846710205,0.34928199848755115,22.554494638625844,0.37108933343087,0.2509307861328125,0.45496946573257446
M13,joint_extra_comp,2022112702,10,0,100,30.0,DPS,,14.106266260147095,100,0.15117665830000707,25.18424339049096,0.6811400283028004,0.2488742172718048,0.8417943120002747,0.3338290492416984,23.156216293542894,0.4008307550562316,0.22802734375,0.44362571835517883
M13,joint_extra_comp,2022112704,8,0,100,30.0,DPS,,14.864174127578735,100,0.13607858178209525,27.473541988274203,0.7858345676068037,0.2540965974330902,0.8102103471755981,0.3128570287804811,24.606278613871417,0.4690955466010065,0.2573699951171875,0.44489505887031555
M13,joint_extra_comp,2022112704,9,0,100,30.0,DPS,,14.104421138763428,100,0.14149592203870046,27.140958269651932,0.735391465254618,0.2549360692501068,0.846222460269928,0.3305518996214579,23.943467086704125,0.4235852674548578,0.27520751953125,0.4570154845714569
M13,joint_extra_comp,2022112704,10,0,100,30.0,DPS,,14.866533994674683,100,0.14238637129416848,26.46122201483962,0.715295076339629,0.26027020812034607,0.8575777411460876,0.3212115936731039,23.74069297154614,0.4445383899986169,0.2538604736328125,0.4574294984340668
M13,joint_extra_comp,2022120401,8,0,100,30.0,DPS,,14.116834878921509,100,0.14754256706858623,26.248170862896863,0.7300160686366078,0.2617191672325134,0.8663532733917236,0.3316011457142276,23.378883634101047,0.4503272275867158,0.3004150390625,0.4678684175014496
M13,joint_extra_comp,2022120401,9,0,100,30.0,DPS,,14.901397466659546,100,0.14995119997312342,25.660841942174667,0.7043016020590565,0.2580678462982178,0.8518385887145996,0.3423657757395171,22.69514349590461,0.4107636187082654,0.29266357421875,0.4708336293697357
M13,joint_extra_comp,2022120401,10,0,100,30.0,DPS,,14.280213117599487,100,0.14982004357358777,25.924227339476822,0.6750800517412016,0.25864177942276,0.8851101398468018,0.32536580014711614,23.511460054199272,0.4304674589637847,0.282684326171875,0.4611756503582001
M13,joint_extra_comp,2022120402,8,0,100,30.0,DPS,,14.955392599105835,100,0.15173842701950171,25.528121253874634,0.6904498752610572,0.26680678129196167,0.8401781320571899,0.34934921924622114,22.578918105323957,0.40863712906827293,0.2657470703125,0.479862242937088
M13,joint_extra_comp,2022120402,9,0,100,30.0,DPS,,14.129754066467285,100,0.14600274365871665,24.74267984038778,0.661280089927537,0.26020553708076477,0.858974814414978,0.34674541468688663,21.668311841523185,0.3945179454154735,0.2476654052734375,0.46923524141311646
M13,joint_extra_comp,2022120402,10,0,100,30.0,DPS,,14.832872867584229,100,0.15168328318885635,24.963276652869784,0.6097485301366633,0.26291999220848083,0.8742486238479614,0.34611345409042765,22.447936391553576,0.38207160267301604,0.2301025390625,0.4671691060066223
M13,joint_extra_comp,2022120403,8,0,100,30.0,DPS,,14.10722303390503,100,0.15391167449796564,25.939427537454836,0.7045125688993867,0.2470495104789734,0.8559843897819519,0.3229296918944612,23.709209415935604,0.4384100567914194,0.29296875,0.4518873989582062
M13,joint_extra_comp,2022120403,9,0,100,30.0,DPS,,14.837704420089722,100,0.15231822236260495,25.389676339980976,0.6866504299581182,0.2569582760334015,0.8536003828048706,0.33545692037111935,22.78188256121348,0.41068469688918213,0.2761688232421875,0.457846075296402
M13,joint_extra_comp,2022120403,10,0,100,30.0,DPS,,14.084924459457397,100,0.16381801323888853,24.417938143865236,0.6554439326496329,0.24276506900787354,0.8534432649612427,0.32928539137943086,22.608511834795312,0.40319319102569456,0.267791748046875,0.44251549243927
M13,joint_extra_comp,2022120404,8,0,100,30.0,DPS,,14.849064350128174,100,0.14926955667411015,26.013021114079717,0.7028423099348792,0.24237391352653503,0.8798710107803345,0.3266927664955341,23.585009331562755,0.42556776128680596,0.2799530029296875,0.45292139053344727
M13,joint_extra_comp,2022120404,9,0,100,30.0,DPS,,14.085728406906128,100,0.1337874628115468,26.720100654431423,0.7232494317060658,0.24624276161193848,0.8696855306625366,0.31882332036407873,23.6219767620341,0.43735668531979643,0.26031494140625,0.450206458568573
M13,joint_extra_comp,2022120404,10,0,100,30.0,DPS,,14.83022141456604,100,0.1513054010477342,25.931824327281703,0.6610817139124795,0.26016807556152344,0.8678727149963379,0.32665039309942645,23.562052517924776,0.4342905527530045,0.2296905517578125,0.4612121284008026
M13,joint_extra_comp,2022120406,8,0,100,30.0,DPS,,14.086901903152466,100,0.1553390562766932,24.870613965113144,0.697372001472316,0.25577104091644287,0.8562348484992981,0.33351253211061793,22.736338368606745,0.42067099298601773,0.2564849853515625,0.45977210998535156
M13,joint_extra_comp,2022120406,9,0,100,30.0,DPS,,14.847010374069214,100,0.1518943286677691,24.98640127868711,0.6982742008491821,0.25267133116722107,0.8753343820571899,0.3196059623790296,22.93183209309682,0.45196716248407565,0.235595703125,0.45630407333374023
M13,joint_extra_comp,2022120406,10,0,100,30.0,DPS,,14.082130193710327,100,0.1573599599201632,23.939056600525113,0.6594108717230363,0.25971123576164246,0.8534508943557739,0.33213296386838514,23.50846963017866,0.43987589901717006,0.2180023193359375,0.46728160977363586
M13,joint_extra_comp,2022120407,8,0,100,30.0,DPS,,14.838051319122314,100,0.1530102749029766,26.82297962722966,0.7220701633129197,0.26414018869400024,0.7998405694961548,0.33653075517214887,24.29148163141409,0.43309874363162965,0.25726318359375,0.4626581072807312
M13,joint_extra_comp,2022120407,9,0,100,30.0,DPS,,14.076343536376953,100,0.1400562070491129,25.640205202583985,0.6867645665452433,0.25062569975852966,0.8331184387207031,0.31849084151497914,22.841019164866996,0.4314441935507657,0.2559661865234375,0.4462123513221741
M13,joint_extra_comp,2022120407,10,0,100,30.0,DPS,,14.852345943450928,100,0.1400821129158301,25.43115409591244,0.6843135349990246,0.24619917571544647,0.8239415287971497,0.313010642440072,22.851453167196777,0.43439964665741243,0.2457275390625,0.44076308608055115
M13,joint_extra_comp,2022120408,8,0,100,30.0,DPS,,14.072508573532104,100,0.13105304456245037,27.136567215362817,0.7625061826953708,0.2528061866760254,0.8426857590675354,0.31566412060705984,23.532874489338788,0.4619483811926627,0.27801513671875,0.4523349702358246
M13,joint_extra_comp,2022120408,9,0,100,30.0,DPS,,14.902333736419678,100,0.14290550822470052,25.044749171459703,0.6698652067282816,0.2503646910190582,0.8080595135688782,0.32051427521179493,22.142225713599725,0.4215515059751309,0.2511749267578125,0.45287901163101196
M13,joint_extra_comp,2022120408,10,0,100,30.0,DPS,,14.279190301895142,100,0.1330969092288891,25.746612461536106,0.7212456332783397,0.2452908307313919,0.8213081955909729,0.2945018428046906,23.105641335236125,0.47700410953042394,0.2187957763671875,0.43275386095046997
M13,joint_extra_comp,2022120409,8,0,100,30.0,DPS,,14.969764947891235,100,0.1246628362511824,27.599127887784967,0.7544767781685258,0.2505486011505127,0.8272963166236877,0.31947726179691205,23.538319674613206,0.44081569823942235,0.297821044921875,0.4477654695510864
M13,joint_extra_comp,2022120409,9,0,100,30.0,DPS,,14.101970434188843,100,0.1348995124497256,26.724322874315117,0.7023139180268188,0.2638111114501953,0.8227905035018921,0.3379630718647947,22.889175829568323,0.4052844583066809,0.292999267578125,0.4625299572944641
M13,joint_extra_comp,2022120409,10,0,100,30.0,DPS,,14.850518941879272,100,0.1300406521132979,27.123843174182213,0.6923978561755564,0.26315799355506897,0.8669549226760864,0.3253194981598396,23.511574866536705,0.4114752471064122,0.26251220703125,0.45011451840400696
M13,joint_extra_comp,2022121701,8,0,100,30.0,DPS,,14.130576372146606,100,0.15058078392727597,23.994384705269947,0.686920971610496,0.25351741909980774,0.8440484404563904,0.32200818574011647,22.323831570870716,0.4367646857936745,0.20849609375,0.45187124609947205
M13,joint_extra_comp,2022121701,9,0,100,30.0,DPS,,14.85438084602356,100,0.15678934018766402,23.886112699541574,0.6290626095321004,0.2643982768058777,0.8741127252578735,0.3409518224490505,22.617821307389363,0.4102636772072915,0.22967529296875,0.4752568304538727
M13,joint_extra_comp,2022121701,10,0,100,30.0,DPS,,14.114925146102905,100,0.15798172327302282,23.872589058510684,0.6551820558119533,0.27469930052757263,0.8494547009468079,0.3587400179550893,22.204551249369445,0.41048952844910697,0.171142578125,0.4927966892719269
M13,joint_extra_comp,2022121702,8,0,100,30.0,DPS,,14.853885412216187,100,0.15604394605725042,24.523869386108103,0.7011956205276059,0.23564691841602325,0.8407915830612183,0.2931131017064254,23.29449555914531,0.4816052037694717,0.24884033203125,0.42325153946876526
M13,joint_extra_comp,2022121702,9,0,100,30.0,DPS,,14.107848405838013,100,0.17209388620422528,24.78514967469353,0.6487566681823748,0.2533355951309204,0.8380138874053955,0.32042457461200247,23.19874547309106,0.4443437521142695,0.27587890625,0.4545023441314697
M13,joint_extra_comp,2022121702,10,0,100,30.0,DPS,,14.853686571121216,100,0.15997786399034994,23.77479631717773,0.6718113133450817,0.2636558413505554,0.8735910654067993,0.3127505882692802,22.415382090259435,0.4674466019639543,0.28070068359375,0.4562212824821472
M13,joint_extra_comp,2022121703,8,0,100,30.0,DPS,,14.099050998687744,100,0.1512343133655404,25.08096407533209,0.6947581217784294,0.26070478558540344,0.8374379873275757,0.32699467981817165,22.33967736987735,0.43718810512225476,0.277984619140625,0.4598941206932068
M13,joint_extra_comp,2022121703,9,0,100,30.0,DPS,,14.86965537071228,100,0.16518224279438387,24.115620732266713,0.6572218715326075,0.2602384090423584,0.8397035598754883,0.32740971210956976,22.24430482320358,0.42229349531194127,0.2646331787109375,0.4533945918083191
M13,joint_extra_comp,2022121703,10,0,100,30.0,DPS,,14.098772287368774,100,0.1719069272235492,23.683541116340802,0.6379608244411566,0.24644365906715393,0.8340247869491577,0.31566880839844486,22.702133612905474,0.4573256139374933,0.2433624267578125,0.45661959052085876
M13,joint_extra_comp,2022121705,8,0,100,30.0,DPS,,14.84980583190918,100,0.15769796764516641,24.665932684861815,0.7216828030110274,0.2456490695476532,0.8417430520057678,0.30988478640072364,23.16386465777816,0.45416987717222346,0.270263671875,0.4337335228919983
M13,joint_extra_comp,2022121705,9,0,100,30.0,DPS,,14.102595329284668,100,0.16440948623459456,25.03802933397282,0.7061873553922827,0.2437649667263031,0.8345428705215454,0.3120233562710868,23.488530562193645,0.46364556640293536,0.3026275634765625,0.44761770963668823
M13,joint_extra_comp,2022121705,10,0,100,30.0,DPS,,14.860805749893188,100,0.16047000722532154,26.195820100326376,0.7466679140132896,0.268328458070755,0.9005646705627441,0.32470297995252234,23.99810970207166,0.4750787204473322,0.2462158203125,0.46284326910972595
M13,joint_extra_comp,2022121706,8,0,100,30.0,DPS,,14.107948780059814,100,0.14357183168904164,26.692576020057214,0.7287688934550911,0.2607589662075043,0.8553656339645386,0.32113264772661376,23.76638503554775,0.45919129124221125,0.2996673583984375,0.46034836769104004
M13,joint_extra_comp,2022121706,9,0,100,30.0,DPS,,14.884023666381836,100,0.15030557742383716,26.54834028420366,0.6648084383041343,0.2617819905281067,0.8690062761306763,0.33625144515973215,23.59048073115193,0.41903077470310657,0.29656982421875,0.46778762340545654
M13,joint_extra_comp,2022121706,10,0,100,30.0,DPS,,14.102214574813843,100,0.14221500039928114,25.56411765873145,0.685743993891122,0.2555437386035919,0.8663462400436401,0.31871519908760737,22.83267577147107,0.4381111440621484,0.2802581787109375,0.4500897526741028
M13,joint_extra_comp,2022121707,7,0,100,30.0,DPS,,14.86032748222351,100,0.13931795534648392,26.127075602923927,0.7425339060999476,0.2844017744064331,0.8744148015975952,0.3775287868863465,22.21722130369355,0.3906947132910067,0.2450408935546875,0.5061556100845337
M13,joint_extra_comp,2022121707,8,0,100,30.0,DPS,,14.08497428894043,100,0.13095525294684243,26.969697229238747,0.753778593272311,0.28708913922309875,0.8569464683532715,0.37513467223781816,22.574863862410695,0.3788587442251842,0.2487945556640625,0.49613043665885925
M13,joint_extra_comp,2022121707,9,0,100,30.0,DPS,,14.852457046508789,100,0.13644351998604398,26.22589110128418,0.719756411714741,0.2859179675579071,0.8745914697647095,0.38191916310655244,21.883097619926566,0.35655308656989265,0.2617034912109375,0.49681559205055237
M13,joint_extra_comp,2022121708,8,0,100,30.0,DPS,,14.075265645980835,100,0.147343733873623,26.13663538127758,0.7442458514443373,0.26887965202331543,0.8696323037147522,0.3278319316668117,23.729709743316075,0.48116344004562656,0.172454833984375,0.4742295742034912
M13,joint_extra_comp,2022121708,9,0,100,30.0,DPS,,14.822355508804321,100,0.17072236714062602,23.586475267776507,0.5673394966398841,0.2928779721260071,0.8954529762268066,0.35852990250471745,21.192581149354414,0.40105400816245934,0.21185302734375,0.5021069049835205
M13,joint_extra_comp,2022121708,10,0,100,30.0,DPS,,14.098434448242188,100,0.16433638729160263,24.302858359518847,0.6504147832162297,0.28882309794425964,0.8728652596473694,0.3654753087489475,21.983106937846408,0.4101160443913363,0.1817169189453125,0.5051734447479248
M14,joint_extra_comp,2022101101,8,0,100,30.0,DPS,,14.024576663970947,100,0.1426820045085242,25.925400956013608,0.7202128574083633,0.2716459333896637,0.8448818325996399,0.34969915050837347,22.197459613578367,0.41864622517319827,0.271240234375,0.48424798250198364
M14,joint_extra_comp,2022101101,9,0,100,30.0,DPS,,14.377549648284912,100,0.15714348396141917,24.431744153979764,0.6290820816672492,0.2609519362449646,0.8573523163795471,0.3473803776848524,21.59558069848942,0.3825521143581555,0.25335693359375,0.4738060534000397
M14,joint_extra_comp,2022101101,10,0,100,30.0,DPS,,14.08002758026123,100,0.14072972159393618,25.14192185514827,0.7365939341285049,0.2437293529510498,0.8621793389320374,0.31308872860525655,23.710358153833646,0.4495294857866787,0.234466552734375,0.4406985938549042
M14,joint_extra_comp,2022101102,8,0,100,30.0,DPS,,14.574838161468506,100,0.15788495167320582,25.009929855561836,0.7231460018494753,0.26314157247543335,0.8253248929977417,0.3235310011696819,23.516029046533546,0.4603444209347528,0.3021697998046875,0.46695101261138916
M14,joint_extra_comp,2022101102,9,0,100,30.0,DPS,,14.099782228469849,100,0.1588982272325905,24.116724852104706,0.6880572381149507,0.2488226294517517,0.8602157831192017,0.3226647526071647,23.214679802788964,0.4438273718508403,0.29736328125,0.4564383327960968
M14,joint_extra_comp,2022101102,10,0,100,30.0,DPS,,14.812191724777222,100,0.15825316538366077,23.825553664795166,0.6943514911674113,0.23116376996040344,0.8472854495048523,0.3024580798645451,23.049478725756156,0.4679791878447018,0.2732391357421875,0.42917370796203613
M14,joint_extra_comp,2022101103,8,0,100,30.0,DPS,,14.084021091461182,100,0.1347471864419445,26.328736218430034,0.7465289404835135,0.28813278675079346,0.8750309944152832,0.34507701635772964,22.769263378733736,0.4426388463124467,0.2850341796875,0.4937576353549957
M14,joint_extra_comp,2022101103,9,0,100,30.0,DPS,,14.838209867477417,100,0.13487034763734462,25.885711633842906,0.7227394613528696,0.2681707739830017,0.8529701828956604,0.34250631313408125,22.306944636759667,0.42177726350076,0.276763916015625,0.4794744551181793
M14,joint_extra_comp,2022101103,10,0,100,30.0,DPS,,14.098934888839722,100,0.13895867167885514,26.424042777972044,0.7043302513308027,0.2678888440132141,0.873986005783081,0.3340819442329559,22.91291564047618,0.4283264980423815,0.271453857421875,0.47533899545669556
M14,joint_extra_comp,2022101201,8,0,100,30.0,DPS,,14.852948904037476,100,0.1326748836476407,26.701284807835894,0.7668679236085011,0.2517772912979126,0.8621717691421509,0.328439338794883,23.487624755365786,0.41903004375585445,0.2722625732421875,0.44811686873435974
M14,joint_extra_comp,2022101201,9,0,100,30.0,DPS,,14.107124090194702,100,0.13974042791971916,25.39800834837989,0.7359676715448209,0.2567014694213867,0.8516615033149719,0.34369474374354625,22.283432612628097,0.37992936522870535,0.266693115234375,0.45441073179244995
M14,joint_extra_comp,2022101201,10,0,100,30.0,DPS,,14.881351232528687,100,0.1524773533810497,24.476948845043736,0.6963048484335495,0.24747377634048462,0.8693984746932983,0.33146050669351096,22.76011449681046,0.4036488631538329,0.2415313720703125,0.45139846205711365
M14,joint_extra_comp,2022101204,8,0,100,30.0,DPS,,14.087995767593384,100,0.16026154866333708,25.5299370568813,0.7211753255452358,0.25516700744628906,0.7686740756034851,0.32428059144933163,23.58630183675549,0.4322661565180151,0.2927398681640625,0.43780946731567383
M14,joint_extra_comp,2022101204,9,0,100,30.0,DPS,,14.900442600250244,100,0.14893858604857785,26.24174614646541,0.7166468425892513,0.24430547654628754,0.8102492094039917,0.3231194347171832,23.93877956071881,0.4195684104252979,0.271881103515625,0.4333624541759491
M14,joint_extra_comp,2022101204,10,0,100,30.0,DPS,,14.231382846832275,100,0.14391086449925017,26.163240600947578,0.7357504928315145,0.24569380283355713,0.8385714888572693,0.3146186775608372,23.856623820855603,0.44366265936624827,0.2709503173828125,0.43223512172698975
M14,joint_extra_comp,2022101301,8,0,100,30.0,DPS,,14.953433513641357,100,0.15421862661968894,25.839417621743756,0.7297882603426635,0.2693784832954407,0.830038845539093,0.3480744984484672,23.044789721427378,0.4284099790786716,0.269775390625,0.46869099140167236
M14,joint_extra_comp,2022101301,9,0,100,30.0,DPS,,14.101620197296143,100,0.15181184335802167,25.15347729493182,0.6767120097766054,0.26728111505508423,0.8434315323829651,0.34821896753373527,22.130371998404506,0.394031623847121,0.272857666015625,0.4678792953491211
M14,joint_extra_comp,2022101301,10,0,100,30.0,DPS,,14.860588788986206,100,0.15489713559881232,25.593940701546664,0.6719633304668884,0.2530919313430786,0.828491747379303,0.34424296320177417,22.838155005586266,0.39501389369343476,0.2729644775390625,0.4630901515483856
M14,joint_extra_comp,2022101302,8,0,100,30.0,DPS,,14.090814113616943,100,0.18578245164610463,23.130890200761055,0.6891137115693816,0.2734447121620178,0.8249598741531372,0.3491673894110173,22.150591991837413,0.4264684883095759,0.1457672119140625,0.47766685485839844
M14,joint_extra_comp,2022101302,9,0,100,30.0,DPS,,14.851030349731445,100,0.1741186087260761,22.875142696080843,0.6858348354567463,0.25824958086013794,0.8553974628448486,0.35853139060541395,21.284473737145547,0.3771599652372083,0.2483062744140625,0.4653860032558441
M14,joint_extra_comp,2022101302,10,0,100,30.0,DPS,,14.095569133758545,100,0.17352336464327212,24.075182375348398,0.6895521655627374,0.26700499653816223,0.8643566966056824,0.3472863260014849,22.313284437015845,0.4289741451844044,0.2863616943359375,0.4706801176071167
M14,joint_extra_comp,2022101303,8,0,100,30.0,DPS,,14.842230558395386,100,0.139626264743818,24.863169321820585,0.85529254774881,0.24247802793979645,0.8089641332626343,0.3058934067228036,24.132957477308622,0.4491690647761106,0.0517425537109375,0.425741583108902
M14,joint_extra_comp,2022101303,9,0,100,30.0,DPS,,14.083217859268188,100,0.13464515507494415,25.865935636997676,0.824311690798983,0.24333253502845764,0.8090561032295227,0.3121285784401592,23.701287893132495,0.4322471704007523,0.0641937255859375,0.4286942481994629
M14,joint_extra_comp,2022101303,10,0,100,30.0,DPS,,14.83963394165039,100,0.13104884221682186,25.25287683045292,0.8313999858063323,0.24444523453712463,0.7897986173629761,0.31034348883220897,23.860069480419376,0.45285605471126905,0.109771728515625,0.4314013719558716
M14,joint_extra_comp,2022112702,8,0,100,30.0,DPS,,14.09154462814331,100,0.1403311888791541,26.56950867830412,0.7363082695553348,0.2500920295715332,0.8246746063232422,0.33282202037108327,23.57267454000326,0.41751429176442045,0.2598114013671875,0.4459170401096344
M14,joint_extra_comp,2022112702,9,0,100,30.0,DPS,,14.838898658752441,100,0.14596709032912472,25.57675349545107,0.6669305752730504,0.25064924359321594,0.8573055267333984,0.34375479527427694,22.69304340102657,0.38034234576210707,0.2509307861328125,0.4551214575767517
M14,joint_extra_comp,2022112702,10,0,100,30.0,DPS,,14.094843626022339,100,0.15574024989961477,24.925920870055144,0.6774675993825504,0.24769259989261627,0.84367835521698,0.3384962420622555,23.035621773352727,0.38815431526190974,0.22802734375,0.4432336986064911
M14,joint_extra_comp,2022112704,8,0,100,30.0,DPS,,14.898672103881836,100,0.13682878767955348,27.425787894585348,0.7849252498144507,0.25483861565589905,0.8110665678977966,0.31229156161043053,24.621991955780913,0.4714926649651715,0.2573699951171875,0.4453441798686981
M14,joint_extra_comp,2022112704,9,0,100,30.0,DPS,,14.091993570327759,100,0.14432254021491733,26.969153454850336,0.728125139711443,0.25641754269599915,0.8520982265472412,0.3275012049273195,24.024002189671094,0.4341477395455684,0.27520751953125,0.46005329489707947
M14,joint_extra_comp,2022112704,10,0,100,30.0,DPS,,14.876888275146484,100,0.14063798997948374,26.56853744349747,0.7232256525343137,0.25939634442329407,0.8589133620262146,0.318827368277933,23.805405327127843,0.45150404004426653,0.2538604736328125,0.45723479986190796
M14,joint_extra_comp,2022120401,8,0,100,30.0,DPS,,14.102227449417114,100,0.1462148613159381,26.32668723765574,0.7378602692347898,0.26024535298347473,0.8628770709037781,0.33448697205778744,23.303619940599333,0.4433554200262147,0.3004150390625,0.46570828557014465
M14,joint_extra_comp,2022120401,9,0,100,30.0,DPS,,14.857638359069824,100,0.14879289162922016,25.728197174569857,0.7040005032025128,0.2583411931991577,0.8543699979782104,0.33952520055577995,22.7675100944749,0.41618782553278366,0.29266357421875,0.47148680686950684
M14,joint_extra_comp,2022120401,10,0,100,30.0,DPS,,14.104991912841797,100,0.14666222604401652,26.109260271470333,0.6951103734166625,0.2582739591598511,0.8859371542930603,0.3238846811331007,23.551089931988226,0.4375314429763674,0.282684326171875,0.46087828278541565
M14,joint_extra_comp,2022120402,8,0,100,30.0,DPS,,14.856650590896606,100,0.15060461167053138,25.593267395157934,0.6880548643706604,0.26552510261535645,0.8386099338531494,0.3478293267848959,22.61678972134061,0.4106941967958952,0.2657470703125,0.47863608598709106
M14,joint_extra_comp,2022120402,9,0,100,30.0,DPS,,14.07435417175293,100,0.14509967516634453,24.796571377635907,0.6670169351341922,0.2606726884841919,0.8614851236343384,0.34552588478408913,21.698914621421164,0.4004856534836107,0.2476654052734375,0.47027838230133057
M14,joint_extra_comp,2022120402,10,0,100,30.0,DPS,,14.879917621612549,100,0.15334955445861612,24.86838069065928,0.602824404628388,0.2630646824836731,0.8782326579093933,0.34659029121599433,22.435978161703467,0.3807417067838653,0.2301025390625,0.4682968258857727
M14,joint_extra_comp,2022120403,8,0,100,30.0,DPS,,14.078351020812988,100,0.1543205495420546,25.91638357699371,0.6967259792274515,0.24752871692180634,0.8561996817588806,0.32187205223898313,23.73770359929204,0.43983246623663896,0.29296875,0.4516741931438446
M14,joint_extra_comp,2022120403,9,0,100,30.0,DPS,,14.849949359893799,100,0.15279949177335675,25.362275397583627,0.683214034270435,0.25709831714630127,0.8561307191848755,0.336682592506867,22.750204421482024,0.4041848127884839,0.2761688232421875,0.4587668180465698
M14,joint_extra_comp,2022120403,10,0,100,30.0,DPS,,14.105069398880005,100,0.1642544049548324,24.39483073032484,0.6624926478848169,0.24243879318237305,0.8542306423187256,0.3265593378079748,22.68071897706241,0.41228705470983384,0.267791748046875,0.44269105792045593
M14,joint_extra_comp,2022120404,8,0,100,30.0,DPS,,14.878557205200195,100,0.14704490836588804,26.14344615257774,0.7104662323224756,0.243428573012352,0.8819798827171326,0.32412961896228193,23.653425330157877,0.43268415230983565,0.2799530029296875,0.4541800022125244
M14,joint_extra_comp,2022120404,9,0,100,30.0,DPS,,14.117892026901245,100,0.135528200865844,26.607815546432686,0.7176651348035263,0.24577178061008453,0.8744857311248779,0.3189948595382723,23.617304677046494,0.4378226863468577,0.26031494140625,0.4514814615249634
M14,joint_extra_comp,2022120404,10,0,100,30.0,DPS,,14.845739126205444,100,0.15144768691129448,25.92366005449252,0.6696207844619311,0.2579021751880646,0.8650206923484802,0.33087965408670345,23.45031496024412,0.4228949348296062,0.2296905517578125,0.45921629667282104
M14,joint_extra_comp,2022120406,8,0,100,30.0,DPS,,14.113919019699097,100,0.15322309531532874,24.989742584056415,0.6953532137352385,0.256499707698822,0.8566495776176453,0.33015728528032473,22.82416382400127,0.42667403499143736,0.2564849853515625,0.46079757809638977
M14,joint_extra_comp,2022120406,9,0,100,30.0,DPS,,14.8603196144104,100,0.1565505287239911,24.724141679575858,0.6956850647702338,0.2518964409828186,0.8780635595321655,0.3235098472645906,22.826379453719916,0.4439163214658381,0.235595703125,0.4568256437778473
M14,joint_extra_comp,2022120406,10,0,100,30.0,DPS,,14.098437786102295,100,0.15819296286496162,23.893198122081397,0.6680784955418472,0.2599771320819855,0.8564992547035217,0.33160737741870666,23.522225572276426,0.4442595370899698,0.2180023193359375,0.4689728319644928
M14,joint_extra_comp,2022120407,8,0,100,30.0,DPS,,14.847376585006714,100,0.1526858003046003,26.84141853985458,0.7290570696852408,0.26103419065475464,0.7953110337257385,0.33729104235539914,24.27188068233937,0.43120233346639514,0.25726318359375,0.4593227207660675
M14,joint_extra_comp,2022120407,9,0,100,30.0,DPS,,14.088175058364868,100,0.14000082012585235,25.643640822207303,0.7006526461653441,0.2486494779586792,0.832399845123291,0.3218675888451934,22.74941319821441,0.42535492669768804,0.2559661865234375,0.4454134702682495
M14,joint_extra_comp,2022120407,10,0,100,30.0,DPS,,14.859014987945557,100,0.14140290124806976,25.349641366586756,0.6850604779986512,0.24606575071811676,0.8277124762535095,0.3123182436690837,22.87068817105386,0.43684727467254547,0.2457275390625,0.4413909912109375
M14,joint_extra_comp,2022120408,8,0,100,30.0,DPS,,14.106701850891113,100,0.1288312803699613,27.285083050189964,0.761783113493312,0.2536807060241699,0.842799723148346,0.31186884341046406,23.637939124041985,0.470058191640923,0.27801513671875,0.4526078999042511
M14,joint_extra_comp,2022120408,9,0,100,30.0,DPS,,14.88841700553894,100,0.1403273739055704,25.202880589716266,0.6850320106524497,0.24960382282733917,0.8087937235832214,0.31644888259725606,22.25310192565578,0.43294312340629826,0.2511749267578125,0.45241406559944153
M14,joint_extra_comp,2022120408,10,0,100,30.0,DPS,,14.105689525604248,100,0.1316353939899227,25.842518317286792,0.7290461247479054,0.2459566742181778,0.8232788443565369,0.2932040932876573,23.144001088682383,0.4819556165399824,0.2187957763671875,0.43372446298599243
M14,joint_extra_comp,2022120409,8,0,100,30.0,DPS,,14.843036890029907,100,0.1333408217545769,27.014605411630942,0.7313102609764217,0.25000259280204773,0.8303959369659424,0.32373692398495557,23.42327402611593,0.4277534942270893,0.297821044921875,0.4486309289932251
M14,joint_extra_comp,2022120409,9,0,100,30.0,DPS,,14.097260475158691,100,0.13806540134356515,26.522833281641187,0.6987459996826487,0.2637387812137604,0.8271223306655884,0.33824850846330123,22.881843003533785,0.4051004048141038,0.292999267578125,0.46422141790390015
M14,joint_extra_comp,2022120409,10,0,100,30.0,DPS,,14.837847709655762,100,0.13154939528049628,27.023648827445474,0.6886823777485926,0.26195836067199707,0.864909291267395,0.32511628921494223,23.517002152551814,0.4106217341213324,0.26251220703125,0.4487929046154022
M14,joint_extra_comp,2022121701,8,0,100,30.0,DPS,,14.092639207839966,100,0.15177707892522127,23.92565197611296,0.6766745201847576,0.2543664276599884,0.8464694023132324,0.32183062714254584,22.328622379970852,0.4370611400190915,0.20849609375,0.45340707898139954
M14,joint_extra_comp,2022121701,9,0,100,30.0,DPS,,14.839826107025146,100,0.15695924979849876,23.876705063494533,0.6313368898338169,0.26341480016708374,0.876279890537262,0.3421787391042503,22.586621198008977,0.40854017334004916,0.22967529296875,0.4748840630054474
M14,joint_extra_comp,2022121701,10,0,100,30.0,DPS,,14.104554891586304,100,0.16096191943495522,23.710263149537788,0.6377863282136081,0.2743535041809082,0.854402482509613,0.36177594770949706,22.131353962674403,0.4018161827092771,0.171142578125,0.49449899792671204
M14,joint_extra_comp,2022121702,8,0,100,30.0,DPS,,14.868524551391602,100,0.15229543743198107,24.735070018497215,0.713309784363974,0.2355002760887146,0.8403571844100952,0.2895670421859436,23.4002175825487,0.49043071012609296,0.24884033203125,0.42298659682273865
M14,joint_extra_comp,2022121702,9,0,100,30.0,DPS,,14.222466945648193,100,0.16437289479021946,25.183854439747527,0.6625318441848816,0.2518050968647003,0.8339456915855408,0.31549478650995577,23.333418061528867,0.45140294569551764,0.27587890625,0.4522011876106262
M14,joint_extra_comp,2022121702,10,0,100,30.0,DPS,,14.94830060005188,100,0.15764266365234547,23.902518905186984,0.6844007400345264,0.26249581575393677,0.8767536282539368,0.3107942433063317,22.46988547586477,0.4746256534781446,0.28070068359375,0.4565410017967224
M14,joint_extra_comp,2022121703,8,0,100,30.0,DPS,,14.102277278900146,100,0.1534492602887761,24.954674868337246,0.68516732276389,0.2611308991909027,0.8412993550300598,0.32465078668255737,22.402161913834014,0.44054671786498106,0.277984619140625,0.4616227447986603
M14,joint_extra_comp,2022121703,9,0,100,30.0,DPS,,14.857649087905884,100,0.16302872987982583,24.22960500155206,0.667846794818806,0.2607402205467224,0.8352693915367126,0.32724568406897336,22.248657432213754,0.42302860617369864,0.2646331787109375,0.45211923122406006
M14,joint_extra_comp,2022121703,10,0,100,30.0,DPS,,14.091955423355103,100,0.17472417712742105,23.542348590510514,0.6496282331187659,0.24549494683742523,0.8346989750862122,0.32125338389733615,22.549812810901138,0.4454519537794545,0.2433624267578125,0.45682790875434875
M14,joint_extra_comp,2022121705,8,0,100,30.0,DPS,,14.875600099563599,100,0.1593232656256316,24.5768706215539,0.7056842253866233,0.2461734265089035,0.8498331904411316,0.3077388742649973,23.224222549403507,0.4561705146316726,0.270263671875,0.4369739294052124
M14,joint_extra_comp,2022121705,9,0,100,30.0,DPS,,14.100591897964478,100,0.16460777934692328,25.02755965667387,0.7036605092620823,0.24325482547283173,0.836298406124115,0.31137890243860367,23.506488972775585,0.4643645742135192,0.3026275634765625,0.447786808013916
M14,joint_extra_comp,2022121705,10,0,100,30.0,DPS,,14.881300449371338,100,0.16589573064627025,25.906993353136105,0.721885348980004,0.2711757719516754,0.9073507785797119,0.3215271542475851,24.083482055341833,0.48275085553227426,0.2462158203125,0.4673588275909424
M14,joint_extra_comp,2022121706,8,0,100,30.0,DPS,,14.096964120864868,100,0.14398931912753976,26.667355281069597,0.7197975328473863,0.2619181275367737,0.8609801530838013,0.3172320932990284,23.872531897208667,0.4680342599581754,0.2996673583984375,0.46285781264305115
M14,joint_extra_comp,2022121706,9,0,100,30.0,DPS,,14.86574387550354,100,0.14982578332490698,26.576111071847883,0.6695871974988116,0.2609856426715851,0.8684538006782532,0.3356813185456027,23.605220473893826,0.4216312246301161,0.29656982421875,0.46735021471977234
M14,joint_extra_comp,2022121706,10,0,100,30.0,DPS,,14.087043762207031,100,0.13986811648660985,25.70865126460844,0.6958221434661543,0.25405341386795044,0.8645066022872925,0.32052248267554756,22.783561308842636,0.4345972900569765,0.2802581787109375,0.4484337270259857
M14,joint_extra_comp,2022121707,7,0,100,30.0,DPS,,14.891181230545044,100,0.14018009555323216,26.073490410364,0.7378981278679666,0.2852867543697357,0.8775265216827393,0.3744918880783923,22.28737445814598,0.3975947830907065,0.2450408935546875,0.5082113742828369
M14,joint_extra_comp,2022121707,8,0,100,30.0,DPS,,14.107058763504028,100,0.13050456270385102,26.99964178939256,0.7553405219035533,0.285954087972641,0.8560243248939514,0.3744391736830134,22.590982422194923,0.37850177397675283,0.2487945556640625,0.4949685335159302
M14,joint_extra_comp,2022121707,9,0,100,30.0,DPS,,14.8409264087677,100,0.13754885719883608,26.15580966890385,0.7115149338474342,0.2854479253292084,0.8764541745185852,0.3806030154818068,21.913082123170522,0.35848965472372324,0.2617034912109375,0.4976073205471039
M14,joint_extra_comp,2022121708,8,0,100,30.0,DPS,,14.085323572158813,100,0.1527622779839889,25.822946287125195,0.7252595379951129,0.27065590023994446,0.8727332353591919,0.3256282948567665,23.788292095888618,0.48683874432530944,0.172454833984375,0.4763587415218353
M14,joint_extra_comp,2022121708,9,0,100,30.0,DPS,,14.819942474365234,100,0.16786888640583253,23.73287955483444,0.5924283000579267,0.2907315492630005,0.8933718204498291,0.3563567494995039,21.245389032280375,0.4095696898247323,0.21185302734375,0.500298023223877
M14,joint_extra_comp,2022121708,10,0,100,30.0,DPS,,14.129345893859863,100,0.16242567132704566,24.404439658321017,0.6653628448881078,0.2867962419986725,0.8731944561004639,0.3655086339372338,21.982314967213618,0.4129025716839801,0.1817169189453125,0.5041055679321289
M15,merge_extra_comp,2022101101,8,0,100,30.0,DPS,,14.029769659042358,100,0.1438549467262094,25.85428898586261,0.7224868649575774,0.3284061849117279,0.8460685610771179,0.3502316611690388,22.184243079472758,0.41870712847986113,0.271240234375,0.48555058240890503
M15,merge_extra_comp,2022101101,9,0,100,30.0,DPS,,14.380981683731079,100,0.15348917710385593,24.636116548862645,0.6527191179474474,0.3153374195098877,0.8510002493858337,0.3480953053448517,21.577723036193483,0.38539259132903286,0.25335693359375,0.47222691774368286
M15,merge_extra_comp,2022101101,10,0,100,30.0,DPS,,14.026994943618774,100,0.13492711380647976,25.50765381375357,0.7587859676229518,0.290896475315094,0.8560777306556702,0.31188590770166225,23.74379177470566,0.4553116266130245,0.234466552734375,0.43788832426071167
M15,merge_extra_comp,2022101102,8,0,100,30.0,DPS,,14.64186716079712,100,0.15834719406762307,24.984537185414133,0.7133143776489114,0.3163101077079773,0.8281514644622803,0.3245094935356901,23.489798947546767,0.45686932592220497,0.3021697998046875,0.467658668756485
M15,merge_extra_comp,2022101102,9,0,100,30.0,DPS,,14.002319574356079,100,0.1665760154890821,23.706856501285998,0.6700857111448884,0.29839736223220825,0.8627318739891052,0.32553277588561813,23.137815898970594,0.43937152198958745,0.29736328125,0.4587562680244446
M15,merge_extra_comp,2022101102,10,0,100,30.0,DPS,,14.76190185546875,100,0.1601969259499962,23.71951821436019,0.6885256888301544,0.2773520052433014,0.8488221168518066,0.3046868364994669,22.985708707774243,0.46299199995089974,0.2732391357421875,0.4306449890136719
M15,merge_extra_comp,2022101103,8,0,100,30.0,DPS,,13.990785360336304,100,0.13403464808857826,26.374788765168752,0.7526651731177489,0.3473271131515503,0.875893235206604,0.3448704069094673,22.774465476339763,0.4452380338747175,0.2850341796875,0.49431532621383667
M15,merge_extra_comp,2022101103,9,0,100,30.0,DPS,,14.786127090454102,100,0.13776945802065088,25.700982174147136,0.7143688520202571,0.3223015069961548,0.853628933429718,0.3430337801381777,22.29357847150002,0.4186084524149179,0.276763916015625,0.4800262153148651
M15,merge_extra_comp,2022101103,10,0,100,30.0,DPS,,14.009531736373901,100,0.14168914713390612,26.255024134463547,0.697704279587037,0.3261685371398926,0.8782222270965576,0.33335810122196735,22.931755453928968,0.43068721061221094,0.271453857421875,0.47759461402893066
M15,merge_extra_comp,2022101201,8,0,100,30.0,DPS,,14.816135168075562,100,0.12986640314917078,26.887122871728014,0.7757441261324091,0.30506810545921326,0.8613342642784119,0.32658201683229077,23.536882803784724,0.42415230502437096,0.2722625732421875,0.4476855397224426
M15,merge_extra_comp,2022101201,9,0,100,30.0,DPS,,14.021395206451416,100,0.14202783891529852,25.25698014700026,0.7249643574365897,0.3154548704624176,0.8543485403060913,0.3415522397470505,22.33774766793521,0.3859580144730154,0.266693115234375,0.4562576115131378
M15,merge_extra_comp,2022101201,10,0,100,30.0,DPS,,14.844261884689331,100,0.15423818927795652,24.377217385929256,0.6894333471690336,0.2981877326965332,0.8698797225952148,0.3331990096779653,22.71467625625792,0.3993171383081101,0.2415313720703125,0.45078244805336
M15,merge_extra_comp,2022101204,8,0,100,30.0,DPS,,14.004793167114258,100,0.15934110751984845,25.57996713103481,0.7258228569360589,0.3103010058403015,0.7695712447166443,0.32133777858385315,23.66548522429983,0.4404353915923983,0.2927398681640625,0.4379331171512604
M15,merge_extra_comp,2022101204,9,0,100,30.0,DPS,,14.85265588760376,100,0.14569616937782465,26.43292800706435,0.7311268785031765,0.2935027480125427,0.8031472563743591,0.3227751534412999,23.94803924335065,0.4211919434804623,0.271881103515625,0.43047457933425903
M15,merge_extra_comp,2022101204,10,0,100,30.0,DPS,,14.016883850097656,100,0.1463307743807781,26.018398824875742,0.7183794707448423,0.30119723081588745,0.8396060466766357,0.31327607623296355,23.893769233090417,0.4418229527166939,0.2709503173828125,0.4348982870578766
M15,merge_extra_comp,2022101301,8,0,100,30.0,DPS,,14.77918815612793,100,0.15386508952146988,25.859352369379653,0.7265574156689956,0.3284909427165985,0.8316722512245178,0.34017760187703316,23.24411953767838,0.444482019368806,0.269775390625,0.4713274836540222
M15,merge_extra_comp,2022101301,9,0,100,30.0,DPS,,14.02681303024292,100,0.14801976584062762,25.37319611146998,0.6878369280985396,0.32305479049682617,0.8417633771896362,0.3483898959564526,22.12610944728482,0.3918928890705723,0.272857666015625,0.46706196665763855
M15,merge_extra_comp,2022101301,10,0,100,30.0,DPS,,14.801994323730469,100,0.15537763524588336,25.567038287079384,0.6830211911368793,0.30435019731521606,0.826815128326416,0.3441370515107101,22.84082776553734,0.39969260583291993,0.2729644775390625,0.46218007802963257
M15,merge_extra_comp,2022101302,8,0,100,30.0,DPS,,14.036574125289917,100,0.18763460030736684,23.04472546506205,0.6989794338417303,0.32583728432655334,0.8189519047737122,0.354458727655891,22.0199520246109,0.4185518398930892,0.1457672119140625,0.4739763140678406
M15,merge_extra_comp,2022101302,9,0,100,30.0,DPS,,14.802621126174927,100,0.17544137610974975,22.809405959322376,0.6775786123755321,0.31002554297447205,0.8574568033218384,0.3563558135332358,21.337340484726454,0.38155135515813204,0.2483062744140625,0.46681705117225647
M15,merge_extra_comp,2022101302,10,0,100,30.0,DPS,,14.02513337135315,100,0.17167733040723,24.16808255038353,0.6929511884904556,0.3227194547653198,0.8596113324165344,0.34976710320491605,22.251458909505555,0.42094739338584797,0.2863616943359375,0.46982836723327637
M15,merge_extra_comp,2022101303,8,0,100,30.0,DPS,,14.772841930389404,100,0.13476959640999103,25.170673165951378,0.8701572764256196,0.2905968725681305,0.8078737854957581,0.3051913489526629,24.152915425653042,0.4505013008149137,0.0517425537109375,0.42387887835502625
M15,merge_extra_comp,2022101303,9,0,100,30.0,DPS,,14.162105798721313,100,0.1285578476498657,26.267778399132318,0.8354676552299808,0.29518386721611023,0.8067110180854797,0.3100746488937881,23.75863336928029,0.43666656841030344,0.0641937255859375,0.42769208550453186
M15,merge_extra_comp,2022101303,10,0,100,30.0,DPS,,14.894094705581665,100,0.1292366053701125,25.373829759290352,0.8327811436208625,0.29795488715171814,0.7871010303497314,0.30831878634867116,23.916922486703438,0.45570246678434556,0.109771728515625,0.43103718757629395
M15,merge_extra_comp,2022112702,8,0,100,30.0,DPS,,14.02169919013977,100,0.14303467741788412,26.403765952060013,0.717100115500053,0.30509036779403687,0.826407253742218,0.3313983301667699,23.609909276700726,0.4197522506817287,0.2598114013671875,0.44735974073410034
M15,merge_extra_comp,2022112702,9,0,100,30.0,DPS,,14.778703689575195,100,0.14425112658431102,25.6794682427183,0.6724675542895485,0.3010810315608978,0.8535086512565613,0.3436652442644088,22.69530644297575,0.38183500738040793,0.2509307861328125,0.45337599515914917
M15,merge_extra_comp,2022112702,10,0,100,30.0,DPS,,13.995960474014282,100,0.15396931229876742,25.02525481439395,0.6952461994485527,0.2977847158908844,0.8394291400909424,0.340255759628236,22.99058909694089,0.38579795481181395,0.22802734375,0.4410457909107208
M15,merge_extra_comp,2022112704,8,0,100,30.0,DPS,,14.77669095993042,100,0.13749803386993262,27.383407714260354,0.7869170513072311,0.3079307973384857,0.8089394569396973,0.3154268386111938,24.5352240787617,0.4637821098815818,0.2573699951171875,0.44387826323509216
M15,merge_extra_comp,2022112704,9,0,100,30.0,DPS,,14.028269052505493,100,0.14211496536040955,27.10304046923216,0.7299892511046782,0.31009718775749207,0.8457096815109253,0.326383997031062,24.05368309972451,0.4357755026242061,0.27520751953125,0.4580443203449249
M15,merge_extra_comp,2022112704,10,0,100,30.0,DPS,,14.824783086776733,100,0.14202486541778964,26.483302730588054,0.7224459338446635,0.3156893253326416,0.8595569133758545,0.31876775089870063,23.807029649405283,0.4545134687800247,0.2538604736328125,0.4582681953907013
M15,merge_extra_comp,2022120401,8,0,100,30.0,DPS,,14.031614303588867,100,0.14580208489244065,26.351242886868427,0.7329716778073283,0.31481271982192993,0.8657597303390503,0.330616214744728,23.40472109630385,0.4519804771890638,0.3004150390625,0.4674355089664459
M15,merge_extra_comp,2022120401,9,0,100,30.0,DPS,,14.79244351387024,100,0.1505448716164403,25.62652153953656,0.6959601162071739,0.31516268849372864,0.8564091920852661,0.3402955824767568,22.7478241555448,0.4146818227938288,0.29266357421875,0.47329163551330566
M15,merge_extra_comp,2022120401,10,0,100,30.0,DPS,,14.02481198310852,100,0.14479510571154916,26.220548074092203,0.703497892007416,0.3117823302745819,0.8812339305877686,0.32317804155569885,23.570061186576105,0.4389970421446374,0.282684326171875,0.4587315618991852
M15,merge_extra_comp,2022120402,8,0,100,30.0,DPS,,14.759580135345459,100,0.15301487084558824,25.455360006566018,0.6884467337401707,0.3203180730342865,0.8364850878715515,0.35084720293406985,22.541753274339943,0.40710139382060695,0.2657470703125,0.47767695784568787
M15,merge_extra_comp,2022120402,9,0,100,30.0,DPS,,14.009684801101685,100,0.14347457673137115,24.894401137454775,0.6777173232768796,0.31342461705207825,0.8591404557228088,0.3443187600494286,21.72931266250111,0.4051320583951075,0.2476654052734375,0.4692312479019165
M15,merge_extra_comp,2022120402,10,0,100,30.0,DPS,,14.766505241394043,100,0.14887040594506912,25.125863608701593,0.6313291162667305,0.3172398507595062,0.8726487159729004,0.345369399532075,22.466628910793847,0.3869003381036268,0.2301025390625,0.46693307161331177
M15,merge_extra_comp,2022120403,8,0,100,30.0,DPS,,14.031217336654663,100,0.15248531128947754,26.02029858702003,0.7049969276273645,0.2959230840206146,0.8526812791824341,0.32543005523170415,23.642215782343953,0.42912405787136476,0.29296875,0.4496261179447174
M15,merge_extra_comp,2022120403,9,0,100,30.0,DPS,,14.78113842010498,100,0.1569356914768582,25.130279086540156,0.6832641386433561,0.31051456928253174,0.856365978717804,0.3381509392546934,22.712405713121754,0.4082845368551473,0.2761688232421875,0.45863237977027893
M15,merge_extra_comp,2022120403,10,0,100,30.0,DPS,,14.029290437698364,100,0.16449296274685504,24.38222477681105,0.6590091105174205,0.29389968514442444,0.8527668714523315,0.32860467937426385,22.62648624032293,0.4045147017218256,0.267791748046875,0.4424543082714081
M15,merge_extra_comp,2022120404,8,0,100,30.0,DPS,,14.785769701004028,100,0.14640106252431398,26.181561400034198,0.7072024690649426,0.2906631529331207,0.8790140151977539,0.3259115484811134,23.60580470953387,0.42580816604227184,0.2799530029296875,0.4522034823894501
M15,merge_extra_comp,2022120404,9,0,100,30.0,DPS,,14.217243194580078,100,0.13459386380018915,26.667903795890563,0.7181676748475068,0.30114543437957764,0.8774980902671814,0.3162328662041065,23.69283828332286,0.44638328384861325,0.26031494140625,0.45366522669792175
M15,merge_extra_comp,2022120404,10,0,100,30.0,DPS,,14.893365144729614,100,0.14654821500249426,26.209302288062084,0.6805284839005684,0.3121883273124695,0.864874005317688,0.32582358051194443,23.584065983658977,0.43587290158659986,0.2296905517578125,0.4584091901779175
M15,merge_extra_comp,2022120406,8,0,100,30.0,DPS,,14.019978046417236,100,0.15728505667927087,24.762477949056617,0.6908899145449955,0.3084529638290405,0.8565866947174072,0.3329271232509782,22.751597958923412,0.4205857033767744,0.2564849853515625,0.4599783420562744
M15,merge_extra_comp,2022120406,9,0,100,30.0,DPS,,14.776160717010498,100,0.15761604526132703,24.665223925090395,0.6845866709581782,0.3061618208885193,0.8844125866889954,0.3204129866490534,22.909927343337813,0.45259198370307097,0.235595703125,0.4603179693222046
M15,merge_extra_comp,2022120406,10,0,100,30.0,DPS,,14.02637243270874,100,0.16179323408594923,23.69773420224776,0.6587288511383927,0.315403014421463,0.856413722038269,0.3300161224116403,23.564006107673446,0.45065371936733883,0.2180023193359375,0.46948397159576416
M15,merge_extra_comp,2022120407,8,0,100,30.0,DPS,,14.795071601867676,100,0.1553175645734762,26.692980094422335,0.7152508164771051,0.3168783187866211,0.7985494136810303,0.34023224590818824,24.196467392828676,0.4230935536980943,0.25726318359375,0.4616798460483551
M15,merge_extra_comp,2022120407,9,0,100,30.0,DPS,,14.013774871826172,100,0.13787182196002573,25.776742122363416,0.7050536024848753,0.3037209212779999,0.8315179347991943,0.3174938288683652,22.868252365016954,0.43807887245172106,0.2559661865234375,0.44603338837623596
M15,merge_extra_comp,2022120407,10,0,100,30.0,DPS,,14.771337509155273,100,0.1385548858264281,25.52637087510766,0.6906085408433018,0.3002164959907532,0.8285632729530334,0.3081376758381041,22.987739194952322,0.44931475461047915,0.2457275390625,0.4430600702762604
M15,merge_extra_comp,2022120408,8,0,100,30.0,DPS,,14.015776634216309,100,0.1286309664515156,27.298598856574344,0.7609196319788223,0.30384525656700134,0.840164840221405,0.3102402026244819,23.68341740967295,0.47564276972445485,0.27801513671875,0.4523376524448395
M15,merge_extra_comp,2022120408,9,0,100,30.0,DPS,,14.800012111663818,100,0.13922555946699716,25.27134911233488,0.6840150882159285,0.3006090819835663,0.8080956935882568,0.31561407213860937,22.276046082324118,0.43516581190769216,0.2511749267578125,0.45247846841812134
M15,merge_extra_comp,2022120408,10,0,100,30.0,DPS,,14.023144483566284,100,0.13071014214961055,25.9037861308159,0.7313034328544921,0.2966759204864502,0.8189236521720886,0.2906596840546719,23.219705725809273,0.487313696840617,0.2187957763671875,0.4318024218082428
M15,merge_extra_comp,2022120409,8,0,100,30.0,DPS,,14.812551021575928,100,0.12559034170050398,27.534743116126137,0.7502909308985012,0.3002725839614868,0.8248844146728516,0.3209843989082766,23.497440254077084,0.4368130068997173,0.297821044921875,0.4467494487762451
M15,merge_extra_comp,2022120409,9,0,100,30.0,DPS,,14.029636859893799,100,0.13505807676606485,26.714119254445453,0.7065283021554819,0.3182409405708313,0.8213664293289185,0.33717910155701125,22.9093478256354,0.4075192310365561,0.292999267578125,0.4613272249698639
M15,merge_extra_comp,2022120409,10,0,100,30.0,DPS,,14.75952434539795,100,0.12890401312723063,27.200097181510454,0.6970217251568028,0.31817787885665894,0.8640680313110352,0.325056193295275,23.518607838862614,0.4136298439117311,0.26251220703125,0.4484245479106903
M15,merge_extra_comp,2022121701,8,0,100,30.0,DPS,,14.00159478187561,100,0.14715293403160928,24.194397265038788,0.7003156701158051,0.3074643611907959,0.8412208557128906,0.3182474613078861,22.425870852213823,0.44911233344806156,0.20849609375,0.45071128010749817
M15,merge_extra_comp,2022121701,9,0,100,30.0,DPS,,14.785249948501587,100,0.15403669355264132,24.039959593694988,0.6465261185070198,0.3170904517173767,0.8712654113769531,0.34081145752598296,22.62139789851375,0.41561499843654454,0.22967529296875,0.4739186763763428
M15,merge_extra_comp,2022121701,10,0,100,30.0,DPS,,14.002651453018188,100,0.1589765429532446,23.81806502019282,0.6416556127984329,0.3330944776535034,0.8531340956687927,0.35642518716393795,22.26078003358763,0.4118275681105814,0.171142578125,0.4949079751968384
M15,merge_extra_comp,2022121702,8,0,100,30.0,DPS,,14.791717529296875,100,0.15789120597736533,24.421649033400744,0.685437169498307,0.2902131974697113,0.8463200926780701,0.2890985116262239,23.414283066821202,0.4853793853371606,0.24884033203125,0.4271572232246399
M15,merge_extra_comp,2022121702,9,0,100,30.0,DPS,,14.028705596923828,100,0.17049879820343652,24.866032069927336,0.6515266374502106,0.30643516778945923,0.8388062715530396,0.3177733752672872,23.27091166350252,0.45109372088721283,0.27587890625,0.45408904552459717
M15,merge_extra_comp,2022121702,10,0,100,30.0,DPS,,14.791100263595581,100,0.1613640166236105,23.699860280520134,0.663625753033251,0.3227701187133789,0.881891667842865,0.30703765610574774,22.57551195445498,0.481316631885493,0.28070068359375,0.46087104082107544
M15,merge_extra_comp,2022121703,8,0,100,30.0,DPS,,14.021606922149658,100,0.15449929741928708,24.895440676454918,0.6906280077798066,0.3176094889640808,0.8429585099220276,0.3214947095350398,22.487014492597037,0.44968714490547534,0.277984619140625,0.4630894362926483
M15,merge_extra_comp,2022121703,9,0,100,30.0,DPS,,14.780108213424683,100,0.1639859416329805,24.178755543603323,0.6562529511823779,0.3174942135810852,0.8427527546882629,0.32227100766627026,22.381711241920815,0.43774384745528516,0.2646331787109375,0.45597735047340393
M15,merge_extra_comp,2022121703,10,0,100,30.0,DPS,,14.04050064086914,100,0.17240987583372772,23.658165885217098,0.65262339581173,0.28624647855758667,0.8264957070350647,0.32300095711735266,22.502690845594625,0.4409692080668409,0.2433624267578125,0.4530801773071289
M15,merge_extra_comp,2022121705,8,0,100,30.0,DPS,,14.796033143997192,100,0.16092742205374438,24.4898535267048,0.7084915722044808,0.2975492477416992,0.8471457362174988,0.308362972911252,23.206625284134322,0.459015955967988,0.270263671875,0.43498438596725464
M15,merge_extra_comp,2022121705,9,0,100,30.0,DPS,,14.039576053619385,100,0.1634560449952115,25.088547048934494,0.7073983009565974,0.2932848334312439,0.8375017046928406,0.30897716269595565,23.573745026988476,0.47135338135737687,0.3026275634765625,0.448374480009079
M15,merge_extra_comp,2022121705,10,0,100,30.0,DPS,,14.780789852142334,100,0.16378400041677446,26.01826805310893,0.7329576630902023,0.32458239793777466,0.9085315465927124,0.3166920822372559,24.215091079190202,0.49451275012953544,0.2462158203125,0.4679398536682129
M15,merge_extra_comp,2022121706,8,0,100,30.0,DPS,,14.182427883148193,100,0.14375079400138707,26.681755799465886,0.7250638277610425,0.31259098649024963,0.8565876483917236,0.3206075564938241,23.780599153615377,0.459598839769448,0.2996673583984375,0.45950183272361755
M15,merge_extra_comp,2022121706,9,0,100,30.0,DPS,,14.930053234100342,100,0.14942290676763245,26.59949859897365,0.6713949240123205,0.316569060087204,0.8698963522911072,0.3349246263816477,23.624822290624657,0.4252051309805165,0.29656982421875,0.4682582914829254
M15,merge_extra_comp,2022121706,10,0,100,30.0,DPS,,14.033167362213135,100,0.14276699093991782,25.53046967353357,0.6783303048009299,0.31268006563186646,0.8657552599906921,0.31785987240738195,22.85601717440202,0.4392552398836165,0.2802581787109375,0.44990256428718567
M15,merge_extra_comp,2022121707,7,0,100,30.0,DPS,,14.808128356933594,100,0.13724380176518794,26.25736264678151,0.7489995859622137,0.33868899941444397,0.8729100823402405,0.3787115898629187,22.19005083035892,0.38887066282015165,0.2450408935546875,0.5049322247505188
M15,merge_extra_comp,2022121707,8,0,100,30.0,DPS,,14.008544445037842,100,0.12956299049825648,27.06253643270845,0.7541110540409577,0.3436237573623657,0.8561408519744873,0.3729119310942626,22.626482413985865,0.38414207648707843,0.2487945556640625,0.49506089091300964
M15,merge_extra_comp,2022121707,9,0,100,30.0,DPS,,14.794918060302734,100,0.13695667328813538,26.19328543169745,0.7164770362744438,0.3450523614883423,0.8750719428062439,0.3811717746837517,21.900111936599718,0.3579209812875109,0.2617034912109375,0.49728119373321533
M15,merge_extra_comp,2022121708,8,0,100,30.0,DPS,,14.032639026641846,100,0.15199651794842653,25.866596027475445,0.732937497997856,0.3254510760307312,0.8734330534934998,0.3251251665424516,23.801723043680383,0.48955699954706783,0.172454833984375,0.47673657536506653
M15,merge_extra_comp,2022121708,9,0,100,30.0,DPS,,14.723604679107666,100,0.16523894473500897,23.870035488298832,0.6049549343774865,0.35130420327186584,0.8895439505577087,0.35885946874600344,21.184600612378716,0.4090528325292205,0.21185302734375,0.4986395239830017
M15,merge_extra_comp,2022121708,10,0,100,30.0,DPS,,14.033848524093628,100,0.1680501622548061,24.108754344624952,0.6477785699154699,0.3480515480041504,0.8725866675376892,0.3678754724829933,21.926251113106634,0.40618381715117713,0.1817169189453125,0.5050323009490967
M1,merge_fixed,2022101101,8,0,50,,,0.03,3.36433744430542,0,0.19251471327588632,23.32350645970986,0.5839739987712377,0.19916561245918274,0.942601203918457,0.35064082734922114,22.17410151236415,0.41665518072977203,0.271240234375,0.5238882303237915
M1,merge_fixed,2022101101,9,0,50,,,0.03,2.4871978759765625,0,0.23017911517181125,21.11635337815077,0.44190454878556695,0.17944450676441193,1.0059024095535278,0.38875161989663354,20.61824212455189,0.33552159520889024,0.25335693359375,0.5409015417098999
M1,merge_fixed,2022101101,10,0,50,,,0.03,2.4959025382995605,0,0.20774950260207994,21.758838571956982,0.5633286614687493,0.17406891286373138,0.9580217599868774,0.33213811235412166,23.19733255214407,0.4333558718196485,0.234466552734375,0.49108991026878357
M1,merge_fixed,2022101102,8,0,50,,,0.03,2.562101364135742,0,0.22404632147914536,21.969988269629575,0.5290599095923583,0.17657549679279327,0.9612365365028381,0.3456903219851996,22.940602657609375,0.4140686779509809,0.3021697998046875,0.5204922556877136
M1,merge_fixed,2022101102,9,0,50,,,0.03,2.5974199771881104,0,0.19181135258382764,22.481619734956464,0.5979869777881839,0.17908649146556854,0.9306735396385193,0.32242194775404553,23.22121838514136,0.4473138249507525,0.29736328125,0.4893490970134735
M1,merge_fixed,2022101102,10,0,50,,,0.03,2.517655849456787,0,0.20584124356560804,21.541953836713592,0.5171888688088924,0.16605502367019653,0.972402811050415,0.3181587419014274,22.6099053276429,0.4214425589055563,0.2732391357421875,0.478192001581192
M1,merge_fixed,2022101103,8,0,50,,,0.03,2.709143877029419,0,0.22824221561446503,21.751210843870368,0.5236860200598791,0.19901707768440247,0.9867743849754333,0.37777629723911094,21.982889954138756,0.38796275213911496,0.2850341796875,0.5553774833679199
M1,merge_fixed,2022101103,9,0,50,,,0.03,2.142855405807495,0,0.22044385268450914,21.618081321234044,0.5221175809010689,0.18734866380691528,0.9647863507270813,0.3643044245389627,21.771027337505284,0.38455255424176166,0.276763916015625,0.5309770703315735
M1,merge_fixed,2022101103,10,0,50,,,0.03,2.080578088760376,0,0.20453172428785274,23.066542264742612,0.5332438433560727,0.18790696561336517,0.9634281396865845,0.3491969216959722,22.528567597422395,0.40128891272000305,0.271453857421875,0.5208127498626709
M1,merge_fixed,2022101201,8,0,50,,,0.03,2.087172031402588,0,0.2515684187285246,21.143936717578995,0.5199782399106538,0.19162499904632568,0.9868128895759583,0.37837608040017184,22.25825465766679,0.359347611544111,0.2722625732421875,0.5168858766555786
M1,merge_fixed,2022101201,9,0,50,,,0.03,2.2051384449005127,0,0.2053744441724273,22.053521703817008,0.5642642251888236,0.1821695864200592,0.9596372842788696,0.3589392692323535,21.90647093386238,0.36054738675705156,0.266693115234375,0.4946350157260895
M1,merge_fixed,2022101201,10,0,50,,,0.03,2.0508317947387695,0,0.2171232210202292,21.40693028495848,0.5280294738032754,0.1843293011188507,0.9776521921157837,0.35506550765168926,22.162580586842623,0.3720666532265924,0.2415313720703125,0.4945301115512848
M1,merge_fixed,2022101204,8,0,50,,,0.03,2.0266425609588623,0,0.26242548723939435,21.246403515773892,0.46919885820448815,0.17901985347270966,0.9784382581710815,0.3963818318317461,21.842446158223492,0.3457259865384148,0.2927398681640625,0.5370094776153564
M1,merge_fixed,2022101204,9,0,50,,,0.03,2.0515706539154053,0,0.2439604478316876,21.955502239154335,0.47603693305732425,0.17277728021144867,0.9741580486297607,0.37512733407060656,22.642466955312504,0.3686453452183213,0.271881103515625,0.5182127356529236
M1,merge_fixed,2022101204,10,0,50,,,0.03,2.2365148067474365,0,0.23721111668334707,21.82241148286032,0.4987619123087999,0.17723162472248077,0.9767491221427917,0.3717219930158791,22.407948706158717,0.36595479812155457,0.2709503173828125,0.5106083154678345
M1,merge_fixed,2022101301,8,0,50,,,0.03,1.9955790042877197,0,0.21674869610948974,22.88302437484412,0.5402703848960416,0.1933654099702835,0.9633955955505371,0.3622359579519178,22.698402660308687,0.4013662051542318,0.269775390625,0.5320695042610168
M1,merge_fixed,2022101301,9,0,50,,,0.03,1.9788830280303955,0,0.2177572958948308,22.02013607166038,0.4926996853539404,0.1847841888666153,0.9750147461891174,0.36845903492023957,21.63963626350263,0.3638754876134917,0.272857666015625,0.5283344984054565
M1,merge_fixed,2022101301,10,0,50,,,0.03,2.0979788303375244,0,0.2191768688059641,22.578914071454506,0.4907222582020232,0.19263620674610138,0.9700942635536194,0.3651899497997523,22.325080093744162,0.3798783560139692,0.2729644775390625,0.5207893252372742
M1,merge_fixed,2022101302,8,0,50,,,0.03,2.0444087982177734,0,0.2598275557709483,20.217279836639225,0.4618439759894453,0.19485072791576385,0.990830659866333,0.38790060684862293,21.23685632862509,0.34859000436909693,0.1457672119140625,0.5460076332092285
M1,merge_fixed,2022101302,9,0,50,,,0.03,2.042337417602539,0,0.2423649312365814,20.002650858248483,0.4839728445616965,0.19434309005737305,0.9839712977409363,0.3788288309626745,20.80615697292153,0.33329196634048475,0.2483062744140625,0.5236875414848328
M1,merge_fixed,2022101302,10,0,50,,,0.03,2.2066233158111572,0,0.23114945201039683,21.58448421403441,0.49054842205897037,0.198389932513237,0.9896211624145508,0.3654143339500841,21.871326528427396,0.3748572037094905,0.2863616943359375,0.529394805431366
M1,merge_fixed,2022101303,8,0,50,,,0.03,2.3646602630615234,0,0.26267097392390043,19.374270034929005,0.5312523336048964,0.16393154859542847,0.9849328398704529,0.3749428215014209,22.365058938014954,0.36168355560285037,0.0517425537109375,0.5120373964309692
M1,merge_fixed,2022101303,9,0,50,,,0.03,2.421567678451538,0,0.19756065099016523,22.535741282883208,0.6461060955090744,0.18400712311267853,0.9268747568130493,0.3440216960744607,22.856241928368462,0.4057310268543709,0.0641937255859375,0.4813248813152313
M1,merge_fixed,2022101303,10,0,50,,,0.03,2.302577257156372,0,0.26319545326012006,19.195972948696458,0.5099887377775458,0.17833666503429413,0.9760297536849976,0.38065323146531455,22.086331822578302,0.361942282903685,0.109771728515625,0.5167644619941711
M1,merge_fixed,2022112702,8,0,50,,,0.03,2.472721576690674,0,0.20908899991359775,23.105969061973767,0.5336198190596534,0.1848764419555664,0.9423108696937561,0.35297005271284937,23.062158396497715,0.4004808330578968,0.2598114013671875,0.4980030059814453
M1,merge_fixed,2022112702,9,0,50,,,0.03,2.3111732006073,0,0.21378535027514467,22.262293681455443,0.4652682942190927,0.18620650470256805,0.9959072470664978,0.3734151983655793,21.974178900441604,0.35113110826164734,0.2509307861328125,0.5202122330665588
M1,merge_fixed,2022112702,10,0,50,,,0.03,2.125946044921875,0,0.2282683595322646,21.60502385975168,0.429998068927144,0.1635885238647461,0.9913073778152466,0.3754827185669534,22.134899733172062,0.3405445398652506,0.22802734375,0.5160654783248901
M1,merge_fixed,2022112704,8,0,50,,,0.03,1.9375557899475098,0,0.2520478685694731,22.119676892061126,0.5279932946620197,0.18296027183532715,0.9766437411308289,0.37298752499739846,23.079310811937376,0.4021711710013408,0.2573699951171875,0.519925057888031
M1,merge_fixed,2022112704,9,0,50,,,0.03,1.934607982635498,0,0.23525171021327893,22.725180953956627,0.5069869533518498,0.18194840848445892,0.9816290140151978,0.36814301332203336,23.007928977417514,0.3873917857702463,0.27520751953125,0.5267873406410217
M1,merge_fixed,2022112704,10,0,50,,,0.03,2.169215202331543,0,0.22932298942472104,22.321638567942067,0.48731882420114564,0.18547743558883667,0.9767498970031738,0.3571929921266637,22.818458619098088,0.39409014140357057,0.2538604736328125,0.5179023742675781
M1,merge_fixed,2022120401,8,0,50,,,0.03,2.1223247051239014,0,0.23732345590251314,22.119704292914307,0.5244434962269993,0.185586079955101,0.9843149781227112,0.3668837514341903,22.500634519786257,0.3881809565425408,0.3004150390625,0.5243557691574097
M1,merge_fixed,2022120401,9,0,50,,,0.03,2.154611825942993,0,0.2180517846036589,22.40864794403434,0.5230156733963668,0.18787595629692078,0.988487720489502,0.3583852608306457,22.297947576937695,0.38050801271212265,0.29266357421875,0.520660400390625
M1,merge_fixed,2022120401,10,0,50,,,0.03,2.1210649013519287,0,0.21645077037400987,22.72844300322511,0.4828251042556732,0.17683900892734528,0.9904186129570007,0.35352900804063464,22.790396989529064,0.3745631676925148,0.282684326171875,0.5098364353179932
M1,merge_fixed,2022120402,8,0,50,,,0.03,2.2442314624786377,0,0.20148493450055363,23.065181237983673,0.5427561703453535,0.18611964583396912,0.9608015418052673,0.3568121821118837,22.395320176568312,0.40540512048827104,0.2657470703125,0.5287639498710632
M1,merge_fixed,2022120402,9,0,50,,,0.03,2.1510159969329834,0,0.22348043343419988,21.04511008154565,0.43629088313703174,0.18517683446407318,0.9955431222915649,0.3735151367914534,21.02236224824931,0.35346812184878185,0.2476654052734375,0.5366249084472656
M1,merge_fixed,2022120402,10,0,50,,,0.03,2.1353352069854736,0,0.1978126808528878,22.65694848596226,0.47698400097475224,0.16528739035129547,0.9593144059181213,0.35027093618835226,22.344223958545015,0.39125095024558215,0.2301025390625,0.5069209933280945
M1,merge_fixed,2022120403,8,0,50,,,0.03,2.1330976486206055,0,0.23592991059841648,22.229198737909496,0.48322550982833223,0.1780215948820114,0.9968367218971252,0.36525743738697847,22.639387624082765,0.37692282399235505,0.29296875,0.5205076336860657
M1,merge_fixed,2022120403,9,0,50,,,0.03,2.1472911834716797,0,0.21447790167461,22.417062549986294,0.5091961842856982,0.17650973796844482,0.9797251224517822,0.3617470764447572,22.126517075703095,0.3756333670611209,0.2761688232421875,0.5195640921592712
M1,merge_fixed,2022120403,10,0,50,,,0.03,2.0841293334960938,0,0.22043026059956683,21.83974695347279,0.46628877420068376,0.17488785088062286,0.9900678992271423,0.34857747313027687,22.11397476466631,0.38056395421563033,0.267791748046875,0.501760721206665
M1,merge_fixed,2022120404,8,0,50,,,0.03,2.1434719562530518,0,0.21573014416587458,22.814229299681553,0.543235980940437,0.18348972499370575,0.9848988056182861,0.34888170328893253,23.014235824472177,0.3996094572576922,0.2799530029296875,0.5012331008911133
M1,merge_fixed,2022120404,9,0,50,,,0.03,2.353384494781494,0,0.2018099166628135,23.149558947515445,0.5090321724970601,0.17792214453220367,0.9927232265472412,0.34751066342651904,22.873615659349742,0.3831079249955463,0.26031494140625,0.5030476450920105
M1,merge_fixed,2022120404,10,0,50,,,0.03,2.12162709236145,0,0.2051271046124126,23.288451948414128,0.5056181737693257,0.179890975356102,0.9820650815963745,0.34531224934446003,23.079476532163106,0.40511042705149347,0.2296905517578125,0.5078221559524536
M1,merge_fixed,2022120406,8,0,50,,,0.03,2.1293187141418457,0,0.21652784734861832,21.985952046763177,0.5139392857683924,0.1798402965068817,0.9755973219871521,0.35053068182958524,22.30406076966723,0.3916104899972656,0.2564849853515625,0.5064284205436707
M1,merge_fixed,2022120406,9,0,50,,,0.03,2.1253933906555176,0,0.22783114945681904,21.4649704284178,0.4945618269133836,0.1799713522195816,0.9745375514030457,0.3496144251509135,22.15234267831476,0.403033817605598,0.235595703125,0.5125772356987
M1,merge_fixed,2022120406,10,0,50,,,0.03,2.327188730239868,0,0.2132150956326968,21.300582336433177,0.5037967623379643,0.17394964396953583,0.974619448184967,0.3468504301153072,23.131864503149203,0.41893461719728214,0.2180023193359375,0.5146669149398804
M1,merge_fixed,2022120407,8,0,50,,,0.03,2.30151629447937,0,0.22169286195503,23.602357336214638,0.552321869570713,0.1810540407896042,0.9445969462394714,0.356953870914297,23.779734913918187,0.4232238194049815,0.25726318359375,0.5116492509841919
M1,merge_fixed,2022120407,9,0,50,,,0.03,2.564622640609741,0,0.2186424605693344,21.77156229399118,0.48380710815052486,0.17936980724334717,0.9599567651748657,0.34936742705064827,22.037309901678913,0.39657461188201154,0.2559661865234375,0.5040810108184814
M1,merge_fixed,2022120407,10,0,50,,,0.03,2.1262388229370117,0,0.22108274128646413,21.46771095282373,0.4776348581412129,0.17866826057434082,0.983431875705719,0.3503968667185569,21.871430965331523,0.3888054549471826,0.2457275390625,0.509901762008667
M1,merge_fixed,2022120408,8,0,50,,,0.03,3.0105855464935303,0,0.21900996453597393,22.676232012628983,0.5499936731148534,0.17872683703899384,0.9441655874252319,0.34459955808825854,22.77108459377554,0.43049728480992794,0.27801513671875,0.5069101452827454
M1,merge_fixed,2022120408,9,0,50,,,0.03,2.8483974933624268,0,0.2218515533524738,21.22447906938387,0.5120445182137251,0.1848531812429428,0.9501808881759644,0.3421315887050666,21.575309774263246,0.41284730091180244,0.2511749267578125,0.5100620985031128
M1,merge_fixed,2022120408,10,0,50,,,0.03,2.0953965187072754,0,0.23210291244596998,20.916360068946904,0.4720465591042356,0.17496655881404877,0.9725587964057922,0.3421660918722585,21.80266228003636,0.41020350249486554,0.2187957763671875,0.5002484917640686
M1,merge_fixed,2022120409,8,0,50,,,0.03,2.1536953449249268,0,0.2321911567919831,22.19695445263232,0.520080400871346,0.18129396438598633,0.9648957848548889,0.36498839259474963,22.381537680570688,0.3892143050853344,0.297821044921875,0.5141028761863708
M1,merge_fixed,2022120409,9,0,50,,,0.03,2.304095983505249,0,0.2189546645689037,22.517446440406125,0.4749030506088988,0.1709255427122116,0.9716429710388184,0.3717084000883144,22.062513294761747,0.361729472644449,0.292999267578125,0.527428925037384
M1,merge_fixed,2022120409,10,0,50,,,0.03,1.9257683753967285,0,0.1961171273144673,23.555115484607004,0.5186504063582983,0.17619124054908752,0.9576006531715393,0.3449569049990861,23.00247988743173,0.40590221927021886,0.26251220703125,0.5052274465560913
M1,merge_fixed,2022121701,8,0,50,,,0.03,2.073138475418091,0,0.222631366810258,20.598048728447772,0.47117792082552634,0.17708466947078705,0.9707754850387573,0.35167580954414784,21.558319893568985,0.38266861014695297,0.20849609375,0.5033996105194092
M1,merge_fixed,2022121701,9,0,50,,,0.03,1.9627306461334229,0,0.20409609464517303,21.595749456852204,0.5148991925816225,0.18738654255867004,0.9644460082054138,0.3433802167354347,22.556176222554697,0.4160399076846383,0.22967529296875,0.5126801133155823
M1,merge_fixed,2022121701,10,0,50,,,0.03,2.144827127456665,0,0.2154287099647472,21.17865437892251,0.4776461070392625,0.19556449353694916,0.9939523339271545,0.37231153518038335,21.88201792017301,0.3891533024112852,0.171142578125,0.5498989820480347
M1,merge_fixed,2022121702,8,0,50,,,0.03,2.082573652267456,0,0.21294098149376356,21.82362284148432,0.5257442937039332,0.1618283987045288,0.9433960914611816,0.32003012386835555,22.531382990269442,0.4301794743664006,0.24884033203125,0.46995046734809875
M1,merge_fixed,2022121702,9,0,50,,,0.03,2.0253140926361084,0,0.2208306226420953,22.61927257307152,0.48596389033993226,0.16380013525485992,0.955690860748291,0.33561028737092485,22.796556508251,0.4173241946211839,0.27587890625,0.49871963262557983
M1,merge_fixed,2022121702,10,0,50,,,0.03,2.207254648208618,0,0.2353259935424215,20.422596174846127,0.43136437740076367,0.1722555309534073,0.972568690776825,0.34791228248841377,21.489949573488204,0.3972688669084458,0.28070068359375,0.520648181438446
M1,merge_fixed,2022121703,8,0,50,,,0.03,2.1155171394348145,0,0.2169277120713957,21.94767013715569,0.5066528963710373,0.1773516982793808,0.9448518753051758,0.34547839209756803,21.862073312060915,0.39846440083708917,0.277984619140625,0.5115269422531128
M1,merge_fixed,2022121703,9,0,50,,,0.03,2.31421160697937,0,0.19614251855454443,22.623452952415512,0.5351653554420565,0.1858910322189331,0.9059281349182129,0.3259191833904538,22.283937512061986,0.424652998664373,0.2646331787109375,0.48415347933769226
M1,merge_fixed,2022121703,10,0,50,,,0.03,2.225052833557129,0,0.24805325647397242,20.498510009245095,0.42960562019609766,0.17794528603553772,0.9966208934783936,0.3636768960427405,21.472452795843186,0.3876513318363846,0.2433624267578125,0.5321044921875
M1,merge_fixed,2022121705,8,0,50,,,0.03,1.9033987522125244,0,0.24942332453947855,20.6837133395761,0.49062561877126337,0.1735215187072754,0.9764382839202881,0.3581677356576873,21.90614053853764,0.3945790633950778,0.270263671875,0.5017265677452087
M1,merge_fixed,2022121705,9,0,50,,,0.03,2.1542129516601562,0,0.22693688299188763,22.238465068649713,0.5308928930570277,0.1740308254957199,0.983165979385376,0.3422267004539878,22.6859948407714,0.42757590934072914,0.3026275634765625,0.5144382119178772
M1,merge_fixed,2022121705,10,0,50,,,0.03,2.0597734451293945,0,0.23805426879264896,22.77017807060295,0.5050353047877574,0.17967867851257324,0.9745071530342102,0.35630810615676345,23.191321132617425,0.4170777022531122,0.2462158203125,0.529318630695343
M1,merge_fixed,2022121706,8,0,50,,,0.03,2.067963123321533,0,0.19924540486905412,23.846194559103317,0.5795522189013039,0.18119309842586517,0.960741400718689,0.3369638950935028,23.348406842497035,0.4262966963577809,0.2996673583984375,0.4965772032737732
M1,merge_fixed,2022121706,9,0,50,,,0.03,2.1727592945098877,0,0.19583043921046273,24.25023825212267,0.5405388818583856,0.183783620595932,0.9575788378715515,0.33882716636493276,23.524199446843465,0.427933697534015,0.29656982421875,0.5008022785186768
M1,merge_fixed,2022121706,10,0,50,,,0.03,2.173835515975952,0,0.21739302910121394,21.878113516979838,0.4796134023264169,0.17682135105133057,0.9803528189659119,0.34618144772735693,22.114655472726078,0.39182003744359767,0.2802581787109375,0.5027626752853394
M1,merge_fixed,2022121707,7,0,50,,,0.03,2.358734607696533,0,0.2339522539728103,21.62467277034132,0.4949978408607887,0.21160975098609924,0.9754287600517273,0.4005510397920127,21.70306548539822,0.3465038822779317,0.2450408935546875,0.5592331290245056
M1,merge_fixed,2022121707,8,0,50,,,0.03,2.2241499423980713,0,0.20346614679415062,23.142312493063674,0.5648448492829161,0.20447762310504913,0.9684194326400757,0.3832772229074417,22.3883477631885,0.36765731150062414,0.2487945556640625,0.542518675327301
M1,merge_fixed,2022121707,9,0,50,,,0.03,2.369314193725586,0,0.23148166826252842,21.634617326196377,0.45153121769241705,0.19568927586078644,0.9976850748062134,0.397802480888338,21.52917687460907,0.32224874780603513,0.2617034912109375,0.5563759207725525
M1,merge_fixed,2022121708,8,0,50,,,0.03,2.1685407161712646,0,0.20996626375275051,23.060278400831837,0.5764475038781146,0.18335144221782684,0.9589040279388428,0.338318766603115,23.456213020038412,0.46004545013461934,0.172454833984375,0.512842059135437
M1,merge_fixed,2022121708,9,0,50,,,0.03,2.1058247089385986,0,0.20139567132594768,22.151281106679086,0.48649604406768787,0.19067591428756714,0.9613106846809387,0.3460126736703335,21.50124868335757,0.4095987282555735,0.21185302734375,0.5339497327804565
M1,merge_fixed,2022121708,10,0,50,,,0.03,2.1161792278289795,0,0.20448679765916672,22.404227591747684,0.5554373390376465,0.19786517322063446,0.9583781957626343,0.3474424916883297,22.422609152762934,0.44331411421476097,0.1817169189453125,0.5366464853286743
M2,single_r4,2022101101,8,0,100,30.0,DPS,,15.36879849433899,100,0.19077832087487373,23.402204555402314,0.6032099519066673,0.2622426152229309,0.8775875568389893,0.3648399458535351,21.829303507955167,0.38617511625372114,0.271240234375,0.4939510226249695
M2,single_r4,2022101101,9,0,100,30.0,DPS,,15.340253829956055,100,0.17272680347225877,23.61047698490083,0.5927760416333813,0.2499731481075287,0.8692589402198792,0.3499828671850431,21.530750664241843,0.3845641901562612,0.25335693359375,0.4716664254665375
M2,single_r4,2022101101,10,0,100,30.0,DPS,,15.00477910041809,100,0.1730274563851623,23.347337956770623,0.6576186569365029,0.23916542530059814,0.8566008806228638,0.3282548017457349,23.29948505994469,0.4222948309188639,0.234466552734375,0.4412749707698822
M2,single_r4,2022101102,8,0,100,30.0,DPS,,14.9764404296875,100,0.19045792587654886,23.380763616481527,0.643211440150767,0.25449347496032715,0.8528671264648438,0.3341031936799163,23.23673453871956,0.44481830135639994,0.3021697998046875,0.46891555190086365
M2,single_r4,2022101102,9,0,100,30.0,DPS,,14.491360902786255,100,0.18699208646924714,22.702641341141224,0.6124593300175795,0.23814526200294495,0.8716667294502258,0.3283739018436974,23.06233766133151,0.4346482051589369,0.29736328125,0.4595848023891449
M2,single_r4,2022101102,10,0,100,30.0,DPS,,15.13793683052063,100,0.20504060595308865,21.575804242869545,0.5700418503318113,0.2083679586648941,0.8918908834457397,0.3260956025204557,22.395883695014355,0.43096208294518235,0.2732391357421875,0.44160208106040955
M2,single_r4,2022101103,8,0,100,30.0,DPS,,14.763683080673218,100,0.16791312461025232,24.41743746840028,0.6584655269390934,0.27456411719322205,0.8774970173835754,0.35050494058756343,22.633701185502325,0.42513895879100205,0.2850341796875,0.5001264810562134
M2,single_r4,2022101103,9,0,100,30.0,DPS,,15.163856506347656,100,0.16752267480059013,24.0025691987802,0.6336169118808614,0.2537623643875122,0.8789495825767517,0.3523810411679869,22.060065566120116,0.39597330699384353,0.276763916015625,0.48747268319129944
M2,single_r4,2022101103,10,0,100,30.0,DPS,,14.87133264541626,100,0.15723430625713214,25.35080968113331,0.656296903609768,0.25600555539131165,0.8824611306190491,0.3372829779689633,22.830087254502054,0.42049817465519207,0.271453857421875,0.4766441881656647
M2,single_r4,2022101201,8,0,100,30.0,DPS,,15.08834195137024,100,0.17265482267041288,24.41348484138649,0.6745538548258211,0.24074822664260864,0.8649424910545349,0.3453666998679612,23.05111892367193,0.3897581057071363,0.2722625732421875,0.4574061632156372
M2,single_r4,2022101201,9,0,100,30.0,DPS,,14.514713048934937,100,0.16524009914282295,23.94214078756608,0.666804049182513,0.24576082825660706,0.889224648475647,0.347073448396771,22.1984626035603,0.3755159123947467,0.266693115234375,0.45889195799827576
M2,single_r4,2022101201,10,0,100,30.0,DPS,,15.111150979995728,100,0.17966393756832894,23.051837475761232,0.6360157446926386,0.2214234322309494,0.8944967985153198,0.3429743783811751,22.463516742254463,0.38572627607028803,0.2415313720703125,0.4530951678752899
M2,single_r4,2022101204,8,0,100,30.0,DPS,,14.480592250823975,100,0.1845757792448436,24.303029547984455,0.6697127580213733,0.24766415357589722,0.7903974056243896,0.3351245965956462,23.300594881472993,0.42332945135205124,0.2927398681640625,0.4361085593700409
M2,single_r4,2022101204,9,0,100,30.0,DPS,,15.043748378753662,100,0.1727548448817581,24.953285958623823,0.6552777648389262,0.23290114104747772,0.8148613572120667,0.3349545658652367,23.626323125107717,0.4019282854286313,0.271881103515625,0.4371591806411743
M2,single_r4,2022101204,10,0,100,30.0,DPS,,14.550809860229492,100,0.17179356802977463,24.624974247243813,0.6621438168177243,0.2337484061717987,0.8295374512672424,0.32915131516915785,23.46440195161055,0.4231436619282137,0.2709503173828125,0.4327051043510437
M2,single_r4,2022101301,8,0,100,30.0,DPS,,15.239228963851929,100,0.19351880686496523,23.86769069182413,0.6312398876440191,0.25544363260269165,0.8378428816795349,0.36365495670843245,22.664443612064304,0.4054438158016497,0.269775390625,0.4719292223453522
M2,single_r4,2022101301,9,0,100,30.0,DPS,,14.44089651107788,100,0.1799598192797927,23.67607940104979,0.5975361858922855,0.2604648172855377,0.8526137471199036,0.3617633851346332,21.798928291459276,0.3718049396777714,0.272857666015625,0.46857476234436035
M2,single_r4,2022101301,10,0,100,30.0,DPS,,15.094920635223389,100,0.16302397806151617,25.149778707260346,0.6610220063771859,0.2545918822288513,0.8586112856864929,0.3474694551673811,22.75712376878542,0.40076335474802866,0.2729644775390625,0.45658570528030396
M2,single_r4,2022101302,8,0,100,30.0,DPS,,14.45828652381897,100,0.2217444984978538,21.59392691921791,0.5969799418278228,0.26618385314941406,0.8368405699729919,0.3656726722165666,21.74941540002748,0.3999714403646476,0.1457672119140625,0.4753788709640503
M2,single_r4,2022101302,9,0,100,30.0,DPS,,15.12691617012024,100,0.21703050268982904,20.961630935862306,0.5725306125503046,0.2540892958641052,0.8653618097305298,0.37599821652715865,20.87130174993335,0.3429048121434666,0.2483062744140625,0.4723482131958008
M2,single_r4,2022101302,10,0,100,30.0,DPS,,14.95919680595398,100,0.2119263093478587,22.33864407683727,0.5778827977911882,0.251189261674881,0.8718507885932922,0.3641006167267884,21.902609821912627,0.3923840388804545,0.2863616943359375,0.47399666905403137
M2,single_r4,2022101303,8,0,100,30.0,DPS,,15.042726278305054,100,0.1514578542345738,24.15667572791625,0.8246152440581651,0.2281104475259781,0.8259369134902954,0.31840474263061214,23.784769243531414,0.43291905764310434,0.0517425537109375,0.43359142541885376
M2,single_r4,2022101303,9,0,100,30.0,DPS,,14.48614239692688,100,0.1414601075625776,25.437070574494975,0.8177782923916049,0.2334776222705841,0.820074200630188,0.3198086217884928,23.49015522534136,0.4194055253962377,0.0641937255859375,0.42638257145881653
M2,single_r4,2022101303,10,0,100,30.0,DPS,,15.044979333877563,100,0.16078681917735355,23.476531724646357,0.7614889179584307,0.23058193922042847,0.8190594911575317,0.3170499034485964,23.67436973693696,0.44383910409705496,0.109771728515625,0.43643686175346375
M2,single_r4,2022112702,8,0,100,30.0,DPS,,14.760989665985107,100,0.1789878476356799,24.45612185736438,0.6341049952902628,0.24227619171142578,0.8442873954772949,0.3483086079129428,23.177631442198123,0.398514362505359,0.2598114013671875,0.4532519280910492
M2,single_r4,2022112702,9,0,100,30.0,DPS,,15.088367700576782,100,0.17196954247398608,24.152821798880876,0.5908076129692515,0.24698495864868164,0.8642780184745789,0.35463460181462797,22.422396552391014,0.36561310491890175,0.2509307861328125,0.4584137201309204
M2,single_r4,2022112702,10,0,100,30.0,DPS,,15.43473219871521,100,0.19474906224523195,22.984430711843217,0.5457707521255886,0.24049143493175507,0.86467045545578,0.3549281168426426,22.62389070817177,0.3604272684943913,0.22802734375,0.45430922508239746
M2,single_r4,2022112704,8,0,100,30.0,DPS,,15.059389591217041,100,0.16718518593692963,25.6853816253413,0.7231772896583765,0.24719829857349396,0.8401098847389221,0.3234755440634967,24.31636790343324,0.4539495429312552,0.2573699951171875,0.447057843208313
M2,single_r4,2022112704,9,0,100,30.0,DPS,,15.139492273330688,100,0.16551413247615807,25.779135098815928,0.6708154855221317,0.24350765347480774,0.8559637069702148,0.3336301433477027,23.862954591647757,0.42148351155454544,0.27520751953125,0.4617396593093872
M2,single_r4,2022112704,10,0,100,30.0,DPS,,15.085636377334595,100,0.1674553604025027,25.052609373453997,0.655003206165726,0.2557310461997986,0.8678860068321228,0.3289599911691069,23.53365558769,0.4317534379240696,0.2538604736328125,0.45969438552856445
M2,single_r4,2022120401,8,0,100,30.0,DPS,,15.237083911895752,100,0.16342332258941586,25.360236851548503,0.693525722162536,0.2512998580932617,0.8732441663742065,0.3335212231225099,23.328734586121918,0.44850814424475843,0.3004150390625,0.46624231338500977
M2,single_r4,2022120401,9,0,100,30.0,DPS,,15.823904037475586,100,0.17890327289776395,24.127475138067183,0.6194386215474615,0.25922077894210815,0.890241801738739,0.3505475442044998,22.490011803613385,0.3962824077261358,0.29266357421875,0.47743284702301025
M2,single_r4,2022120401,10,0,100,30.0,DPS,,14.558605909347534,100,0.18154931608388353,24.25573337603264,0.6055349233214411,0.24610228836536407,0.9086137413978577,0.3333641036402619,23.300521411815062,0.42084110308299766,0.282684326171875,0.4684390723705292
M2,single_r4,2022120402,8,0,100,30.0,DPS,,15.850148677825928,100,0.1919348276522718,23.486957066364962,0.569435955343332,0.2570609450340271,0.8645327091217041,0.36442411768496885,22.21197142570071,0.37682388415854734,0.2657470703125,0.4834194779396057
M2,single_r4,2022120402,9,0,100,30.0,DPS,,14.654658317565918,100,0.1871889855055883,22.58429436970433,0.5565644045948289,0.2511315643787384,0.8701228499412537,0.3643976566056392,21.23701486783105,0.3634365500234322,0.2476654052734375,0.4767983555793762
M2,single_r4,2022120402,10,0,100,30.0,DPS,,15.1399405002594,100,0.19402213334160576,22.82500555117824,0.5031750931210675,0.2413186877965927,0.8865714073181152,0.3605006852659695,22.094184129207033,0.3566852594208018,0.2301025390625,0.47673943638801575
M2,single_r4,2022120403,8,0,100,30.0,DPS,,14.553262948989868,100,0.190849845072306,24.071022565896953,0.6035960260684399,0.2414117157459259,0.8674410581588745,0.34040535030937424,23.2514414309573,0.40341335562321007,0.29296875,0.4559566080570221
M2,single_r4,2022120403,9,0,100,30.0,DPS,,15.132560014724731,100,0.18805182563597872,23.559162512746067,0.5937977779717337,0.2513478100299835,0.870256245136261,0.3472206364991103,22.482507097193345,0.3878199684645512,0.2761688232421875,0.4606742262840271
M2,single_r4,2022120403,10,0,100,30.0,DPS,,14.519813537597656,100,0.21434223685675374,22.083016062041825,0.5015098006033947,0.23525334894657135,0.8862806558609009,0.3460643459930063,22.17682396147396,0.3764635279648485,0.267791748046875,0.4564151465892792
M2,single_r4,2022120404,8,0,100,30.0,DPS,,15.188749313354492,100,0.17860298766049817,24.45467158433037,0.6346160596781674,0.24522565305233002,0.8870901465415955,0.3396078040196144,23.248246472416866,0.40604707528732564,0.2799530029296875,0.45835521817207336
M2,single_r4,2022120404,9,0,100,30.0,DPS,,14.528115272521973,100,0.17730676704899773,24.273902786740376,0.5993297290893833,0.24630792438983917,0.9007642865180969,0.3375081613095493,23.12729279001686,0.40114541387194586,0.26031494140625,0.4640547037124634
M2,single_r4,2022120404,10,0,100,30.0,DPS,,15.789329528808594,100,0.18502069684343309,24.184506701544954,0.5696462927906717,0.24834267795085907,0.8972233533859253,0.3411676690320888,23.184358856133585,0.4069419429437679,0.2296905517578125,0.4663727283477783
M2,single_r4,2022120406,8,0,100,30.0,DPS,,14.512633323669434,100,0.19500418192506547,22.895348711868575,0.5748491698947438,0.24771852791309357,0.8786873817443848,0.34928721082687525,22.33492783773627,0.3896558615122351,0.2564849853515625,0.4665423035621643
M2,single_r4,2022120406,9,0,100,30.0,DPS,,15.111656427383423,100,0.20208711996192014,22.50645976176072,0.5790384806280683,0.24123062193393707,0.8958260416984558,0.3400084128489598,22.39433628724349,0.4194099041324386,0.235595703125,0.4677547812461853
M2,single_r4,2022120406,10,0,100,30.0,DPS,,14.599265575408936,100,0.19465160899323727,22.0917813673612,0.5956390956509076,0.2516903281211853,0.9011929631233215,0.3414210044133587,23.268904538033425,0.4371300651968512,0.2180023193359375,0.47416409850120544
M2,single_r4,2022120407,8,0,100,30.0,DPS,,15.189666748046875,100,0.1841376361941402,25.21454026078988,0.6493683974472101,0.24539418518543243,0.8452011346817017,0.34350564416035395,24.11329928528054,0.43051760316391924,0.25726318359375,0.4675782322883606
M2,single_r4,2022120407,9,0,100,30.0,DPS,,14.57888150215149,100,0.17228302589459676,23.841402600069728,0.6126478053095781,0.24626807868480682,0.837181031703949,0.33214260201162266,22.476466459190867,0.4077421326324761,0.2559661865234375,0.45238521695137024
M2,single_r4,2022120407,10,0,100,30.0,DPS,,15.231509447097778,100,0.17402073768668677,23.54678766463619,0.5895453031704108,0.23985056579113007,0.8696902990341187,0.3198541231507504,22.663596176378363,0.42562849635577554,0.2457275390625,0.44905951619148254
M2,single_r4,2022120408,8,0,100,30.0,DPS,,15.048596620559692,100,0.1620510584272028,25.292472070905564,0.6805571968246995,0.2506943643093109,0.8376780152320862,0.3198089635893986,23.419566278016912,0.45500108351100893,0.27801513671875,0.4568813443183899
M2,single_r4,2022120408,9,0,100,30.0,DPS,,15.156190872192383,100,0.18026335441437868,23.0275795805003,0.5766398606481167,0.2326078861951828,0.8592982888221741,0.3331594158658582,21.806131416299355,0.4009148413719722,0.2511749267578125,0.4644748866558075
M2,single_r4,2022120408,10,0,100,30.0,DPS,,14.527710914611816,100,0.1628785883024862,23.99269193867044,0.639629646897886,0.23638741672039032,0.8367290496826172,0.303101947724103,22.855627125825517,0.4622894625591567,0.2187957763671875,0.43724071979522705
M2,single_r4,2022120409,8,0,100,30.0,DPS,,15.141775846481323,100,0.15286729915622832,25.827576105611115,0.6784612477026346,0.23830890655517578,0.8372141122817993,0.3262277065692148,23.356701885019888,0.42709331386303234,0.297821044921875,0.4531511962413788
M2,single_r4,2022120409,9,0,100,30.0,DPS,,14.58210802078247,100,0.16562939846138242,24.941781983958947,0.6086702806576886,0.25764206051826477,0.8487733006477356,0.34412260636518804,22.73229673655304,0.3901000705652949,0.292999267578125,0.46577513217926025
M2,single_r4,2022120409,10,0,100,30.0,DPS,,15.168664693832397,100,0.16390999502661102,25.113317205547418,0.595366967972311,0.24736690521240234,0.857061505317688,0.33429823726326563,23.27509500845403,0.3940271576085704,0.26251220703125,0.4575880169868469
M2,single_r4,2022121701,8,0,100,30.0,DPS,,15.609293699264526,100,0.1787359252913111,22.505538721629193,0.6034939590949561,0.2422613650560379,0.8700435161590576,0.3299237666332315,22.112897774150877,0.42111932612271286,0.20849609375,0.45749416947364807
M2,single_r4,2022121701,9,0,100,30.0,DPS,,15.30636715888977,100,0.1792709639796129,22.722244273556047,0.575066134644035,0.25643521547317505,0.8927196264266968,0.34567498484242215,22.49832258131991,0.4080163968432537,0.22967529296875,0.4761212170124054
M2,single_r4,2022121701,10,0,100,30.0,DPS,,15.762694835662842,100,0.1909706327839909,22.225394252154693,0.5943902597616783,0.26983317732810974,0.8927297592163086,0.36801718119378907,21.98278586912728,0.40053983267007787,0.171142578125,0.4942225515842438
M2,single_r4,2022121702,8,0,100,30.0,DPS,,15.262031316757202,100,0.18830654855796983,22.891499404937377,0.5932419509501469,0.2188250571489334,0.8609819412231445,0.30628042628290675,22.912815325027292,0.4525422565433654,0.24884033203125,0.4328436553478241
M2,single_r4,2022121702,9,0,100,30.0,DPS,,14.54463505744934,100,0.18011674558695934,24.389376684886553,0.6262877028082221,0.23182319104671478,0.8682695031166077,0.3196897163036954,23.218688477208374,0.45007545610118127,0.27587890625,0.451178640127182
M2,single_r4,2022121702,10,0,100,30.0,DPS,,15.131922483444214,100,0.2003835499416083,21.818752870143555,0.5569585779769105,0.24468731880187988,0.8835403919219971,0.32859400061153643,21.98615219674619,0.4361522850881037,0.28070068359375,0.46644771099090576
M2,single_r4,2022121703,8,0,100,30.0,DPS,,14.62944483757019,100,0.19899790542242046,22.6970007487037,0.5745009508634289,0.24424611032009125,0.8428838849067688,0.3460661894137374,21.847307687446637,0.3977928036289268,0.277984619140625,0.467232346534729
M2,single_r4,2022121703,9,0,100,30.0,DPS,,15.164613246917725,100,0.1940450207754402,22.716837839842068,0.5765884813233413,0.2456875443458557,0.8380861878395081,0.33724611427960627,21.98719689281682,0.40259542150689615,0.2646331787109375,0.4591129720211029
M2,single_r4,2022121703,10,0,100,30.0,DPS,,14.530543088912964,100,0.21349075768117293,21.8018270960439,0.5309659643097597,0.24333161115646362,0.8717077374458313,0.33534489212681384,22.17693311664203,0.42560062013239297,0.2433624267578125,0.46173515915870667
M2,single_r4,2022121705,8,0,100,30.0,DPS,,15.14320993423462,100,0.20736787592619754,22.287625027419576,0.6023183127827219,0.21873889863491058,0.8477794528007507,0.33524871468403983,22.48052733517467,0.4136925447920487,0.270263671875,0.44508081674575806
M2,single_r4,2022121705,9,0,100,30.0,DPS,,14.533613204956055,100,0.19886029904264352,23.385605014887695,0.6274776847550566,0.24312008917331696,0.8620967864990234,0.32574820274581096,23.114632077493503,0.4503645232961447,0.3026275634765625,0.4490600526332855
M2,single_r4,2022121705,10,0,100,30.0,DPS,,15.727370023727417,100,0.24221001797226088,22.619855505795016,0.525648129165647,0.24754148721694946,0.8829358220100403,0.3669804209722451,22.93497729900475,0.3975652216358029,0.2462158203125,0.48856279253959656
M2,single_r4,2022121706,8,0,100,30.0,DPS,,14.545271396636963,100,0.17774386109223897,24.838068642538275,0.6329632912314809,0.23817676305770874,0.8796218633651733,0.33177909868750505,23.48309377654672,0.43592459091880875,0.2996673583984375,0.46701332926750183
M2,single_r4,2022121706,9,0,100,30.0,DPS,,15.178381204605103,100,0.19483352728175035,24.294568349239704,0.5358976569395479,0.24198080599308014,0.9026827216148376,0.35477955801177546,23.12459215544377,0.37451140259474536,0.29656982421875,0.48116445541381836
M2,single_r4,2022121706,10,0,100,30.0,DPS,,14.564047813415527,100,0.18417091619372694,23.318604824016717,0.5763629060776421,0.23265892267227173,0.8897321224212646,0.33680009445928644,22.353287176296167,0.400908557664301,0.2802581787109375,0.4601360559463501
M2,single_r4,2022121707,7,0,100,30.0,DPS,,15.116070747375488,100,0.16668270700298637,24.569406544371105,0.6736514581368613,0.28730350732803345,0.8791295886039734,0.38682218224846093,22.00599534133264,0.36868212207613504,0.2450408935546875,0.5093852281570435
M2,single_r4,2022121707,8,0,100,30.0,DPS,,14.488082647323608,100,0.1542225551256426,25.549197821588677,0.6924751175237227,0.27336716651916504,0.8825667500495911,0.377735252470226,22.51485763293665,0.37423677089407603,0.2487945556640625,0.49834325909614563
M2,single_r4,2022121707,9,0,100,30.0,DPS,,15.068495988845825,100,0.16348235531396269,24.65553167792644,0.6403221768349969,0.26740992069244385,0.8940972685813904,0.38687063335562666,21.771211330544844,0.3435246351061611,0.2617034912109375,0.5015884041786194
M2,single_r4,2022121708,8,0,100,30.0,DPS,,14.659299850463867,100,0.18250218211501634,24.2779075750717,0.6555657495023206,0.256485253572464,0.8717575669288635,0.33942503108667704,23.427857468040067,0.4595451489207348,0.172454833984375,0.47806859016418457
M2,single_r4,2022121708,9,0,100,30.0,DPS,,15.371121168136597,100,0.20163809335597732,22.140832099984706,0.5175157883479203,0.27209022641181946,0.904039740562439,0.37281521819923985,20.853216173607905,0.3822031479783337,0.21185302734375,0.5102789998054504
M2,single_r4,2022121708,10,0,100,30.0,DPS,,14.709664821624756,100,0.22057771805381718,21.74630027717334,0.5224094550797531,0.26908835768699646,0.9147014021873474,0.3837869972982683,21.558462635967423,0.3792815251845828,0.1817169189453125,0.517634391784668
M3,merge_fixed,2022101101,8,0,100,30.0,DPS,,14.518600225448608,100,0.16451555558127715,24.68864562740851,0.6689414525741433,0.21855470538139343,0.8697872757911682,0.3507111776242357,22.172359007252588,0.4164423555748497,0.271240234375,0.49376213550567627
M3,merge_fixed,2022101101,9,0,100,30.0,DPS,,14.851653814315796,100,0.25840139262675715,20.111774705197647,0.42687409208443333,0.18110157549381256,0.9679566025733948,0.396568461168837,20.4453229170134,0.3197657530571396,0.25335693359375,0.5232147574424744
M3,merge_fixed,2022101101,10,0,100,30.0,DPS,,15.532674312591553,100,0.1842390190767818,22.80200617124293,0.6110430521423507,0.18570676445960999,0.8719316720962524,0.3318592939350508,23.204627117262877,0.4089595742674333,0.234466552734375,0.4551241397857666
M3,merge_fixed,2022101102,8,0,100,30.0,DPS,,15.080580711364746,100,0.187842087381799,23.50088651265377,0.635738225034284,0.19257867336273193,0.8707806468009949,0.33303076529014236,23.264659972694904,0.4437762267359366,0.3021697998046875,0.48108431696891785
M3,merge_fixed,2022101102,9,0,100,30.0,DPS,,14.436500310897827,100,0.18384366946294703,22.85013229531513,0.6279728545249504,0.19223211705684662,0.8763583302497864,0.3331501379630216,22.936910380635513,0.42648544304699276,0.29736328125,0.4670341908931732
M3,merge_fixed,2022101102,10,0,100,30.0,DPS,,15.153922319412231,100,0.20220479007820086,21.696772986017976,0.5608352839093129,0.18163533508777618,0.9111958742141724,0.3226130244865398,22.48914460693896,0.4284009292263092,0.2732391357421875,0.45487335324287415
M3,merge_fixed,2022101103,8,0,100,30.0,DPS,,14.47052526473999,100,0.17524051818900513,24.046439759276215,0.6486674974745378,0.21761153638362885,0.8860682845115662,0.35784808424664316,22.453610134613115,0.41303329449330045,0.2850341796875,0.5092870593070984
M3,merge_fixed,2022101103,9,0,100,30.0,DPS,,15.082788228988647,100,0.1707318058076917,23.837752495872277,0.6463044900781232,0.20074953138828278,0.877910852432251,0.35431901439525554,22.012427070447856,0.4016726609575785,0.276763916015625,0.4916544258594513
M3,merge_fixed,2022101103,10,0,100,30.0,DPS,,15.06260085105896,100,0.18342632516731236,24.012522551226645,0.5979980885416938,0.209994375705719,0.8933982849121094,0.34872175237952496,22.540394960790312,0.4011491066085284,0.271453857421875,0.492222398519516
M3,merge_fixed,2022101201,8,0,100,30.0,DPS,,15.120855808258057,100,0.18512791869467787,23.807620744677212,0.6528201678998048,0.20121026039123535,0.876508891582489,0.35069926623165026,22.91803099418693,0.38211575153189314,0.2722625732421875,0.4690629839897156
M3,merge_fixed,2022101201,9,0,100,30.0,DPS,,14.549503087997437,100,0.16933832825016265,23.729344365241097,0.6724926314541015,0.18910300731658936,0.895486056804657,0.3508499298882795,22.104462538162167,0.37376497899951,0.266693115234375,0.4676363468170166
M3,merge_fixed,2022101201,10,0,100,30.0,DPS,,15.094796419143677,100,0.2066221806393637,21.837516933896794,0.569298071260049,0.19584766030311584,0.9192718267440796,0.3554076093808104,22.154215856291806,0.36543779736044624,0.2415313720703125,0.4716103971004486
M3,merge_fixed,2022101204,8,0,100,30.0,DPS,,14.474137783050537,100,0.2383083894657285,22.083737127718678,0.5345926472347481,0.188290074467659,0.8502459526062012,0.35940245026142503,22.693100293142304,0.3809442945289298,0.2927398681640625,0.47651416063308716
M3,merge_fixed,2022101204,9,0,100,30.0,DPS,,15.040049076080322,100,0.18763805753444449,24.235472109384126,0.6160628727688858,0.1781337708234787,0.828319787979126,0.33558674578850084,23.60994517321615,0.3995727000416165,0.271881103515625,0.451018363237381
M3,merge_fixed,2022101204,10,0,100,30.0,DPS,,14.422607183456421,100,0.19206593645108438,23.656105280896135,0.5941700522334684,0.18466508388519287,0.8430171608924866,0.33153379587795423,23.401757724107757,0.41101224604258507,0.2709503173828125,0.45087695121765137
M3,merge_fixed,2022101301,8,0,100,30.0,DPS,,15.096182346343994,100,0.16502043958079016,25.251399453393326,0.686952264768892,0.206974595785141,0.8456376194953918,0.3468462205987821,23.075494510232204,0.42799859578357863,0.269775390625,0.4781821668148041
M3,merge_fixed,2022101301,9,0,100,30.0,DPS,,14.458754301071167,100,0.19970398348168755,22.771855812346395,0.5625461562225123,0.20443803071975708,0.882637619972229,0.3662365549563135,21.692186666251846,0.3638837077387407,0.272857666015625,0.4879254996776581
M3,merge_fixed,2022101301,10,0,100,30.0,DPS,,15.108654499053955,100,0.18055593616056537,24.262573009259594,0.580968980197473,0.20922066271305084,0.8732064366340637,0.35420099102539043,22.590460994961457,0.3755092777725692,0.2729644775390625,0.4784190356731415
M3,merge_fixed,2022101302,8,0,100,30.0,DPS,,14.48410701751709,100,0.21269769499442914,21.95572832466442,0.614865658835845,0.20528434216976166,0.8741291165351868,0.3572344022366095,21.952199999734656,0.4094875633226707,0.1457672119140625,0.49261781573295593
M3,merge_fixed,2022101302,9,0,100,30.0,DPS,,15.080355644226074,100,0.19600211909153242,21.846831126721774,0.627896065386018,0.20756791532039642,0.8762398362159729,0.3652233511807523,21.12384670655596,0.3651052278233164,0.2483062744140625,0.47659608721733093
M3,merge_fixed,2022101302,10,0,100,30.0,DPS,,14.468823671340942,100,0.21280753806223413,22.302601428535198,0.5789106443003912,0.2159438133239746,0.8958582282066345,0.35610899208202834,22.095379310061748,0.41455256055507284,0.2863616943359375,0.4899456202983856
M3,merge_fixed,2022101303,8,0,100,30.0,DPS,,15.016018152236938,100,0.16519066774457114,23.40280154773189,0.7774820654568882,0.16625133156776428,0.8427175283432007,0.3230718357897229,23.658377812360104,0.42440673980523386,0.0517425537109375,0.44695043563842773
M3,merge_fixed,2022101303,9,0,100,30.0,DPS,,14.434674978256226,100,0.15647134068515475,24.561054179506066,0.7742777531525072,0.1912165880203247,0.8279352188110352,0.32310828698598315,23.400996645100292,0.41668729166005186,0.0641937255859375,0.43987882137298584
M3,merge_fixed,2022101303,10,0,100,30.0,DPS,,15.090730905532837,100,0.17968979477891434,22.511072345127094,0.7359991026342111,0.1821502149105072,0.8266230821609497,0.32820669961602167,23.37397340284336,0.4260445210573346,0.109771728515625,0.44868654012680054
M3,merge_fixed,2022112702,8,0,100,30.0,DPS,,15.493654012680054,100,0.16808381140084588,25.002075021332924,0.6558474649119507,0.19729220867156982,0.8503826260566711,0.3389808430499639,23.41341248342305,0.41074915959927766,0.2598114013671875,0.4587394893169403
M3,merge_fixed,2022112702,9,0,100,30.0,DPS,,15.082839965820312,100,0.1845863970009233,23.53785866007643,0.5583997860106799,0.19908952713012695,0.8831213712692261,0.354419984364917,22.42765466248819,0.3615321642242235,0.2509307861328125,0.47168219089508057
M3,merge_fixed,2022112702,10,0,100,30.0,DPS,,15.592198848724365,100,0.2244589315470117,21.75120038878221,0.47561458642983906,0.16903480887413025,0.9015712141990662,0.36771995405494196,22.31635486115608,0.34260775311665553,0.22802734375,0.4753168225288391
M3,merge_fixed,2022112704,8,0,100,30.0,DPS,,15.028966903686523,100,0.19770192680642115,24.229119436534706,0.6615703574674908,0.1972380131483078,0.8580124378204346,0.3368010473536596,23.965728276070273,0.43795918306016696,0.2573699951171875,0.46733421087265015
M3,merge_fixed,2022112704,9,0,100,30.0,DPS,,15.032255172729492,100,0.1748733959059452,25.301361864457448,0.648668778885485,0.19017773866653442,0.8589604496955872,0.33817166524766085,23.745515911247388,0.4098150599374396,0.27520751953125,0.47060346603393555
M3,merge_fixed,2022112704,10,0,100,30.0,DPS,,15.115416765213013,100,0.1954403748296234,23.710304721114476,0.5807844840247407,0.2021915465593338,0.8796677589416504,0.34279714047553034,23.175773404205398,0.40478195230450786,0.2538604736328125,0.47612062096595764
M3,merge_fixed,2022120401,8,0,100,30.0,DPS,,14.500834465026855,100,0.1884813264767987,24.121150979885822,0.6297940137322482,0.19553802907466888,0.8950905203819275,0.3475904529952774,22.96984729228011,0.4223203022823809,0.3004150390625,0.48428067564964294
M3,merge_fixed,2022120401,9,0,100,30.0,DPS,,15.175831317901611,100,0.17319105961993528,24.409331465879337,0.6385860729161541,0.20317555963993073,0.9065450429916382,0.34555083585794905,22.614711426375443,0.4065685150470673,0.29266357421875,0.48663491010665894
M3,merge_fixed,2022120401,10,0,100,30.0,DPS,,14.538615703582764,100,0.1962248774522293,23.580544389842647,0.5603251178518807,0.18702487647533417,0.9248213171958923,0.34689464699968015,22.95494611870277,0.38954522984301737,0.282684326171875,0.4817798435688019
M3,merge_fixed,2022120402,8,0,100,30.0,DPS,,16.128751754760742,100,0.18909156888904,23.616589503677268,0.5932480766668181,0.20517124235630035,0.8766717910766602,0.3600033701251917,22.31798231766328,0.3926179199729961,0.2657470703125,0.49201700091362
M3,merge_fixed,2022120402,9,0,100,30.0,DPS,,14.55215311050415,100,0.1938012991614925,22.28276650036994,0.517182040256038,0.20168480277061462,0.885631799697876,0.362668353385998,21.278333166402316,0.36001825932777953,0.2476654052734375,0.4880940020084381
M3,merge_fixed,2022120402,10,0,100,30.0,DPS,,15.145859241485596,100,0.1880610299169742,23.096054857216174,0.4984502966942369,0.17892710864543915,0.9049321413040161,0.3568796108647877,22.181871287367567,0.36352855056329925,0.2301025390625,0.48394301533699036
M3,merge_fixed,2022120403,8,0,100,30.0,DPS,,14.509854078292847,100,0.22359111104017299,22.69576812067815,0.527708195945723,0.1854468584060669,0.9044797420501709,0.3538187528632659,22.91575203310485,0.38839204894485896,0.29296875,0.4793991446495056
M3,merge_fixed,2022120403,9,0,100,30.0,DPS,,15.214269638061523,100,0.19204998243531546,23.376428156651325,0.5667031237119086,0.1847236454486847,0.8870799541473389,0.3523490768798616,22.355154913966455,0.37261342485676413,0.2761688232421875,0.47701406478881836
M3,merge_fixed,2022120403,10,0,100,30.0,DPS,,14.50260329246521,100,0.19715123664166032,22.809181124163675,0.5415898109551686,0.18426115810871124,0.8972230553627014,0.3385596309504133,22.367257659141803,0.38522910648694414,0.267791748046875,0.46214011311531067
M3,merge_fixed,2022120404,8,0,100,30.0,DPS,,15.203229427337646,100,0.18670376097848357,24.0693846435196,0.6224872623372434,0.19895389676094055,0.9081693887710571,0.34384295261944303,23.14059715359011,0.39840287676450187,0.2799530029296875,0.47116994857788086
M3,merge_fixed,2022120404,9,0,100,30.0,DPS,,14.652393817901611,100,0.19714408828969723,23.352733838239676,0.5467525837986164,0.19380265474319458,0.9372901916503906,0.3479959676783881,22.861494136223378,0.38251230965741234,0.26031494140625,0.4819733798503876
M3,merge_fixed,2022120404,10,0,100,30.0,DPS,,15.359666585922241,100,0.18301174777401288,24.279333576052228,0.5875302606146313,0.19462770223617554,0.9037998914718628,0.33869696185257203,23.24749020137216,0.41940940289114015,0.2296905517578125,0.4755825996398926
M3,merge_fixed,2022120406,8,0,100,30.0,DPS,,14.589120388031006,100,0.1813993987948042,23.523510345496884,0.6096996953488241,0.1954435408115387,0.8958972692489624,0.3406199954431843,22.55317874593652,0.40634245494132615,0.2564849853515625,0.4741033613681793
M3,merge_fixed,2022120406,9,0,100,30.0,DPS,,15.106234312057495,100,0.2072319284057938,22.288099086630005,0.5511771775425205,0.1951490044593811,0.9027279615402222,0.34615486951666585,22.238720638110724,0.40614693366136945,0.235595703125,0.48217523097991943
M3,merge_fixed,2022120406,10,0,100,30.0,DPS,,14.622856855392456,100,0.21269946424959263,21.321613406499903,0.5419844681310186,0.19147039949893951,0.9215524196624756,0.3529228897955628,22.981112717891797,0.41754413025139636,0.2180023193359375,0.4938306510448456
M3,merge_fixed,2022120407,8,0,100,30.0,DPS,,15.193209409713745,100,0.17666520525318438,25.57437108925832,0.6676489341254985,0.19499796628952026,0.8609605431556702,0.33786311089066506,24.257161302097167,0.4435456519217706,0.25726318359375,0.47517386078834534
M3,merge_fixed,2022120407,9,0,100,30.0,DPS,,14.525243759155273,100,0.1968695790302322,22.682680165252343,0.5487340551880807,0.19397801160812378,0.8735345602035522,0.34526503163034705,22.139906225007074,0.38120981892152206,0.2559661865234375,0.46755966544151306
M3,merge_fixed,2022120407,10,0,100,30.0,DPS,,15.231148481369019,100,0.19652225963939746,22.490572789877717,0.5618227637319534,0.18655364215373993,0.8769283890724182,0.33617273517001445,22.23138549213192,0.4016848302377059,0.2457275390625,0.4639620780944824
M3,merge_fixed,2022120408,8,0,100,30.0,DPS,,14.607693433761597,100,0.18023980126386946,24.368495512766582,0.6327064216291357,0.19265489280223846,0.8578992486000061,0.3292394703208291,23.167141030792045,0.4349037317624802,0.27801513671875,0.46928146481513977
M3,merge_fixed,2022120408,9,0,100,30.0,DPS,,15.144155979156494,100,0.18593904137680908,22.758316795413272,0.6071157855895635,0.20287172496318817,0.8548405170440674,0.3298951472946841,21.891654711661165,0.4200910513130057,0.2511749267578125,0.4697708189487457
M3,merge_fixed,2022120408,10,0,100,30.0,DPS,,14.623270511627197,100,0.1998895994607793,22.214167915020656,0.5635217431395652,0.1922929733991623,0.8684719800949097,0.31891155949224287,22.413996443207825,0.4373981056994507,0.2187957763671875,0.4570794701576233
M3,merge_fixed,2022120409,8,0,100,30.0,DPS,,15.540911197662354,100,0.17137914977658925,24.834708278378574,0.6584452663735801,0.19198109209537506,0.8515139222145081,0.3316803933354123,23.2127227488898,0.426462136993117,0.297821044921875,0.4638775885105133
M3,merge_fixed,2022120409,9,0,100,30.0,DPS,,14.591270446777344,100,0.1802187001109377,24.208533418147994,0.5891932885156969,0.1790560930967331,0.8724543452262878,0.3524932692992218,22.523544232845897,0.3784310117139311,0.292999267578125,0.48101720213890076
M3,merge_fixed,2022120409,10,0,100,30.0,DPS,,15.158130168914795,100,0.16096875191284843,25.270594413368812,0.612941422282854,0.19313572347164154,0.8584184646606445,0.3350872495937836,23.254618684020937,0.39495185629847535,0.26251220703125,0.462914377450943
M3,merge_fixed,2022121701,8,0,100,30.0,DPS,,15.592149257659912,100,0.20398437177125975,21.357837874418266,0.5284343383773448,0.192560076713562,0.9051870107650757,0.3433228167616279,21.767116470823925,0.39670624239101604,0.20849609375,0.47686538100242615
M3,merge_fixed,2022121701,9,0,100,30.0,DPS,,15.185303688049316,100,0.18268397865049388,22.55843411967012,0.5518249416614658,0.2132321298122406,0.9002500772476196,0.34536731586393105,22.50605692396746,0.40805409010381294,0.22967529296875,0.4881344735622406
M3,merge_fixed,2022121701,10,0,100,30.0,DPS,,15.48542857170105,100,0.20166611462149275,21.752067373219926,0.5530258994931662,0.20972274243831635,0.9143784642219543,0.3762248536021645,21.79119812271958,0.3820293994438695,0.171142578125,0.5142897367477417
M3,merge_fixed,2022121702,8,0,100,30.0,DPS,,15.148529291152954,100,0.1889495284344863,22.861891623935392,0.5963907994455369,0.1750980168581009,0.8797036409378052,0.3049703451936265,22.950047955932607,0.45652625590485285,0.24884033203125,0.44501781463623047
M3,merge_fixed,2022121702,9,0,100,30.0,DPS,,15.47587251663208,100,0.1920194644675402,23.833553429744324,0.5820135433875211,0.18036964535713196,0.8775601983070374,0.3261975026640744,23.04364916565447,0.4379624798982264,0.27587890625,0.4658288359642029
M3,merge_fixed,2022121702,10,0,100,30.0,DPS,,15.124367475509644,100,0.21474473127628504,21.217543847880734,0.5166229776979173,0.19268523156642914,0.8875490427017212,0.34104881076421806,21.663014005602367,0.4097982306424527,0.28070068359375,0.483431339263916
M3,merge_fixed,2022121703,8,0,100,30.0,DPS,,15.583022117614746,100,0.2100185064653064,22.22881953906896,0.5447858707629487,0.1931052803993225,0.887925386428833,0.34797437282355487,21.799545890309435,0.3975899870998148,0.277984619140625,0.48713740706443787
M3,merge_fixed,2022121703,9,0,100,30.0,DPS,,15.300506830215454,100,0.18095332970081054,23.323556324598997,0.6112094736737874,0.20542746782302856,0.8549089431762695,0.3310571751710469,22.148075882103264,0.41797936102538746,0.2646331787109375,0.46436187624931335
M3,merge_fixed,2022121703,10,0,100,30.0,DPS,,14.61885666847229,100,0.22302077374106702,21.422502302691555,0.5146799764329104,0.19153867661952972,0.8762609362602234,0.34499572240307136,21.930492824393394,0.4114898527710113,0.2433624267578125,0.4784252643585205
M3,merge_fixed,2022121705,8,0,100,30.0,DPS,,15.142303705215454,100,0.20212178114232537,22.51019227786898,0.602458940965425,0.19123953580856323,0.8653916120529175,0.33019130033573896,22.612557233310525,0.4172416186448141,0.270263671875,0.45595911145210266
M3,merge_fixed,2022121705,9,0,100,30.0,DPS,,14.610560178756714,100,0.19871488387745706,23.391958832666543,0.6021956776114264,0.19277510046958923,0.8715775609016418,0.325022858953934,23.13399452031145,0.4460050779692048,0.3026275634765625,0.4670499563217163
M3,merge_fixed,2022121705,10,0,100,30.0,DPS,,15.717211723327637,100,0.20954232099457898,23.878262542464547,0.6053263247234785,0.20154070854187012,0.8930890560150146,0.3450414441251886,23.470409932994116,0.4407898531242454,0.2462158203125,0.49445652961730957
M3,merge_fixed,2022121706,8,0,100,30.0,DPS,,15.017179250717163,100,0.1713695188513438,25.155289295416672,0.6644771467138691,0.19471322000026703,0.9006311893463135,0.3301969153309202,23.52461400054292,0.4479724561978273,0.2996673583984375,0.4720957279205322
M3,merge_fixed,2022121706,9,0,100,30.0,DPS,,15.162210941314697,100,0.1736653303749284,25.29357967415489,0.6018264972026965,0.20328299701213837,0.8999971151351929,0.3417627903902499,23.449268383918675,0.40983736777998536,0.29656982421875,0.47867417335510254
M3,merge_fixed,2022121706,10,0,100,30.0,DPS,,14.60807204246521,100,0.19464032456135702,22.838369393629335,0.5434992996832151,0.19111067056655884,0.910138726234436,0.34142134783778016,22.234917819192077,0.39363117196683695,0.2802581787109375,0.47486528754234314
M3,merge_fixed,2022121707,7,0,100,30.0,DPS,,15.479522705078125,100,0.18078152396746155,23.86413658152074,0.6390235029107465,0.22820733487606049,0.8925195336341858,0.38602845276362885,22.023836432015184,0.377135023819769,0.2450408935546875,0.5215795040130615
M3,merge_fixed,2022121707,8,0,100,30.0,DPS,,14.463312149047852,100,0.1668545612631732,24.86539403733619,0.659414958687123,0.22081482410430908,0.8925535082817078,0.3845205105368297,22.360217780236997,0.3628318074378885,0.2487945556640625,0.5090033411979675
M3,merge_fixed,2022121707,9,0,100,30.0,DPS,,15.105301856994629,100,0.19375236709946367,23.180009057558507,0.5411046722843103,0.20945648849010468,0.9165372252464294,0.3968809134814953,21.54932234747252,0.31974347108607476,0.2617034912109375,0.5186891555786133
M3,merge_fixed,2022121708,8,0,100,30.0,DPS,,14.501187324523926,100,0.17828738860847992,24.480856328221744,0.6590657896677461,0.19603949785232544,0.9003834128379822,0.3409234867844406,23.389596366495464,0.4521067916480356,0.172454833984375,0.48789194226264954
M3,merge_fixed,2022121708,9,0,100,30.0,DPS,,15.234227180480957,100,0.19437246843535338,22.459588743341705,0.5263262382562368,0.21568675339221954,0.910198986530304,0.3616404028878199,21.117549921746278,0.4020830235116142,0.21185302734375,0.513584554195404
M3,merge_fixed,2022121708,10,0,100,30.0,DPS,,14.67732048034668,100,0.19200812419616806,22.951140970212883,0.5953317349535859,0.23006998002529144,0.909932553768158,0.36821449163817527,21.918250234630246,0.4158041345639182,0.1817169189453125,0.5190406441688538
M4,joint_fixed,2022101101,8,0,100,30.0,DPS,,14.586381435394287,100,0.1639324795101453,24.719484842040064,0.6753163658026398,0.2029554545879364,0.8667325377464294,0.35423365761132186,22.085554691409218,0.40639829562825147,0.271240234375,0.4916689395904541
M4,joint_fixed,2022101101,9,0,100,30.0,DPS,,14.880491256713867,100,0.25738831774591525,20.14589507537417,0.428846788322527,0.18366047739982605,0.9563878178596497,0.39535249770874226,20.471996621251584,0.31606453388049627,0.25335693359375,0.5185084342956543
M4,joint_fixed,2022101101,10,0,100,30.0,DPS,,15.522059917449951,100,0.18468936077221948,22.78080086190659,0.6157435022588346,0.1782146692276001,0.8722264170646667,0.33423713458133575,23.142612825395148,0.40438247388600607,0.234466552734375,0.455131858587265
M4,joint_fixed,2022101102,8,0,100,30.0,DPS,,15.174226522445679,100,0.18315938849518804,23.720160927840134,0.6423839604375515,0.18987427651882172,0.8699394464492798,0.3321488723211524,23.28769143384079,0.44020182551185194,0.3021697998046875,0.4808952808380127
M4,joint_fixed,2022101102,9,0,100,30.0,DPS,,14.510119676589966,100,0.1830248069234956,22.888906744011397,0.6335438666008373,0.1884964257478714,0.8758308291435242,0.33286461475608875,22.94435773283404,0.42225398855486906,0.29736328125,0.46692490577697754
M4,joint_fixed,2022101102,10,0,100,30.0,DPS,,15.219496965408325,100,0.1906050084156992,22.20991561263816,0.5936188318241078,0.17253842949867249,0.8991304636001587,0.3222868665112889,22.497930381161257,0.42283315468246835,0.2732391357421875,0.4496055543422699
M4,joint_fixed,2022101103,8,0,100,30.0,DPS,,14.534366130828857,100,0.17637324902720938,23.99047602859175,0.6445214388627856,0.2064974159002304,0.8840727210044861,0.3568282855736097,22.478398598631394,0.4130451353221056,0.2850341796875,0.5081640481948853
M4,joint_fixed,2022101103,9,0,100,30.0,DPS,,15.214331865310669,100,0.16854670624404114,23.949635774115016,0.64573582508141,0.19506093859672546,0.8750344514846802,0.3555853769800993,21.981438398016447,0.3935762426176589,0.276763916015625,0.49055224657058716
M4,joint_fixed,2022101103,10,0,100,30.0,DPS,,14.643855571746826,100,0.18523889450435493,23.92711224810547,0.57906811127816,0.19673512876033783,0.8919882774353027,0.35047912898521083,22.496732511845376,0.39199305588238453,0.271453857421875,0.4916171729564667
M4,joint_fixed,2022101201,8,0,100,30.0,DPS,,15.364988088607788,100,0.18968839763647707,23.5962437583199,0.6545683140956702,0.1851232796907425,0.8751285672187805,0.356433377895341,22.777160810337467,0.36958891597415994,0.2722625732421875,0.46846988797187805
M4,joint_fixed,2022101201,9,0,100,30.0,DPS,,14.579476356506348,100,0.17053091940966872,23.668387054265626,0.6578768477039256,0.18180996179580688,0.8976745009422302,0.35433593008877684,22.018586568763148,0.3598342368531709,0.266693115234375,0.468734472990036
M4,joint_fixed,2022101201,10,0,100,30.0,DPS,,15.085898160934448,100,0.20328272340976009,21.97904633947139,0.5756456781428375,0.18221813440322876,0.9141589999198914,0.3590496880912779,22.065659219324438,0.35309125347480896,0.2415313720703125,0.4690127670764923
M4,joint_fixed,2022101204,8,0,100,30.0,DPS,,14.521530628204346,100,0.2502674369837034,21.658436840583953,0.5319116515086396,0.17784705758094788,0.855293333530426,0.3700267419271083,22.440058730221235,0.36323678336655535,0.2927398681640625,0.4784899652004242
M4,joint_fixed,2022101204,9,0,100,30.0,DPS,,15.130727767944336,100,0.18838536133613512,24.200947627302934,0.6202957064730916,0.17211180925369263,0.8250070214271545,0.3393509350167189,23.513060165506772,0.38487717969552865,0.271881103515625,0.44933876395225525
M4,joint_fixed,2022101204,10,0,100,30.0,DPS,,14.706522703170776,100,0.19511021189097483,23.51951223121648,0.5988458674463396,0.1749289184808731,0.8412186503410339,0.3401326774080401,23.179346691738235,0.3888878611609838,0.2709503173828125,0.4504362642765045
M4,joint_fixed,2022101301,8,0,100,30.0,DPS,,15.175989389419556,100,0.16834381285869066,25.078211058658223,0.676725751595928,0.19564586877822876,0.8436718583106995,0.35185468695748784,22.950967031542547,0.4112655635346724,0.269775390625,0.4772952198982239
M4,joint_fixed,2022101301,9,0,100,30.0,DPS,,14.853376626968384,100,0.19299852821505692,23.068510425538193,0.5716076935594087,0.19342829287052155,0.8798658847808838,0.3647596563234615,21.727284511598942,0.36020047576299963,0.272857666015625,0.48691195249557495
M4,joint_fixed,2022101301,10,0,100,30.0,DPS,,15.122707605361938,100,0.18462793524115562,24.068860179307702,0.5834077084407402,0.19401845335960388,0.8700340986251831,0.36005114796583954,22.4481724357244,0.36073465341217337,0.2729644775390625,0.47698724269866943
M4,joint_fixed,2022101302,8,0,100,30.0,DPS,,14.540834903717041,100,0.22043184538144897,21.645497265542375,0.6059933240083989,0.19500859081745148,0.8751593232154846,0.3682626244292615,21.688112632411315,0.39547197355212127,0.1457672119140625,0.4927619397640228
M4,joint_fixed,2022101302,9,0,100,30.0,DPS,,15.1064772605896,100,0.19484030602499353,21.898470402046417,0.6264837918707798,0.19506734609603882,0.8750439882278442,0.366878880732254,21.084563199796627,0.35632699125367906,0.2483062744140625,0.4758692979812622
M4,joint_fixed,2022101302,10,0,100,30.0,DPS,,14.514490365982056,100,0.21059893937756777,22.393217984712166,0.5845239888274498,0.201758474111557,0.8880629539489746,0.3602721265134082,21.994424853401227,0.40357770259415904,0.2863616943359375,0.4860840439796448
M4,joint_fixed,2022101303,8,0,100,30.0,DPS,,15.131010293960571,100,0.1624215861217702,23.549636776786095,0.7940589097568553,0.1618029922246933,0.8372518420219421,0.32908001095567535,23.498329740062417,0.4023948772400572,0.0517425537109375,0.4432947039604187
M4,joint_fixed,2022101303,9,0,100,30.0,DPS,,14.53728723526001,100,0.15464947178448327,24.662781434346964,0.7802609801667825,0.1784891039133072,0.8201897144317627,0.3220535909639353,23.429395661605202,0.4160361032111691,0.0641937255859375,0.43656566739082336
M4,joint_fixed,2022101303,10,0,100,30.0,DPS,,15.120355606079102,100,0.1967791945829801,21.721957025394403,0.7016727124303032,0.17440760135650635,0.8366184234619141,0.33655549551081615,23.155788514053164,0.41014711931408493,0.109771728515625,0.4535824656486511
M4,joint_fixed,2022112702,8,0,100,30.0,DPS,,15.724148750305176,100,0.1711208822077423,24.84653255807484,0.6451444029006219,0.18626028299331665,0.8514931201934814,0.34149211231519727,23.3493020539209,0.4022933825843331,0.2598114013671875,0.4597806930541992
M4,joint_fixed,2022112702,9,0,100,30.0,DPS,,15.35298490524292,100,0.18922300339537568,23.322373886640293,0.5538166916668468,0.18563953042030334,0.885206937789917,0.3625561704277244,22.23051268644346,0.3439473237772983,0.2509307861328125,0.47213315963745117
M4,joint_fixed,2022112702,10,0,100,30.0,DPS,,15.669108152389526,100,0.22428934682949558,21.75776529067374,0.48225653037977545,0.16961270570755005,0.9007349610328674,0.37155552307218825,22.22622437759798,0.3303995573273763,0.22802734375,0.4751214385032654
M4,joint_fixed,2022112704,8,0,100,30.0,DPS,,15.104925870895386,100,0.19969404509592245,24.14203518920822,0.6569180672515127,0.18058542907238007,0.8529117703437805,0.3422820679720382,23.825513999057097,0.4212254060360023,0.2573699951171875,0.46429935097694397
M4,joint_fixed,2022112704,9,0,100,30.0,DPS,,15.139692544937134,100,0.17675911019879562,25.20820060677774,0.6349830202122453,0.18361417949199677,0.8619120121002197,0.34183565068669197,23.651913150213005,0.39685811402230053,0.27520751953125,0.472421795129776
M4,joint_fixed,2022112704,10,0,100,30.0,DPS,,15.17922854423523,100,0.19064433930127633,23.92611216823895,0.594984433640835,0.18781514465808868,0.8749108910560608,0.3423177870880359,23.187927894301332,0.3994540747121985,0.2538604736328125,0.4736601412296295
M4,joint_fixed,2022120401,8,0,100,30.0,DPS,,14.648580312728882,100,0.18650546425037662,24.21268636457262,0.6381871238528515,0.18755188584327698,0.8890775442123413,0.3499754293209609,22.910452983014626,0.4150839479693469,0.3004150390625,0.48124757409095764
M4,joint_fixed,2022120401,9,0,100,30.0,DPS,,15.590912818908691,100,0.18172755136949836,23.991425355285262,0.6302009648297293,0.18878844380378723,0.9054396152496338,0.3533862894379047,22.419956465190836,0.39117637724308635,0.29266357421875,0.4849205017089844
M4,joint_fixed,2022120401,10,0,100,30.0,DPS,,14.668503522872925,100,0.19078083218108116,23.824930943639494,0.5622607058395924,0.18053258955478668,0.9210396409034729,0.347349235071446,22.94357114662617,0.38167356696465005,0.282684326171875,0.4802607297897339
M4,joint_fixed,2022120402,8,0,100,30.0,DPS,,16.219136476516724,100,0.19397980042799667,23.39490264392257,0.5731982025416649,0.19718213379383087,0.8789137005805969,0.364444595714735,22.211483354520453,0.37968396731942433,0.2657470703125,0.4937729835510254
M4,joint_fixed,2022120402,9,0,100,30.0,DPS,,14.664746046066284,100,0.18674136815404266,22.605089454856664,0.5422722781420073,0.19032391905784607,0.8764272332191467,0.3649634787996506,21.223538224014117,0.35460214559055714,0.2476654052734375,0.4832126498222351
M4,joint_fixed,2022120402,10,0,100,30.0,DPS,,15.215728282928467,100,0.18760690807939495,23.117054541702522,0.5143350338398397,0.1790405511856079,0.9023059606552124,0.3635983558717896,22.019867806090883,0.3522270371902348,0.2301025390625,0.4825817048549652
M4,joint_fixed,2022120403,8,0,100,30.0,DPS,,14.569400548934937,100,0.2182734274555728,22.904841439758357,0.5593129511307043,0.17965534329414368,0.8997032046318054,0.3561799037511386,22.857980736088738,0.3843830917714771,0.29296875,0.4772578179836273
M4,joint_fixed,2022120403,9,0,100,30.0,DPS,,15.223593950271606,100,0.1948574586077411,23.25037291136287,0.5566206782221487,0.17967568337917328,0.8861058950424194,0.3545852382253785,22.3002046448228,0.3646470110376209,0.2761688232421875,0.47660303115844727
M4,joint_fixed,2022120403,10,0,100,30.0,DPS,,14.605087280273438,100,0.2095517589794606,22.279345022082385,0.5171245578915173,0.17706416547298431,0.9054170846939087,0.3464539801100948,22.167050012771664,0.37349942809711156,0.267791748046875,0.46621108055114746
M4,joint_fixed,2022120404,8,0,100,30.0,DPS,,15.255784749984741,100,0.18399625501175285,24.196266300889405,0.6218048321924505,0.18464142084121704,0.9066202640533447,0.3457097982988883,23.09356592896314,0.386719985603744,0.2799530029296875,0.4709106981754303
M4,joint_fixed,2022120404,9,0,100,30.0,DPS,,14.609172821044922,100,0.19236017609849668,23.566105689092886,0.5562556109114696,0.18116001784801483,0.9361481070518494,0.3502892556116445,22.804442041040733,0.3718965705117777,0.26031494140625,0.4811767041683197
M4,joint_fixed,2022120404,10,0,100,30.0,DPS,,15.219291687011719,100,0.18080411476786934,24.384746747824842,0.5873307569389528,0.1858057975769043,0.8959164619445801,0.3439711003373315,23.113277107702643,0.39962112489469787,0.2296905517578125,0.47232288122177124
M4,joint_fixed,2022120406,8,0,100,30.0,DPS,,14.619515657424927,100,0.18517077914811825,23.344778133391753,0.6031534174576813,0.18645043671131134,0.8949198722839355,0.34727596130827976,22.38508707841982,0.38868273271413584,0.2564849853515625,0.47363045811653137
M4,joint_fixed,2022120406,9,0,100,30.0,DPS,,15.200892686843872,100,0.21833255023285217,21.83486270233143,0.529548861363419,0.18563003838062286,0.9109593033790588,0.3550849414786627,22.017484445547094,0.39044180473488616,0.235595703125,0.4856718182563782
M4,joint_fixed,2022120406,10,0,100,30.0,DPS,,15.679002523422241,100,0.21192187780911986,21.353425455904073,0.5284644484580215,0.18585318326950073,0.9210653305053711,0.3573013417118361,22.87401631016347,0.3998270874683583,0.2180023193359375,0.4938286542892456
M4,joint_fixed,2022120407,8,0,100,30.0,DPS,,15.280513525009155,100,0.1775763259264159,25.529690212685633,0.6646796107585113,0.18715797364711761,0.854119062423706,0.3452005107857075,24.070548239504994,0.4190906589542806,0.25726318359375,0.47136232256889343
M4,joint_fixed,2022120407,9,0,100,30.0,DPS,,14.61552906036377,100,0.1945919029709423,22.783757114306624,0.5516711401601431,0.18015271425247192,0.8676284551620483,0.3443272701751919,22.163529741412148,0.3773753807534722,0.2559661865234375,0.464558482170105
M4,joint_fixed,2022120407,10,0,100,30.0,DPS,,15.28903579711914,100,0.2034306903826217,22.19047831195361,0.5365327490072483,0.1776769608259201,0.8830255270004272,0.34001836730453977,22.132587692745844,0.3903102947017691,0.2457275390625,0.4666437804698944
M4,joint_fixed,2022120408,8,0,100,30.0,DPS,,14.678730010986328,100,0.17766965016316583,24.49324456571288,0.6428029662270883,0.1865515559911728,0.855301022529602,0.33209159986922465,23.092221108836995,0.4273295414968783,0.27801513671875,0.4682214856147766
M4,joint_fixed,2022120408,9,0,100,30.0,DPS,,15.22783613204956,100,0.1997358855273861,22.136606560117865,0.5682626092132003,0.1899777054786682,0.8625980019569397,0.34164134163632814,21.587764881726983,0.3924326292748055,0.2511749267578125,0.47324272990226746
M4,joint_fixed,2022120408,10,0,100,30.0,DPS,,14.841773748397827,100,0.19900759786288494,22.25257871898757,0.5670213479484709,0.17927946150302887,0.8646571636199951,0.3254257538890762,22.238363276244826,0.41973021040704633,0.2187957763671875,0.45536309480667114
M4,joint_fixed,2022120409,8,0,100,30.0,DPS,,16.342881679534912,100,0.16356975658766065,25.239807809183517,0.6639009263035361,0.18383875489234924,0.8484938144683838,0.33105949214251884,23.22899785450415,0.42179967417815023,0.297821044921875,0.46247273683547974
M4,joint_fixed,2022120409,9,0,100,30.0,DPS,,15.545958280563354,100,0.1730465192855774,24.561273111967626,0.6037100460966324,0.17863190174102783,0.867491602897644,0.3531673752678613,22.506949253731968,0.37336363536870154,0.292999267578125,0.4785652756690979
M4,joint_fixed,2022120409,10,0,100,30.0,DPS,,15.213572978973389,100,0.16395360173442383,25.111006713882492,0.5928151337492259,0.1840992122888565,0.856052041053772,0.3386286559364427,23.163302603396364,0.3789776785867243,0.26251220703125,0.4619169533252716
M4,joint_fixed,2022121701,8,0,100,30.0,DPS,,15.488119840621948,100,0.19965956172092472,21.54397351154727,0.5376764405218907,0.18128995597362518,0.8991011381149292,0.3459388112123982,21.701184037406552,0.38359343107785177,0.20849609375,0.4739570915699005
M4,joint_fixed,2022121701,9,0,100,30.0,DPS,,15.502256631851196,100,0.1839790054002838,22.497078015074628,0.5584493334350786,0.1989128589630127,0.899105966091156,0.3552301545426004,22.261485135287742,0.38541640220492346,0.22967529296875,0.4869941174983978
M4,joint_fixed,2022121701,10,0,100,30.0,DPS,,14.646414995193481,100,0.2203426707136967,20.98275381309569,0.5099728749019755,0.20044063031673431,0.9261146187782288,0.3840365137702906,21.612697388709496,0.3690187762266082,0.171142578125,0.5200747847557068
M4,joint_fixed,2022121702,8,0,100,30.0,DPS,,15.220733165740967,100,0.20245630724494565,22.26218164832972,0.5678011852740195,0.16988226771354675,0.8859091997146606,0.3138112999270623,22.7018286245762,0.4392597720932961,0.24884033203125,0.4481774866580963
M4,joint_fixed,2022121702,9,0,100,30.0,DPS,,15.566583395004272,100,0.19080233451184575,23.888784830464516,0.5834108866503629,0.17427319288253784,0.8757736682891846,0.330683711871758,22.92500572429593,0.41817916612043693,0.27587890625,0.46479111909866333
M4,joint_fixed,2022121702,10,0,100,30.0,DPS,,15.201756238937378,100,0.22611571275444325,20.769379344471073,0.4765978907666865,0.18529371917247772,0.9019953012466431,0.34846188234191333,21.476239229524122,0.3946175833163592,0.28070068359375,0.49108535051345825
M4,joint_fixed,2022121703,8,0,100,30.0,DPS,,15.45243787765503,100,0.2010642769967728,22.607272522200216,0.5671812665459007,0.18434032797813416,0.8762109875679016,0.34791210333696604,21.801100356183692,0.3956642705639245,0.277984619140625,0.4815070629119873
M4,joint_fixed,2022121703,9,0,100,30.0,DPS,,15.353296279907227,100,0.17823419037870894,23.455067548861518,0.6118134351699632,0.19382810592651367,0.856274425983429,0.330325876972584,22.167284049026833,0.41491613487585743,0.2646331787109375,0.46526867151260376
M4,joint_fixed,2022121703,10,0,100,30.0,DPS,,14.71441102027893,100,0.22818625805408607,21.223618935432267,0.49126706256156477,0.18961015343666077,0.8830370306968689,0.3485496384131106,21.841474299631596,0.4029162200409936,0.2433624267578125,0.4820288121700287
M4,joint_fixed,2022121705,8,0,100,30.0,DPS,,16.043795347213745,100,0.20749671751788437,22.28222999540263,0.5819672666556179,0.17855900526046753,0.8680797219276428,0.33341492633213665,22.528168995943187,0.40841457979514945,0.270263671875,0.4568216800689697
M4,joint_fixed,2022121705,9,0,100,30.0,DPS,,14.666969299316406,100,0.19661996279843522,23.484014586257675,0.6190743398613663,0.1829528957605362,0.8671771883964539,0.3268449668496417,23.08543661122817,0.4393399543364248,0.3026275634765625,0.4657527804374695
M4,joint_fixed,2022121705,10,0,100,30.0,DPS,,15.241410255432129,100,0.2113976927049948,23.801692685697702,0.6039792598716184,0.193879634141922,0.8901880979537964,0.3534060454917303,23.26235570080903,0.4154098405341876,0.2462158203125,0.4926407039165497
M4,joint_fixed,2022121706,8,0,100,30.0,DPS,,14.837289571762085,100,0.16819373411386243,25.31776459167365,0.6660732791377831,0.18960101902484894,0.8960447311401367,0.32746409617346117,23.596800436445147,0.4510255069010716,0.2996673583984375,0.4706297814846039
M4,joint_fixed,2022121706,9,0,100,30.0,DPS,,15.390554189682007,100,0.1703932034288407,25.458796854763026,0.6160557411272701,0.1918683797121048,0.8938378095626831,0.3456635037101365,23.350693367673028,0.39729755998302524,0.29656982421875,0.47581541538238525
M4,joint_fixed,2022121706,10,0,100,30.0,DPS,,14.630693197250366,100,0.19767294336633848,22.704081215839906,0.5283960184882689,0.17984788119792938,0.9111080765724182,0.3448078546650909,22.149188260485758,0.3799121607580198,0.2802581787109375,0.4754258096218109
M4,joint_fixed,2022121707,7,0,100,30.0,DPS,,15.226481676101685,100,0.17181622662150908,24.305933904942524,0.6602011392257631,0.21430304646492004,0.8845964670181274,0.3883226979311189,21.972367228104144,0.3677490041793135,0.2450408935546875,0.5174496173858643
M4,joint_fixed,2022121707,8,0,100,30.0,DPS,,14.577541589736938,100,0.1618039977443043,25.132370751189352,0.6669391692449416,0.20995648205280304,0.8895239233970642,0.383336254181702,22.387010090033105,0.3623822683911212,0.2487945556640625,0.5074818134307861
M4,joint_fixed,2022121707,9,0,100,30.0,DPS,,15.236067533493042,100,0.19160127814135305,23.276981361270117,0.5385666962728234,0.2015007734298706,0.9128480553627014,0.3984070107087467,21.515987179265306,0.31146138256267025,0.2617034912109375,0.5163357257843018
M4,joint_fixed,2022121708,8,0,100,30.0,DPS,,14.594933986663818,100,0.1786662993781027,24.46241596200865,0.6579696436390758,0.190961092710495,0.8980957865715027,0.33834962899876786,23.455420704734387,0.45422268029730833,0.172454833984375,0.48743942379951477
M4,joint_fixed,2022121708,9,0,100,30.0,DPS,,15.242641925811768,100,0.2011308218580241,22.16271117958117,0.4964843318318594,0.20548942685127258,0.9143586158752441,0.3727469717716878,20.85480633187381,0.37471104962207386,0.21185302734375,0.5154358148574829
M4,joint_fixed,2022121708,10,0,100,30.0,DPS,,14.648577451705933,100,0.18961218820910247,23.060208062972368,0.5964587758651504,0.21325735747814178,0.9026807546615601,0.371446077577131,21.84235223874015,0.4041309458926868,0.1817169189453125,0.5150284767150879
M5,joint_fixed,2022101101,8,0,100,30.0,DPS,,14.546933889389038,100,0.16191398692172307,24.827097659289397,0.6803678992106835,0.20321255922317505,0.8661383986473083,0.3547303211563375,22.07338491812264,0.40567708107292244,0.271240234375,0.4915354251861572
M5,joint_fixed,2022101101,9,0,100,30.0,DPS,,14.903043746948242,100,0.23236743357021725,21.034166476238592,0.4671614642845881,0.18336814641952515,0.9403301477432251,0.38417341331497556,20.72114023359166,0.3285642515973426,0.25335693359375,0.5104808211326599
M5,joint_fixed,2022101101,10,0,100,30.0,DPS,,14.614067077636719,100,0.18760947428710772,22.644543095413706,0.609875514003921,0.17942814528942108,0.8708654642105103,0.3355196978301626,23.109346374314693,0.4013153126964969,0.234466552734375,0.4551641345024109
M5,joint_fixed,2022101102,8,0,100,30.0,DPS,,15.174916982650757,100,0.1852319465471904,23.622426813436746,0.6392475398252352,0.18910379707813263,0.8681224584579468,0.334846636266935,23.21742826900373,0.4337424656920491,0.3021697998046875,0.4800224006175995
M5,joint_fixed,2022101102,9,0,100,30.0,DPS,,14.558858871459961,100,0.17762871328477955,23.14884249460246,0.6508185149851202,0.18990154564380646,0.870688259601593,0.33115598543479297,22.989058148657563,0.4277011668917001,0.29736328125,0.46524494886398315
M5,joint_fixed,2022101102,10,0,100,30.0,DPS,,15.294140338897705,100,0.19126193224390198,22.180030996330107,0.6022167459213551,0.1722034215927124,0.8941982388496399,0.32489587256982333,22.42789865724665,0.4202491885412582,0.2732391357421875,0.44732213020324707
M5,joint_fixed,2022101103,8,0,100,30.0,DPS,,14.62954592704773,100,0.1734452173578844,24.135883754797874,0.6539749178126529,0.2062506228685379,0.8801479935646057,0.3570866412526414,22.47211199800413,0.4133570278340939,0.2850341796875,0.5060275793075562
M5,joint_fixed,2022101103,9,0,100,30.0,DPS,,15.19486379623413,100,0.1689656274944779,23.928073862130304,0.6511011570131163,0.19467872381210327,0.8745904564857483,0.35743938761425714,21.93626810702886,0.39262118063889645,0.276763916015625,0.4903823137283325
M5,joint_fixed,2022101103,10,0,100,30.0,DPS,,14.557658195495605,100,0.17758646518023777,24.2935586020742,0.612255938788866,0.19714228808879852,0.8856948018074036,0.34953733104346196,22.52010441346829,0.39665307738522104,0.271453857421875,0.4888363480567932
M5,joint_fixed,2022101201,8,0,100,30.0,DPS,,15.122169494628906,100,0.1822786882546033,23.94234122503944,0.6641999208844435,0.18446309864521027,0.8670663833618164,0.3526139023858565,22.870739516771206,0.3750595610328793,0.2722625732421875,0.4642850160598755
M5,joint_fixed,2022101201,9,0,100,30.0,DPS,,15.315869808197021,100,0.16851414269668913,23.771722619510367,0.665545913599884,0.1828533560037613,0.8955057263374329,0.35304902687220613,22.050190044453778,0.36335982352979035,0.266693115234375,0.4679790139198303
M5,joint_fixed,2022101201,10,0,100,30.0,DPS,,15.101142883300781,100,0.19614409764008262,22.289550869471245,0.5838162265517587,0.18451909720897675,0.9062106013298035,0.35265540842750204,22.221739321101733,0.3653394062721681,0.2415313720703125,0.4664939045906067
M5,joint_fixed,2022101204,8,0,100,30.0,DPS,,14.52086853981018,100,0.21844329886400635,22.839749230259436,0.5733431846283785,0.17690801620483398,0.8239638209342957,0.3527304448413035,22.85586204420559,0.3734620405857217,0.2927398681640625,0.4632379412651062
M5,joint_fixed,2022101204,9,0,100,30.0,DPS,,15.172002792358398,100,0.187404251283477,24.246301903825625,0.6274766997256456,0.17390777170658112,0.8244987726211548,0.3380483579419326,23.546464554259924,0.39242712877452085,0.271881103515625,0.4496729373931885
M5,joint_fixed,2022101204,10,0,100,30.0,DPS,,15.601400375366211,100,0.1922200813804937,23.649137106906984,0.5972993557252118,0.1748662143945694,0.8399182558059692,0.337988876560012,23.234265694084012,0.391278227820065,0.2709503173828125,0.4496709406375885
M5,joint_fixed,2022101301,8,0,100,30.0,DPS,,15.159730911254883,100,0.1640764258207629,25.301230507335788,0.684970118151047,0.19726575911045074,0.845093846321106,0.34663814404722915,23.080706826787363,0.42374511730549597,0.269775390625,0.4786193370819092
M5,joint_fixed,2022101301,9,0,100,30.0,DPS,,14.823463201522827,100,0.20119137763362394,22.707403079859255,0.5638138899197325,0.19354453682899475,0.8817476630210876,0.3692931881356304,21.619994531139888,0.35522989292566937,0.272857666015625,0.4878084659576416
M5,joint_fixed,2022101301,10,0,100,30.0,DPS,,15.100883722305298,100,0.17618537029804085,24.475411565078247,0.6043335210022603,0.19380241632461548,0.8665760159492493,0.3579699148476331,22.498525866115685,0.3653708357708091,0.2729644775390625,0.4755469858646393
M5,joint_fixed,2022101302,8,0,100,30.0,DPS,,14.610803365707397,100,0.20846333962547722,22.130390174759242,0.6342795075612108,0.1959930807352066,0.8660821318626404,0.36628546023608666,21.734871916960323,0.3938752030367403,0.1457672119140625,0.48856744170188904
M5,joint_fixed,2022101302,9,0,100,30.0,DPS,,15.311777591705322,100,0.19529554351997513,21.878199799179416,0.6415401311928499,0.19578903913497925,0.8758935928344727,0.36720771730717255,21.076781451982743,0.361751556937981,0.2483062744140625,0.4764813184738159
M5,joint_fixed,2022101302,10,0,100,30.0,DPS,,14.506876707077026,100,0.20100818469634602,22.798066748154298,0.5993315182573069,0.20108453929424286,0.8840752243995667,0.35719957964967747,22.068819330244494,0.4062286167282645,0.2863616943359375,0.484491765499115
M5,joint_fixed,2022101303,8,0,100,30.0,DPS,,15.149341583251953,100,0.17340056165540083,22.98150172500939,0.7882878473867145,0.16170503199100494,0.8375208377838135,0.3337899503838913,23.37489466245115,0.40011679696490415,0.0517425537109375,0.4435077905654907
M5,joint_fixed,2022101303,9,0,100,30.0,DPS,,14.951514482498169,100,0.15628215735138815,24.57156230024136,0.7857644418497587,0.17902599275112152,0.822114884853363,0.3222461736939281,23.424203195363592,0.41729176768091647,0.0641937255859375,0.4376533627510071
M5,joint_fixed,2022101303,10,0,100,30.0,DPS,,15.11132001876831,100,0.18534678334087074,22.241839532207077,0.7234762992194325,0.17238228023052216,0.8239122033119202,0.334398348147255,23.211639773176316,0.4079685904792237,0.109771728515625,0.44710054993629456
M5,joint_fixed,2022112702,8,0,100,30.0,DPS,,15.223899126052856,100,0.16616483434085788,25.101810390846143,0.6636929259341614,0.183816596865654,0.844867467880249,0.3437901578350546,23.291046805067115,0.3956182055515657,0.2598114013671875,0.45605215430259705
M5,joint_fixed,2022112702,9,0,100,30.0,DPS,,15.09232497215271,100,0.18644095781166697,23.451026007569745,0.5553360357950146,0.186066135764122,0.88285231590271,0.3628173356817059,22.224258108209504,0.3378873575084787,0.2509307861328125,0.47158318758010864
M5,joint_fixed,2022112702,10,0,100,30.0,DPS,,15.043770790100098,100,0.21247693680211302,22.227702281034233,0.49738283173916975,0.16844826936721802,0.8880816102027893,0.3677617284964778,22.315368165775702,0.3289564531232513,0.22802734375,0.4689030051231384
M5,joint_fixed,2022112704,8,0,100,30.0,DPS,,15.22370433807373,100,0.19072869906469067,24.541016545634292,0.6721627301044467,0.18239006400108337,0.8496878743171692,0.3357434657938405,23.993045558730262,0.4344013270109984,0.2573699951171875,0.46328204870224
M5,joint_fixed,2022112704,9,0,100,30.0,DPS,,14.997671127319336,100,0.17950564355586457,25.074274598093606,0.6422812699223606,0.1829848438501358,0.8646582365036011,0.34253273137128737,23.634218679960167,0.3987225694620364,0.27520751953125,0.4737528860569
M5,joint_fixed,2022112704,10,0,100,30.0,DPS,,15.341498374938965,100,0.19050430027975412,23.932494788636262,0.5903218617668549,0.1883225440979004,0.8741163015365601,0.3424123740365105,23.185528199216982,0.3978944418571785,0.2538604736328125,0.47353169322013855
M5,joint_fixed,2022120401,8,0,100,30.0,DPS,,14.650850057601929,100,0.18504207885626955,24.28110759353292,0.6445033950099797,0.18771697580814362,0.8886319994926453,0.3507682329168257,22.890798984419796,0.41325462793636414,0.3004150390625,0.48133620619773865
M5,joint_fixed,2022120401,9,0,100,30.0,DPS,,15.278482675552368,100,0.1781442859780209,24.164402916384912,0.630046911325414,0.1913590282201767,0.9051513671875,0.3504598964968333,22.492183815707936,0.3953416626553068,0.29266357421875,0.48560744524002075
M5,joint_fixed,2022120401,10,0,100,30.0,DPS,,14.588905811309814,100,0.18983314600122278,23.86818481791731,0.5706450912889643,0.18029780685901642,0.9191292524337769,0.34708145218560515,22.950269965533067,0.38322899907529134,0.282684326171875,0.4791680574417114
M5,joint_fixed,2022120402,8,0,100,30.0,DPS,,15.22335958480835,100,0.18393230215545722,23.856872674549827,0.6042875888198986,0.19587133824825287,0.8718881011009216,0.36102058299587964,22.293474381257692,0.3867955546153509,0.2657470703125,0.4899331033229828
M5,joint_fixed,2022120402,9,0,100,30.0,DPS,,14.738173961639404,100,0.18998478167061145,22.455523899280053,0.5267102702907807,0.19151927530765533,0.8771957755088806,0.36698881562615615,21.175469798827628,0.34973159929798825,0.2476654052734375,0.4841480255126953
M5,joint_fixed,2022120402,10,0,100,30.0,DPS,,15.36504316329956,100,0.19245885200420076,22.895273242161647,0.48698781670739,0.18124639987945557,0.9039776921272278,0.3621375012931186,22.054836007428158,0.3499698436683242,0.2301025390625,0.4839495122432709
M5,joint_fixed,2022120403,8,0,100,30.0,DPS,,14.579820156097412,100,0.20629527736748954,23.395073081330647,0.5831534574231526,0.18053551018238068,0.8867524266242981,0.350041230435952,23.008984945091612,0.3911001516516713,0.29296875,0.4716550409793854
M5,joint_fixed,2022120403,9,0,100,30.0,DPS,,15.239133596420288,100,0.18717358929586095,23.59982222049835,0.5813341575253401,0.18012623488903046,0.8787192106246948,0.35247892238530926,22.351954633205047,0.3697495131617638,0.2761688232421875,0.4732520282268524
M5,joint_fixed,2022120403,10,0,100,30.0,DPS,,14.653152704238892,100,0.19593461746234733,22.862947768553514,0.5444742218141834,0.17701493203639984,0.8898608088493347,0.3403793924925076,22.32069593495919,0.3797365504758305,0.267791748046875,0.45956850051879883
M5,joint_fixed,2022120404,8,0,100,30.0,DPS,,15.412477493286133,100,0.18238473329781796,24.272676324731535,0.63228248830272,0.185346320271492,0.9047569632530212,0.34287832012199404,23.16499918468354,0.39667287225660647,0.2799530029296875,0.46999090909957886
M5,joint_fixed,2022120404,9,0,100,30.0,DPS,,14.592845439910889,100,0.18630074374342895,23.844117235232474,0.5719117874751748,0.18211936950683594,0.9332724809646606,0.3490498608214149,22.835228986554203,0.37313320965969865,0.26031494140625,0.48009055852890015
M5,joint_fixed,2022120404,10,0,100,30.0,DPS,,15.281977891921997,100,0.17954168867999418,24.445606835175518,0.585666056186457,0.18555960059165955,0.89332115650177,0.34443654298381093,23.10153178757025,0.3976931500152212,0.2296905517578125,0.47105899453163147
M5,joint_fixed,2022120406,8,0,100,30.0,DPS,,14.57956576347351,100,0.17925566145047517,23.626769594211115,0.6133040947174464,0.18788625299930573,0.8915740847587585,0.34410813443075516,22.464682739848815,0.3954261112095435,0.2564849853515625,0.47253233194351196
M5,joint_fixed,2022120406,9,0,100,30.0,DPS,,15.208435773849487,100,0.20941147388015088,22.197222984724885,0.5506630299280049,0.18554317951202393,0.8984797596931458,0.34862735240687337,22.176900391434383,0.3986624747593803,0.235595703125,0.48000431060791016
M5,joint_fixed,2022120406,10,0,100,30.0,DPS,,15.666809320449829,100,0.21499108752690937,21.22853219492976,0.5201223460635792,0.18694943189620972,0.9204805493354797,0.35850957445182585,22.844694080042874,0.39325582259827907,0.2180023193359375,0.49357157945632935
M5,joint_fixed,2022120407,8,0,100,30.0,DPS,,15.275529861450195,100,0.17583457224043306,25.615306150741624,0.6655424486019064,0.18873079121112823,0.8561198711395264,0.343638257908146,24.109946658884102,0.42179459646496786,0.25726318359375,0.4728616774082184
M5,joint_fixed,2022120407,9,0,100,30.0,DPS,,14.718238353729248,100,0.19469414546762207,22.77919457184479,0.5576029587076154,0.18064391613006592,0.8659593462944031,0.34598515110139255,22.12180892631341,0.3751238819363776,0.2559661865234375,0.46341657638549805
M5,joint_fixed,2022120407,10,0,100,30.0,DPS,,15.22210431098938,100,0.19972583434144534,22.350122889818618,0.5459326182393447,0.1777838170528412,0.8762892484664917,0.3386714862446896,22.167062572658768,0.39177557768089755,0.2457275390625,0.4636058807373047
M5,joint_fixed,2022120408,8,0,100,30.0,DPS,,14.590665578842163,100,0.1724738180923604,24.751045958879217,0.6608205491690642,0.18751558661460876,0.8521056771278381,0.33047603741403864,23.134579425814174,0.42893053580327456,0.27801513671875,0.46744024753570557
M5,joint_fixed,2022120408,9,0,100,30.0,DPS,,15.249366283416748,100,0.18923858564641768,22.60553467705726,0.5940688786077778,0.191257506608963,0.8551387786865234,0.33708334055793115,21.70442747127304,0.4008711316903734,0.2511749267578125,0.4705071747303009
M5,joint_fixed,2022120408,10,0,100,30.0,DPS,,14.667054653167725,100,0.18650027030212543,22.81638255828691,0.5924930301863818,0.18012021481990814,0.8564471006393433,0.3238389110413656,22.28082105975592,0.41834067205184755,0.2187957763671875,0.45216286182403564
M5,joint_fixed,2022120409,8,0,100,30.0,DPS,,15.232125282287598,100,0.1601617242286302,25.42269324553752,0.6748746226690544,0.183644101023674,0.8443019390106201,0.3308652996882839,23.234094307440316,0.4227293932845068,0.297821044921875,0.46035340428352356
M5,joint_fixed,2022120409,9,0,100,30.0,DPS,,15.669012546539307,100,0.17283845725872632,24.571722851873254,0.6057968290664392,0.17759083211421967,0.8647111058235168,0.35302932707053125,22.510345110489855,0.3724853598049304,0.292999267578125,0.47686272859573364
M5,joint_fixed,2022120409,10,0,100,30.0,DPS,,15.178266286849976,100,0.15966922720355736,25.3410014814434,0.6123966553326251,0.18413113057613373,0.8552829623222351,0.33650784411538553,23.21787289551326,0.38692923119512423,0.26251220703125,0.4618282616138458
M5,joint_fixed,2022121701,8,0,100,30.0,DPS,,15.674789190292358,100,0.19326910052297896,21.826527271520288,0.5580273054860553,0.18108975887298584,0.8927149772644043,0.34410455248120986,21.747361443843026,0.3897977093123556,0.20849609375,0.4711073637008667
M5,joint_fixed,2022121701,9,0,100,30.0,DPS,,15.968761444091797,100,0.1784414650226187,22.762527745560803,0.5789205517928822,0.20153754949569702,0.8950444459915161,0.3510216239775491,22.36500420830405,0.3956607627389602,0.22967529296875,0.48648911714553833
M5,joint_fixed,2022121701,10,0,100,30.0,DPS,,15.70597529411316,100,0.2064062950663144,21.550267225895073,0.5420196967767887,0.19984576106071472,0.9133136868476868,0.378440829364352,21.740188048549545,0.3774877714277841,0.171142578125,0.5136396288871765
M5,joint_fixed,2022121702,8,0,100,30.0,DPS,,15.1905357837677,100,0.19138557558820404,22.75062381899434,0.5842759925541527,0.16766585409641266,0.876414954662323,0.3107920750766304,22.785801459657847,0.43912279694132356,0.24884033203125,0.443582683801651
M5,joint_fixed,2022121702,9,0,100,30.0,DPS,,15.683946132659912,100,0.1900868245854899,23.92141819593199,0.5876069954838435,0.17579355835914612,0.8760713338851929,0.329394329659988,22.958939426472334,0.42697755096900947,0.27587890625,0.4657454788684845
M5,joint_fixed,2022121702,10,0,100,30.0,DPS,,15.193303346633911,100,0.2172878072524917,21.11528704811591,0.49426553149120356,0.18483376502990723,0.8873283863067627,0.343728824006115,21.59502575096818,0.39621595072006194,0.28070068359375,0.48362088203430176
M5,joint_fixed,2022121703,8,0,100,30.0,DPS,,14.811241149902344,100,0.20894951151418764,22.273143649358552,0.559403903617001,0.18594488501548767,0.8867915868759155,0.356187440467472,21.596919070768088,0.388522004051065,0.277984619140625,0.4870842397212982
M5,joint_fixed,2022121703,9,0,100,30.0,DPS,,15.44046664237976,100,0.17787995204445303,23.472347829115662,0.619065174198501,0.19274131953716278,0.8501173257827759,0.3350631233647904,22.04360333122935,0.40603327389234334,0.2646331787109375,0.46217137575149536
M5,joint_fixed,2022121703,10,0,100,30.0,DPS,,14.596674919128418,100,0.2216273392426855,21.476942015975474,0.5245539633141236,0.18924182653427124,0.8737737536430359,0.3505274513206607,21.792326328034875,0.400074082578265,0.2433624267578125,0.47764772176742554
M5,joint_fixed,2022121705,8,0,100,30.0,DPS,,15.964772939682007,100,0.20823176909104096,22.251514835380956,0.5832031097833734,0.17706158757209778,0.8639490604400635,0.3357329595905987,22.467990186374138,0.40216436083317686,0.270263671875,0.4546246826648712
M5,joint_fixed,2022121705,9,0,100,30.0,DPS,,14.64388918876648,100,0.1945611216118993,23.575445553481565,0.6119477833165384,0.1833665668964386,0.8649905323982239,0.32629918686365234,23.099952811982337,0.4382682291077571,0.3026275634765625,0.46478360891342163
M5,joint_fixed,2022121705,10,0,100,30.0,DPS,,15.20345687866211,100,0.20820808802277913,23.933745622791342,0.5978909901252445,0.1947915256023407,0.8849536776542664,0.3498599612261469,23.349950316002214,0.4194729161084917,0.2462158203125,0.4904254674911499
M5,joint_fixed,2022121706,8,0,100,30.0,DPS,,14.630092144012451,100,0.16840856082090092,25.306677553052246,0.6704461911926096,0.18881669640541077,0.8956618309020996,0.3313801385057404,23.49354473412223,0.44291542980970805,0.2996673583984375,0.47035762667655945
M5,joint_fixed,2022121706,9,0,100,30.0,DPS,,15.926387071609497,100,0.175510545705363,25.201777880210173,0.6022728728797878,0.19361703097820282,0.9001177549362183,0.3474638018640295,23.30557257638727,0.3931409847733415,0.29656982421875,0.4793844223022461
M5,joint_fixed,2022121706,10,0,100,30.0,DPS,,14.544577836990356,100,0.18954225570358088,23.06890490037056,0.5593056933098469,0.18021787703037262,0.8991062045097351,0.34050613315047845,22.25823249344588,0.39149315858845773,0.2802581787109375,0.4698578715324402
M5,joint_fixed,2022121707,7,0,100,30.0,DPS,,15.14380693435669,100,0.1773953314830156,24.028373717854098,0.6401400423900219,0.2149147242307663,0.8863331079483032,0.38899232809625883,21.957402033924733,0.3651523094172782,0.2450408935546875,0.5184242129325867
M5,joint_fixed,2022121707,8,0,100,30.0,DPS,,15.679967641830444,100,0.16652431694037004,24.88260248614484,0.6635582776941107,0.2101895660161972,0.8909254670143127,0.38717794615003903,22.30039575131521,0.35621113057465403,0.2487945556640625,0.5081191658973694
M5,joint_fixed,2022121707,9,0,100,30.0,DPS,,15.182774782180786,100,0.18956533088694735,23.36977113309313,0.5524439231510456,0.20196688175201416,0.911332368850708,0.3977744918990166,21.52978802671816,0.3149418258765935,0.2617034912109375,0.515904426574707
M5,joint_fixed,2022121708,8,0,100,30.0,DPS,,14.672359943389893,100,0.18302245232625564,24.25318140198932,0.6498809599240145,0.1932702660560608,0.901214063167572,0.34127450616128296,23.380657859291773,0.44919592283663956,0.172454833984375,0.4890492856502533
M5,joint_fixed,2022121708,9,0,100,30.0,DPS,,15.258748531341553,100,0.19514342231863266,22.42520540109799,0.501503126746662,0.20677825808525085,0.9093188643455505,0.3681786933063777,20.96191576882418,0.37880569097667094,0.21185302734375,0.5138092637062073
M5,joint_fixed,2022121708,10,0,100,30.0,DPS,,14.647491693496704,100,0.18133705842988967,23.447801736753533,0.6156503889178052,0.21362565457820892,0.8969024419784546,0.36994970236333125,21.87741412596603,0.40405794035079184,0.1817169189453125,0.5122931003570557
M6,joint_extra,2022101101,8,0,100,30.0,DPS,,14.469372034072876,100,0.16884032270520521,24.46326152533612,0.6598049722400933,0.2738576829433441,0.8679556846618652,0.3607950815515336,21.926138989971943,0.3913334180663387,0.271240234375,0.4943700432777405
M6,joint_extra,2022101101,9,0,100,30.0,DPS,,14.957149028778076,100,0.15621792398459033,24.48305446205768,0.6329363523021003,0.2626073956489563,0.8622583150863647,0.3484275614443686,21.569436330419762,0.38201412064342494,0.25335693359375,0.473908394575119
M6,joint_extra,2022101101,10,0,100,30.0,DPS,,14.868862628936768,100,0.1593894513912351,24.060446908840728,0.6815343552085735,0.2532179355621338,0.8554660081863403,0.3221262698025851,23.463183943703992,0.4274187562039544,0.234466552734375,0.44682812690734863
M6,joint_extra,2022101102,8,0,100,30.0,DPS,,15.429797172546387,100,0.16683898669403138,24.530793756472725,0.7043882205383745,0.26399827003479004,0.843288242816925,0.3295895463578348,23.35487850679553,0.45018262860474,0.3021697998046875,0.4702534079551697
M6,joint_extra,2022101102,9,0,100,30.0,DPS,,14.560564517974854,100,0.1588411497776904,24.119845450401854,0.6868587040564215,0.24677075445652008,0.8544725179672241,0.3218940005033355,23.23545268306017,0.4438244844741897,0.29736328125,0.45722004771232605
M6,joint_extra,2022101102,10,0,100,30.0,DPS,,15.278914451599121,100,0.17318687042441647,23.042302488393357,0.6460755277509798,0.21958278119564056,0.871137261390686,0.31213043231885335,22.77606026281209,0.4464569902909606,0.2732391357421875,0.43877726793289185
M6,joint_extra,2022101103,8,0,100,30.0,DPS,,14.908762216567993,100,0.1542972716000998,25.15196540153504,0.6997162223335971,0.2832224667072296,0.8663903474807739,0.35266573856399785,22.580318664340187,0.42186380398894235,0.2850341796875,0.4986478090286255
M6,joint_extra,2022101103,9,0,100,30.0,DPS,,15.153313398361206,100,0.1531890089512064,24.77948904182663,0.6828776940602802,0.26083868741989136,0.8667847514152527,0.35033713465585875,22.110592781918825,0.4014130120606402,0.276763916015625,0.4845050871372223
M6,joint_extra,2022101103,10,0,100,30.0,DPS,,14.541923999786377,100,0.14401381144338884,26.113672967817717,0.6941207752312498,0.2613184452056885,0.8747161030769348,0.3407975499864531,22.740046450252713,0.41239123965765007,0.271453857421875,0.4764072000980377
M6,joint_extra,2022101201,8,0,100,30.0,DPS,,15.144007921218872,100,0.16283968224967094,24.921854191252244,0.7077801640698372,0.24603718519210815,0.8598556518554688,0.34404866052233246,23.084330711226087,0.3897414487578145,0.2722625732421875,0.4577007591724396
M6,joint_extra,2022101201,9,0,100,30.0,DPS,,15.358908414840698,100,0.14863701422963843,24.861910269614,0.701115602760572,0.25592800974845886,0.8816509246826172,0.34294593139429874,22.30237732196183,0.3792927598610272,0.266693115234375,0.45992740988731384
M6,joint_extra,2022101201,10,0,100,30.0,DPS,,15.11635708808899,100,0.16336023756696152,23.878128620951333,0.676585215779767,0.23175573348999023,0.8830974102020264,0.3391070093543388,22.562014960029405,0.386234314854027,0.2415313720703125,0.4522971212863922
M6,joint_extra,2022101204,8,0,100,30.0,DPS,,14.519221544265747,100,0.1604231291385329,25.521184095538672,0.7171257075869212,0.25693759322166443,0.791766345500946,0.3245352635375405,23.579483095355506,0.4305989029519865,0.2927398681640625,0.440822035074234
M6,joint_extra,2022101204,9,0,100,30.0,DPS,,15.176934719085693,100,0.1548876467500452,25.901555048071078,0.7076797962960272,0.2413056492805481,0.8005081415176392,0.32859670520507095,23.79277707822887,0.4062963318501349,0.271881103515625,0.4344015419483185
M6,joint_extra,2022101204,10,0,100,30.0,DPS,,14.575418710708618,100,0.151059432123437,25.742155288079136,0.7117224337217519,0.2457178831100464,0.8258765935897827,0.31664450555467866,23.800874715705184,0.4420211085361064,0.2709503173828125,0.4363470673561096
M6,joint_extra,2022101301,8,0,100,30.0,DPS,,15.132295846939087,100,0.1729664386201431,24.842917378789366,0.6743888381366538,0.2648770213127136,0.8348566293716431,0.3578585850177437,22.804005034122994,0.4021289293109616,0.269775390625,0.4740876853466034
M6,joint_extra,2022101301,9,0,100,30.0,DPS,,15.02950143814087,100,0.16124267768522418,24.629990334821695,0.651599567727427,0.2711716890335083,0.8511542677879333,0.35284807904062593,22.015665320278366,0.3845179941386696,0.272857666015625,0.47181621193885803
M6,joint_extra,2022101301,10,0,100,30.0,DPS,,15.137389183044434,100,0.14338513397225208,26.264725907375947,0.7128211245475494,0.26635587215423584,0.8617833852767944,0.3379184178692947,22.99921917128563,0.4171449372708556,0.2729644775390625,0.4622177481651306
M6,joint_extra,2022101302,8,0,100,30.0,DPS,,14.89522671699524,100,0.1928321047005513,22.80739716496022,0.6744963017315324,0.27591633796691895,0.8293910026550293,0.35514987687174326,22.003032140403324,0.41451327474999117,0.1457672119140625,0.47745320200920105
M6,joint_extra,2022101302,9,0,100,30.0,DPS,,15.128401041030884,100,0.18819931095748724,22.199685881730993,0.6505747822584858,0.26438936591148376,0.851496160030365,0.36510016772700343,21.126776799499552,0.3612208989803851,0.2483062744140625,0.4708900451660156
M6,joint_extra,2022101302,10,0,100,30.0,DPS,,14.538022756576538,100,0.1832843644922976,23.59983321734926,0.6380554616315025,0.2650490403175354,0.8679072260856628,0.3510049151404749,22.22077415393572,0.411812889350778,0.2863616943359375,0.4777977466583252
M6,joint_extra,2022101303,8,0,100,30.0,DPS,,15.13760256767273,100,0.15113079117355221,24.175452604062507,0.8353595242670802,0.23362669348716736,0.8226470351219177,0.32183837353891154,23.691603306055814,0.4274460980181273,0.0517425537109375,0.4349657893180847
M6,joint_extra,2022101303,9,0,100,30.0,DPS,,15.21491289138794,100,0.13255432956022425,26.00187190477358,0.8236673294861828,0.2472204864025116,0.8161744475364685,0.31240187503741446,23.693685944434794,0.43167374646142515,0.0641937255859375,0.4304821789264679
M6,joint_extra,2022101303,10,0,100,30.0,DPS,,15.087865829467773,100,0.1532875593090919,23.891402412710896,0.7847404879433355,0.24243952333927155,0.8162372708320618,0.3182619930802817,23.641226678846266,0.4403300738643343,0.109771728515625,0.4397464990615845
M6,joint_extra,2022112702,8,0,100,30.0,DPS,,15.559048891067505,100,0.1558425330335162,25.658872798701235,0.6946311137077866,0.24918881058692932,0.8325248956680298,0.3415920328861098,23.346760934898285,0.4033113562124207,0.2598114013671875,0.45077458024024963
M6,joint_extra,2022112702,9,0,100,30.0,DPS,,15.158552646636963,100,0.15210359035714888,25.219063204155887,0.6444287583031576,0.2577117085456848,0.855238676071167,0.3509760088500006,22.512470083097025,0.3612148747804852,0.2509307861328125,0.45937418937683105
M6,joint_extra,2022112702,10,0,100,30.0,DPS,,15.32179069519043,100,0.1716612758253668,24.080491495069765,0.6015340876531542,0.24755561351776123,0.845998227596283,0.34631017476917986,22.83739377418806,0.36616781173172075,0.22802734375,0.4502267837524414
M6,joint_extra,2022112704,8,0,100,30.0,DPS,,15.205530643463135,100,0.1526048467906429,26.47797093198387,0.759520489897028,0.25264042615890503,0.836364209651947,0.32084419414105836,24.387313245431944,0.453156242358127,0.2573699951171875,0.44787541031837463
M6,joint_extra,2022112704,9,0,100,30.0,DPS,,15.086425304412842,100,0.15051058407859144,26.604495918235106,0.710758045020259,0.24982647597789764,0.8467738032341003,0.33172818072216426,23.912612894132828,0.42147742677712446,0.27520751953125,0.46080467104911804
M6,joint_extra,2022112704,10,0,100,30.0,DPS,,15.726321697235107,100,0.1545059554780206,25.751685976992682,0.6877727221167884,0.2626802623271942,0.8610679507255554,0.3275541856786257,23.57085414466419,0.4275585202125207,0.2538604736328125,0.46026039123535156
M6,joint_extra,2022120401,8,0,100,30.0,DPS,,14.631216287612915,100,0.15058236680908102,26.071035191599204,0.7235784445604643,0.2641986906528473,0.8616405725479126,0.3365972688087428,23.248992327596522,0.437465607027258,0.3004150390625,0.4661896526813507
M6,joint_extra,2022120401,9,0,100,30.0,DPS,,15.174527883529663,100,0.16022840793238297,25.085050503400915,0.6678726991758922,0.26631608605384827,0.8792771100997925,0.34471402197659984,22.635771390530678,0.4034641742508358,0.29266357421875,0.4766266345977783
M6,joint_extra,2022120401,10,0,100,30.0,DPS,,14.735176801681519,100,0.16806309830858468,24.92617840700281,0.6350041908792777,0.2554166316986084,0.8975623250007629,0.3324254197306149,23.325013567249503,0.4195163345991163,0.282684326171875,0.4687894880771637
M6,joint_extra,2022120402,8,0,100,30.0,DPS,,15.219109296798706,100,0.17666464238162297,24.20704003529579,0.6178151322281172,0.2667439877986908,0.8602977395057678,0.35731856914082605,22.383001920907077,0.38944748080795644,0.2657470703125,0.486270546913147
M6,joint_extra,2022120402,9,0,100,30.0,DPS,,14.589144945144653,100,0.16332298109593524,23.768954213404932,0.6192293502838978,0.2588390111923218,0.8565390706062317,0.3568949207842361,21.417719031037667,0.3730471263358697,0.2476654052734375,0.47443482279777527
M6,joint_extra,2022120402,10,0,100,30.0,DPS,,15.186679363250732,100,0.18728330647054986,23.1320496973515,0.5425483041457316,0.2514583468437195,0.8777186870574951,0.36188721618159275,22.060841186231833,0.3527087374725601,0.2301025390625,0.4770922064781189
M6,joint_extra,2022120403,8,0,100,30.0,DPS,,14.588756799697876,100,0.17009845420553973,25.070851462264837,0.6563870455621003,0.2534465491771698,0.8554534316062927,0.3325159200619625,23.455120118223668,0.4151524296149472,0.29296875,0.45561471581459045
M6,joint_extra,2022120403,9,0,100,30.0,DPS,,15.58056902885437,100,0.1599306897234019,24.96607738818952,0.6618219076128327,0.26035723090171814,0.857302188873291,0.3398640273602986,22.668513685300926,0.3950298998624103,0.2761688232421875,0.4589154124259949
M6,joint_extra,2022120403,10,0,100,30.0,DPS,,14.642675876617432,100,0.1922255671280898,23.028948217463224,0.5480634900764738,0.24808353185653687,0.874853253364563,0.3373966582787847,22.397145574694406,0.3835995863235511,0.267791748046875,0.456748902797699
M6,joint_extra,2022120404,8,0,100,30.0,DPS,,15.301152229309082,100,0.1594724987243329,25.438729991569563,0.6719485724254908,0.25232550501823425,0.8823421001434326,0.33226108992470643,23.438209996320005,0.41405938850927304,0.2799530029296875,0.45982658863067627
M6,joint_extra,2022120404,9,0,100,30.0,DPS,,14.61548113822937,100,0.15744148561838162,25.306025426521252,0.6528330155516423,0.25144797563552856,0.8846760988235474,0.3305179846200478,23.309076451615756,0.4093431688162701,0.26031494140625,0.4604753255844116
M6,joint_extra,2022120404,10,0,100,30.0,DPS,,15.204066753387451,100,0.16682425269011988,25.083729186648217,0.6147192210879622,0.2597526013851166,0.8813151717185974,0.3369737839939908,23.291793925481606,0.4082381793762027,0.2296905517578125,0.46486109495162964
M6,joint_extra,2022120406,8,0,100,30.0,DPS,,14.599052667617798,100,0.18440268863453135,23.380882235121817,0.6035608843904832,0.2581423223018646,0.8805480599403381,0.34864333681374815,22.350954132112868,0.3867915082057638,0.2564849853515625,0.47180357575416565
M6,joint_extra,2022120406,9,0,100,30.0,DPS,,15.235151290893555,100,0.1775061813225233,23.632962830830124,0.6385171771774415,0.2506736218929291,0.8803211450576782,0.3307391867478215,22.634416462601564,0.43451065731137756,0.235595703125,0.4657689332962036
M6,joint_extra,2022120406,10,0,100,30.0,DPS,,14.972074508666992,100,0.17230178678434188,23.15114570359095,0.6407165390783024,0.2614003121852875,0.8869828581809998,0.332964177219757,23.486759023566247,0.4463300492893041,0.2180023193359375,0.47309932112693787
M6,joint_extra,2022120407,8,0,100,30.0,DPS,,15.398250102996826,100,0.16180343997949706,26.337636524024983,0.7040523299314679,0.2527525722980499,0.8306538462638855,0.34066458604450134,24.185437060365473,0.4265639975547387,0.25726318359375,0.4643838107585907
M6,joint_extra,2022120407,9,0,100,30.0,DPS,,14.674415111541748,100,0.17466939182068617,23.72191625622033,0.5929557044602393,0.2536299526691437,0.8357658386230469,0.33623048366113995,22.370216424970153,0.391194292047627,0.2559661865234375,0.45503342151641846
M6,joint_extra,2022120407,10,0,100,30.0,DPS,,15.22709608078003,100,0.15364290940473208,24.628557322532053,0.6499796696797513,0.24897809326648712,0.8554651141166687,0.3147799830558016,22.802493092333055,0.4321590416005928,0.2457275390625,0.44816192984580994
M6,joint_extra,2022120408,8,0,100,30.0,DPS,,15.153829097747803,100,0.1466472268886844,26.160032412860414,0.7236555998334835,0.2587842643260956,0.8266834020614624,0.3213454285844417,23.377936395762518,0.44750294792718254,0.27801513671875,0.4558745324611664
M6,joint_extra,2022120408,9,0,100,30.0,DPS,,15.218868017196655,100,0.16838955018637655,23.619425810729282,0.6089231494396344,0.23896445333957672,0.84850013256073,0.3304698736403579,21.876535767705164,0.4020732495164675,0.2511749267578125,0.4628816545009613
M6,joint_extra,2022120408,10,0,100,30.0,DPS,,14.593313694000244,100,0.15307932699755383,24.5316409857562,0.6672225922445943,0.24605302512645721,0.8267808556556702,0.30350314165405357,22.844137849628776,0.4576818358937049,0.2187957763671875,0.43703100085258484
M6,joint_extra,2022120409,8,0,100,30.0,DPS,,15.256192922592163,100,0.15245565362493949,25.85099727187876,0.6901720915122943,0.2478555589914322,0.8320744633674622,0.33156803202764024,23.215665712313193,0.41534462596359495,0.297821044921875,0.4540317952632904
M6,joint_extra,2022120409,9,0,100,30.0,DPS,,15.686567544937134,100,0.15006169075811424,25.79913376798791,0.6443163439451609,0.26757073402404785,0.8397592306137085,0.3418584939074859,22.789633308476162,0.38921947785655164,0.292999267578125,0.46579205989837646
M6,joint_extra,2022120409,10,0,100,30.0,DPS,,15.205619096755981,100,0.14859732164891964,25.96520631429888,0.6450490713162975,0.25458425283432007,0.8427109718322754,0.3326144593004299,23.318954244334705,0.39330060214739376,0.26251220703125,0.4544508755207062
M6,joint_extra,2022121701,8,0,100,30.0,DPS,,15.542330265045166,100,0.168004441936133,23.043360493198918,0.6292867033194065,0.25214216113090515,0.8624340891838074,0.3279661885087521,22.16458835734344,0.42255818017155644,0.20849609375,0.4583783745765686
M6,joint_extra,2022121701,9,0,100,30.0,DPS,,15.372681856155396,100,0.1566164438265065,23.895696178473898,0.6300210696235539,0.26694297790527344,0.879453182220459,0.34088654845060506,22.619484348874444,0.4144124468370031,0.22967529296875,0.47536009550094604
M6,joint_extra,2022121701,10,0,100,30.0,DPS,,15.01402997970581,100,0.1589484916928157,23.819597772422902,0.6628589493123928,0.27806952595710754,0.8763758540153503,0.3618209915118608,22.13027257198434,0.40606111307440984,0.171142578125,0.4913958013057709
M6,joint_extra,2022121702,8,0,100,30.0,DPS,,15.240954875946045,100,0.17456732209707823,23.549548875720248,0.6394721879004152,0.23138630390167236,0.8542985916137695,0.30195139288817185,23.036459435949517,0.45807837237445836,0.24884033203125,0.4348449110984802
M6,joint_extra,2022121702,9,0,100,30.0,DPS,,15.539742946624756,100,0.16481204020226373,25.160679801777373,0.6655454822266801,0.2430218905210495,0.8620339035987854,0.3168048428248857,23.297425565801824,0.4520899638834214,0.27587890625,0.4530947208404541
M6,joint_extra,2022121702,10,0,100,30.0,DPS,,15.236477851867676,100,0.1758135522057391,22.954947220311197,0.6202158139279513,0.2549164891242981,0.8669000267982483,0.3226275804728555,22.145314971651835,0.4454779044431383,0.28070068359375,0.4635508954524994
M6,joint_extra,2022121703,8,0,100,30.0,DPS,,14.737830400466919,100,0.17781404823368813,23.674649462746547,0.6185655268605252,0.25428125262260437,0.8376291990280151,0.33867491559455176,22.034830480567578,0.40228071879419375,0.277984619140625,0.4691878855228424
M6,joint_extra,2022121703,9,0,100,30.0,DPS,,15.761431455612183,100,0.17515375804795746,23.60649870599267,0.6272004208472881,0.2548544704914093,0.8318716287612915,0.33521451412120984,22.039679693168633,0.404101004493981,0.2646331787109375,0.4600811004638672
M6,joint_extra,2022121703,10,0,100,30.0,DPS,,14.61963963508606,100,0.18897058013904164,22.861524739792674,0.5868482832852796,0.25615113973617554,0.8556607961654663,0.3260142038619615,22.422036591863524,0.43021299800561574,0.2433624267578125,0.4609679877758026
M6,joint_extra,2022121705,8,0,100,30.0,DPS,,15.515830755233765,100,0.18516426873532282,23.27131092446562,0.6482348821953722,0.22679470479488373,0.8347496390342712,0.32435167644400736,22.767546825397456,0.42598523881439576,0.270263671875,0.44263193011283875
M6,joint_extra,2022121705,9,0,100,30.0,DPS,,14.611692190170288,100,0.16840620330033038,24.829405081267666,0.6968752912361492,0.2498229593038559,0.8506451845169067,0.3116910947290541,23.497784756491825,0.4709309758280657,0.3026275634765625,0.44968336820602417
M6,joint_extra,2022121705,10,0,100,30.0,DPS,,15.18105173110962,100,0.22122206530924715,23.407128692854876,0.5723969635995908,0.25924694538116455,0.877004861831665,0.3555184260031289,23.210592899453264,0.4109375050482082,0.2462158203125,0.4920734167098999
M6,joint_extra,2022121706,8,0,100,30.0,DPS,,14.625179052352905,100,0.16131723516073485,25.68034544369596,0.6761326200287351,0.24656368792057037,0.8691132068634033,0.32924139999109675,23.54978544237385,0.43937488638933886,0.2996673583984375,0.4653300642967224
M6,joint_extra,2022121706,9,0,100,30.0,DPS,,15.379236936569214,100,0.17324646003216754,25.314554823680126,0.5980740580129774,0.2503114640712738,0.8856354355812073,0.34868910458794783,23.274996376460585,0.3851096450481972,0.29656982421875,0.4767395555973053
M6,joint_extra,2022121706,10,0,100,30.0,DPS,,14.58004093170166,100,0.17296315024978814,23.86395406241015,0.6190248178177589,0.24380771815776825,0.8801615238189697,0.3355012444246996,22.386848561467694,0.40376681334568804,0.2802581787109375,0.46080952882766724
M6,joint_extra,2022121707,7,0,100,30.0,DPS,,15.229352951049805,100,0.15356483122744935,25.281382108322582,0.7076913114024116,0.2957362234592438,0.8742772936820984,0.38149329179160096,22.12648464082658,0.3801232112168706,0.2450408935546875,0.5109108090400696
M6,joint_extra,2022121707,8,0,100,30.0,DPS,,14.568840265274048,100,0.13532619488925615,26.68451829511076,0.7457210470514414,0.279600590467453,0.8730733394622803,0.37734619877778947,22.52380839640526,0.3736644582357868,0.2487945556640625,0.49711406230926514
M6,joint_extra,2022121707,9,0,100,30.0,DPS,,15.206920385360718,100,0.1456639675486451,25.65790669941252,0.6960903369901363,0.2765515148639679,0.8823122382164001,0.38582992191674625,21.794608518776208,0.3459632218067643,0.2617034912109375,0.4997711777687073
M6,joint_extra,2022121708,8,0,100,30.0,DPS,,14.569570541381836,100,0.16336589265470794,25.24004100265578,0.6983646831695365,0.2676987648010254,0.8608236312866211,0.3338781303411231,23.570975339765017,0.46628962458500317,0.172454833984375,0.4784735143184662
M6,joint_extra,2022121708,9,0,100,30.0,DPS,,15.193034172058105,100,0.1951682469486635,22.424100519978506,0.5226224745023317,0.28418833017349243,0.9003708362579346,0.3719908201743,20.872444356028055,0.3783658434994897,0.21185302734375,0.5132002234458923
M6,joint_extra,2022121708,10,0,100,30.0,DPS,,14.624980449676514,100,0.19754670246478842,22.70413737416465,0.5747703230443177,0.27801191806793213,0.8981460332870483,0.3817098987877842,21.60559932012335,0.3763859907429899,0.1817169189453125,0.5149402022361755
M7,merge_extra,2022101101,8,0,100,30.0,DPS,,14.960029125213623,100,0.17677522700349255,24.064356924181943,0.6247279770804208,0.19880323112010956,0.8728179931640625,0.35485496009815465,22.07033355803116,0.4058852298203803,0.271240234375,0.4959067106246948
M7,merge_extra,2022101101,9,0,100,30.0,DPS,,15.86804747581482,100,0.16305130321751216,24.111186216774428,0.6076740806479134,0.19120670855045319,0.8735997676849365,0.34170148309576426,21.73874908307848,0.39980387735739964,0.25335693359375,0.47877877950668335
M7,merge_extra,2022101101,10,0,100,30.0,DPS,,14.480007410049438,100,0.15450574779553358,24.330745618640464,0.7025353333904272,0.18009458482265472,0.8520743250846863,0.31465512338489415,23.667010663036546,0.45123359361205545,0.234466552734375,0.44392722845077515
M7,merge_extra,2022101102,8,0,100,30.0,DPS,,14.825149059295654,100,0.16854805189136296,24.442269881221105,0.6915459609883348,0.1907932162284851,0.8540632128715515,0.31930093443849045,23.630343289773535,0.4744107468963304,0.3021697998046875,0.4743574857711792
M7,merge_extra,2022101102,9,0,100,30.0,DPS,,14.538879871368408,100,0.15997818277049258,24.057890707045292,0.6843959382517862,0.1727115958929062,0.8589434623718262,0.3166480749203539,23.378173288614555,0.45963234082943943,0.29736328125,0.45827987790107727
M7,merge_extra,2022101102,10,0,100,30.0,DPS,,14.977136850357056,100,0.17799393595322752,22.804497642654585,0.6240691552350964,0.15967334806919098,0.8894097208976746,0.3029424822092501,23.035578949416305,0.46728646369218746,0.2732391357421875,0.4471791684627533
M7,merge_extra,2022101103,8,0,100,30.0,DPS,,14.699189186096191,100,0.1518129159241097,25.29295589387295,0.7045277591495204,0.205407977104187,0.8718088269233704,0.3417462083114906,22.853509970473493,0.4482423734847691,0.2850341796875,0.5006535053253174
M7,merge_extra,2022101103,9,0,100,30.0,DPS,,15.38749361038208,100,0.15747874056088565,24.539602515341873,0.672131594679867,0.1882840096950531,0.8724271655082703,0.34430602809091654,22.26142372708498,0.4188196331065682,0.276763916015625,0.48671239614486694
M7,merge_extra,2022101103,10,0,100,30.0,DPS,,14.599931716918945,100,0.1449971080875651,26.054569048134336,0.688372042831234,0.19040293991565704,0.8814099431037903,0.32906986240642144,23.044213536770535,0.4418835400004444,0.271453857421875,0.47923409938812256
M7,merge_extra,2022101201,8,0,100,30.0,DPS,,15.272158861160278,100,0.1579936141965478,25.18426843764194,0.7082532658083666,0.17906810343265533,0.8596200942993164,0.3328455942823945,23.37187188278577,0.4184742558979042,0.2722625732421875,0.45716285705566406
M7,merge_extra,2022101201,9,0,100,30.0,DPS,,14.583884000778198,100,0.15702523815137595,24.385060510193306,0.6911843673824625,0.18902841210365295,0.8883169293403625,0.3401323568480126,22.37393145162961,0.3960617487690132,0.266693115234375,0.46267154812812805
M7,merge_extra,2022101201,10,0,100,30.0,DPS,,15.932127714157104,100,0.17093482368697943,23.484444780242345,0.6493024816749495,0.16986790299415588,0.8961877822875977,0.33434666728151113,22.68481032362725,0.4012035296423263,0.2415313720703125,0.45831984281539917
M7,merge_extra,2022101204,8,0,100,30.0,DPS,,14.674794673919678,100,0.16662722475603292,25.19160453960388,0.7016565407462776,0.18975384533405304,0.7997856736183167,0.3183964215296864,23.745357404912287,0.4507132224106452,0.2927398681640625,0.444171667098999
M7,merge_extra,2022101204,9,0,100,30.0,DPS,,15.340569496154785,100,0.15447439136924404,25.924760822036635,0.6999855820206216,0.17518696188926697,0.8108812570571899,0.3211164204606533,23.992790888081235,0.43081404537213197,0.271881103515625,0.4386831521987915
M7,merge_extra,2022101204,10,0,100,30.0,DPS,,14.58344841003418,100,0.15995971153835312,25.244899996928304,0.6796409899802621,0.1869506537914276,0.8356701731681824,0.31154738108165053,23.941831748792907,0.4563911529064446,0.2709503173828125,0.4420359432697296
M7,merge_extra,2022101301,8,0,100,30.0,DPS,,15.080900192260742,100,0.17259065635813275,24.8618086392488,0.6750086724775226,0.1885807365179062,0.8416909575462341,0.3477561758506601,23.05273681329573,0.43164347110957046,0.269775390625,0.4761168360710144
M7,merge_extra,2022101301,9,0,100,30.0,DPS,,14.612865924835205,100,0.16496793583851385,24.43159956182772,0.6312766380194359,0.19611886143684387,0.8546216487884521,0.34910128604018054,22.10839149454518,0.39583730375685977,0.272857666015625,0.4727138876914978
M7,merge_extra,2022101301,10,0,100,30.0,DPS,,15.139403581619263,100,0.14526601126334648,26.151528200939946,0.6968909984278988,0.19187627732753754,0.8643071055412292,0.3323690069775982,23.14304604356467,0.43095676094650526,0.2729644775390625,0.46245789527893066
M7,merge_extra,2022101302,8,0,100,30.0,DPS,,14.587804555892944,100,0.20318214718109126,22.353273083529835,0.6392960324565158,0.20196257531642914,0.842862606048584,0.34616725748698746,22.225545761553636,0.4322575760135844,0.1457672119140625,0.4834499657154083
M7,merge_extra,2022101302,9,0,100,30.0,DPS,,15.132325410842896,100,0.19166402018260534,22.041234596462616,0.6368679604099102,0.18777433037757874,0.8589056730270386,0.35913202871654126,21.26993467210941,0.37882150575228896,0.2483062744140625,0.4735344350337982
M7,merge_extra,2022101302,10,0,100,30.0,DPS,,14.711394786834717,100,0.18422824571633564,23.55521724531551,0.6309506631933006,0.1942085325717926,0.8764497637748718,0.3384494230604594,22.537162550845906,0.43958958956692834,0.2863616943359375,0.48211461305618286
M7,merge_extra,2022101303,8,0,100,30.0,DPS,,15.20641541481018,100,0.1589816708748051,23.735570581103765,0.8245901875220207,0.16699106991291046,0.8168509602546692,0.31235571252028954,23.951370742849644,0.4409288224145538,0.0517425537109375,0.4312516152858734
M7,merge_extra,2022101303,9,0,100,30.0,DPS,,14.71655797958374,100,0.13860514598422669,25.614163161988984,0.8071409741877709,0.18565663695335388,0.8330790996551514,0.30801834676818884,23.816426870728495,0.44744108090884277,0.0641937255859375,0.43710169196128845
M7,merge_extra,2022101303,10,0,100,30.0,DPS,,15.178030490875244,100,0.1608016688934504,23.475729562877202,0.7494727378164371,0.18004724383354187,0.8287614583969116,0.31431161269303337,23.749713703355432,0.450491429303721,0.109771728515625,0.44505199790000916
M7,merge_extra,2022112702,8,0,100,30.0,DPS,,14.642750978469849,100,0.1679368552537113,25.009672440680582,0.6411590583452457,0.18529222905635834,0.8434645533561707,0.33609319516737635,23.48772120329482,0.41763669706577833,0.2598114013671875,0.45626965165138245
M7,merge_extra,2022112702,9,0,100,30.0,DPS,,15.380828857421875,100,0.15367450237130778,25.129816206053555,0.6455216119757632,0.1847945898771286,0.8595284223556519,0.34218933044093747,22.732689424287752,0.3926608212197013,0.2509307861328125,0.4602380394935608
M7,merge_extra,2022112702,10,0,100,30.0,DPS,,14.836582899093628,100,0.17511416002120658,23.907512909081994,0.6033993209767408,0.1782090812921524,0.8547497391700745,0.33960825100413655,23.007134141423915,0.3934957093983402,0.22802734375,0.45363733172416687
M7,merge_extra,2022112704,8,0,100,30.0,DPS,,15.141396045684814,100,0.15518102347148802,26.332565238833617,0.7466363179441273,0.18969564139842987,0.8424296975135803,0.31285917962676796,24.606218899856582,0.4786812188926395,0.2573699951171875,0.4517490565776825
M7,merge_extra,2022112704,9,0,100,30.0,DPS,,14.549453258514404,100,0.15387200830385733,26.412644297345416,0.6912828068032366,0.18478751182556152,0.8534267544746399,0.3238370103647163,24.121730603548603,0.444271470092556,0.27520751953125,0.46454131603240967
M7,merge_extra,2022112704,10,0,100,30.0,DPS,,15.164356231689453,100,0.15717073936452508,25.603156535145484,0.6837336231007438,0.18875405192375183,0.8642251491546631,0.32286260828985996,23.696162195064694,0.44454678892346944,0.2538604736328125,0.4602149426937103
M7,merge_extra,2022120401,8,0,100,30.0,DPS,,14.513728857040405,100,0.15669919981365776,25.725181996122537,0.698172072264365,0.19575780630111694,0.8757023811340332,0.32456372953258134,23.565204379037255,0.4672150058379389,0.3004150390625,0.4731430411338806
M7,merge_extra,2022120401,9,0,100,30.0,DPS,,15.149983406066895,100,0.1696634030363836,24.588077379597294,0.6466619431774006,0.19402053952217102,0.891267716884613,0.34029207214897006,22.74791375552371,0.42063929164631075,0.29266357421875,0.48141103982925415
M7,merge_extra,2022120401,10,0,100,30.0,DPS,,14.641804695129395,100,0.16728745562788033,24.966358204876514,0.6456972928722368,0.18240410089492798,0.901638925075531,0.3246314748245093,23.531085587012207,0.442832006961118,0.282684326171875,0.4687502980232239
M7,merge_extra,2022120402,8,0,100,30.0,DPS,,15.30445408821106,100,0.17659996305412595,24.210220639851904,0.6119774164143801,0.1930447220802307,0.8618069291114807,0.35180269664126307,22.518130363381893,0.40497547516658805,0.2657470703125,0.48623114824295044
M7,merge_extra,2022120402,9,0,100,30.0,DPS,,14.602005958557129,100,0.16516542954992336,23.67151715786292,0.6186416861693915,0.1872120350599289,0.8622018694877625,0.3498945891466554,21.589781846164627,0.39713213098389655,0.2476654052734375,0.4766552746295929
M7,merge_extra,2022120402,10,0,100,30.0,DPS,,15.218195676803589,100,0.1771392928862589,23.615732926981835,0.5573252259467844,0.1798647791147232,0.8795532584190369,0.3498899214262048,22.353677364759243,0.3821449256954304,0.2301025390625,0.4778798818588257
M7,merge_extra,2022120403,8,0,100,30.0,DPS,,14.578655004501343,100,0.17495314579360052,24.826423683756317,0.642391718767885,0.17733120918273926,0.8638048768043518,0.3278509677463758,23.5778395814639,0.4318056241170181,0.29296875,0.45741480588912964
M7,merge_extra,2022120403,9,0,100,30.0,DPS,,15.113056182861328,100,0.17128968934223782,24.37008915801128,0.625739575597454,0.1896502822637558,0.8705712556838989,0.3345617756149176,22.805091266388352,0.4151355853822387,0.2761688232421875,0.46468809247016907
M7,merge_extra,2022120403,10,0,100,30.0,DPS,,14.561326742172241,100,0.1882433623872401,23.210777803844735,0.5654528538893988,0.1778537482023239,0.8781366348266602,0.32662886127600127,22.67886997497186,0.4180093733645897,0.267791748046875,0.4573378562927246
M7,merge_extra,2022120404,8,0,100,30.0,DPS,,15.080145597457886,100,0.16356059498865927,25.218872339066536,0.6601317378189627,0.18363156914710999,0.8862622380256653,0.32829194470600626,23.542595171930984,0.42958338325194323,0.2799530029296875,0.4607698619365692
M7,merge_extra,2022120404,9,0,100,30.0,DPS,,15.623076438903809,100,0.15721856253919694,25.31833258530331,0.6475084855958295,0.1818491816520691,0.8889353275299072,0.32140554845949637,23.55191097471687,0.4353220057726359,0.26031494140625,0.46201199293136597
M7,merge_extra,2022120404,10,0,100,30.0,DPS,,15.09597373008728,100,0.1741625167812152,24.709819108375875,0.5951849587438477,0.18874074518680573,0.8946124911308289,0.3315632733443186,23.432387850486982,0.43085618721343916,0.2296905517578125,0.4700421988964081
M7,merge_extra,2022120406,8,0,100,30.0,DPS,,14.601040124893188,100,0.1806077599734464,23.561499088148782,0.6060075769364749,0.18758925795555115,0.8802289366722107,0.3369608993108907,22.64699135011263,0.41543872894499806,0.2564849853515625,0.47146928310394287
M7,merge_extra,2022120406,9,0,100,30.0,DPS,,15.111085176467896,100,0.17251626325624683,23.880631600808712,0.6565078155858788,0.17842461168766022,0.8802222609519958,0.3201783902756114,22.916289209493694,0.46239000301552863,0.235595703125,0.4648025333881378
M7,merge_extra,2022120406,10,0,100,30.0,DPS,,14.6134614944458,100,0.17162910052391633,23.185122797741435,0.6450227005057073,0.18973170220851898,0.8957642912864685,0.32429219209208426,23.71597940306412,0.47020916385257294,0.2180023193359375,0.4761904776096344
M7,merge_extra,2022120407,8,0,100,30.0,DPS,,15.174045324325562,100,0.16277033413590428,26.28588643546527,0.6928882841280112,0.18052412569522858,0.8357557058334351,0.33043019376505783,24.450382331741956,0.4557666305617337,0.25726318359375,0.46630755066871643
M7,merge_extra,2022120407,9,0,100,30.0,DPS,,15.541019201278687,100,0.16323575216449668,24.30994672328869,0.6315448162638609,0.18221211433410645,0.8351663947105408,0.3232748933211365,22.711518590149588,0.4263599154980309,0.2559661865234375,0.45399466156959534
M7,merge_extra,2022120407,10,0,100,30.0,DPS,,15.129325866699219,100,0.15775947368063614,24.398898797231446,0.629112322317393,0.17738965153694153,0.8642613887786865,0.31143594735922736,22.89526045801164,0.4422535936636614,0.2457275390625,0.4499369263648987
M7,merge_extra,2022120408,8,0,100,30.0,DPS,,15.639978408813477,100,0.15155495473334227,25.8741067263669,0.6966292472174122,0.19010892510414124,0.8364831209182739,0.31062522783148955,23.6726444249951,0.47235015002539016,0.27801513671875,0.46067798137664795
M7,merge_extra,2022120408,9,0,100,30.0,DPS,,15.172235012054443,100,0.1631392247722707,23.894560662508873,0.6211175763478282,0.17506849765777588,0.852004885673523,0.31955557586142497,22.16824525808082,0.4298237395107648,0.2511749267578125,0.46498748660087585
M7,merge_extra,2022120408,10,0,100,30.0,DPS,,14.923986196517944,100,0.1546303715641234,24.444075880768633,0.6635932846653716,0.18273919820785522,0.8374112844467163,0.2936446148197341,23.130960855052688,0.4854437785864035,0.2187957763671875,0.44183221459388733
M7,merge_extra,2022120409,8,0,100,30.0,DPS,,15.24882698059082,100,0.1482612851907495,26.09331274814182,0.6871141039294172,0.1812070906162262,0.8362403512001038,0.31970839257323974,23.532038005151705,0.4444772895571975,0.297821044921875,0.4561334550380707
M7,merge_extra,2022120409,9,0,100,30.0,DPS,,14.796334266662598,100,0.15102950001445192,25.74329478232356,0.653536857311191,0.19287337362766266,0.843157947063446,0.3379032549376467,22.8907133029072,0.40639609665318893,0.292999267578125,0.4659747779369354
M7,merge_extra,2022120409,10,0,100,30.0,DPS,,15.586751461029053,100,0.1522197400471924,25.756006428981756,0.6384309939835081,0.18218643963336945,0.8481699824333191,0.3266792783578089,23.47534498917794,0.414889156189274,0.26251220703125,0.45566457509994507
M7,merge_extra,2022121701,8,0,100,30.0,DPS,,14.62160849571228,100,0.16405011051486448,23.250245234610688,0.6416275315845739,0.18219619989395142,0.8694356679916382,0.31805112781010697,22.431231012293537,0.449245446377288,0.20849609375,0.4601101577281952
M7,merge_extra,2022121701,9,0,100,30.0,DPS,,15.455783367156982,100,0.1614237104258452,23.63309683687692,0.6140992846544149,0.19288484752178192,0.8890024423599243,0.3338824497270151,22.7998098047657,0.4341247750952333,0.22967529296875,0.47892671823501587
M7,merge_extra,2022121701,10,0,100,30.0,DPS,,15.381043910980225,100,0.16542264821100625,23.47282661376745,0.6323034342292018,0.20709678530693054,0.8881451487541199,0.34879855231401785,22.448654285617312,0.4350771847512639,0.171142578125,0.49762603640556335
M7,merge_extra,2022121702,8,0,100,30.0,DPS,,16.062950134277344,100,0.17458931661233687,23.548454570693494,0.6415687860029337,0.164569690823555,0.8568222522735596,0.294688131062916,23.247947293690558,0.48005649321283766,0.24884033203125,0.4340493083000183
M7,merge_extra,2022121702,9,0,100,30.0,DPS,,15.134427070617676,100,0.16532160575164895,25.133866214646975,0.6592827049472185,0.17275327444076538,0.8612861633300781,0.30891060515914237,23.51660543668399,0.4736891227457995,0.27587890625,0.45109131932258606
M7,merge_extra,2022121702,10,0,100,30.0,DPS,,16.110581874847412,100,0.1750792580013113,22.99130024634153,0.6127163912880673,0.18624219298362732,0.8774561882019043,0.30879045077939854,22.526067565556957,0.4731897708610385,0.28070068359375,0.46755528450012207
M7,merge_extra,2022121703,8,0,100,30.0,DPS,,14.644633054733276,100,0.17741050471741404,23.694384224464144,0.6106584639934759,0.18746022880077362,0.8430188894271851,0.3258529532074207,22.370057878119347,0.43532182682897996,0.277984619140625,0.4721471071243286
M7,merge_extra,2022121703,9,0,100,30.0,DPS,,15.541081428527832,100,0.1832627218299955,23.213405254039504,0.5908432517261132,0.18497641384601593,0.842279851436615,0.32608370450051144,22.279554058362734,0.42679444097200414,0.2646331787109375,0.4648454189300537
M7,merge_extra,2022121703,10,0,100,30.0,DPS,,14.668912649154663,100,0.18547693795074588,23.02361031706019,0.6041085445741374,0.18216054141521454,0.8558868765830994,0.3176791514228349,22.646992750706623,0.45759502447642825,0.2433624267578125,0.4605785310268402
M7,merge_extra,2022121705,8,0,100,30.0,DPS,,15.232960224151611,100,0.18715214528575783,23.178558417422362,0.6387046690653949,0.16601143777370453,0.842706561088562,0.3182920850949724,22.93135297988449,0.44330556427957823,0.270263671875,0.4460856318473816
M7,merge_extra,2022121705,9,0,100,30.0,DPS,,14.634401798248291,100,0.17459544246157913,24.515908719248568,0.6661257743447753,0.18412287533283234,0.8664603233337402,0.3058516935352676,23.66205485100388,0.48259587679180804,0.3026275634765625,0.45657381415367126
M7,merge_extra,2022121705,10,0,100,30.0,DPS,,15.131537199020386,100,0.21261803890464187,23.751695381884108,0.5751482480406643,0.1824907660484314,0.8754845857620239,0.342141551985122,23.543718768495534,0.4419620806515921,0.2462158203125,0.49059605598449707
M7,merge_extra,2022121706,8,0,100,30.0,DPS,,14.76336407661438,100,0.1651378879437328,25.477026326578486,0.6632027798019473,0.1807008534669876,0.879684567451477,0.31770829732539635,23.859503094962488,0.4689142409636964,0.2996673583984375,0.47039535641670227
M7,merge_extra,2022121706,9,0,100,30.0,DPS,,15.195239067077637,100,0.17175389210271508,25.389710464050026,0.6120434717754814,0.17649830877780914,0.8864568471908569,0.34016040176602247,23.49008880628986,0.41394199645356367,0.29656982421875,0.4762337803840637
M7,merge_extra,2022121706,10,0,100,30.0,DPS,,14.623777151107788,100,0.17130643304737161,23.94755235027911,0.6164226058692784,0.1739143282175064,0.8871570825576782,0.3238814958881808,22.693008539832412,0.4341487684664139,0.2802581787109375,0.4628448486328125
M7,merge_extra,2022121707,7,0,100,30.0,DPS,,15.16372537612915,100,0.15269114943497092,25.330940155799727,0.7099612172935884,0.21660970151424408,0.8765719532966614,0.3721155430260264,22.342666542601584,0.4028235653428423,0.2450408935546875,0.5114319324493408
M7,merge_extra,2022121707,8,0,100,30.0,DPS,,14.635261535644531,100,0.13943153411726536,26.42493558873349,0.7262222329246911,0.20163185894489288,0.8790651559829712,0.3704740468439762,22.683452198426473,0.389295047617211,0.2487945556640625,0.4994555711746216
M7,merge_extra,2022121707,9,0,100,30.0,DPS,,15.115758180618286,100,0.15005926068828357,25.39969334972692,0.6740814152689641,0.19707545638084412,0.889247715473175,0.3797124253625883,21.933430443382306,0.36115207600564275,0.2617034912109375,0.5018240809440613
M7,merge_extra,2022121708,8,0,100,30.0,DPS,,14.55699896812439,100,0.16763251752480735,25.016103458742,0.6835061457593249,0.1929558366537094,0.8700979948043823,0.3239295572301103,23.833723249219677,0.49255382401776343,0.172454833984375,0.48182785511016846
M7,merge_extra,2022121708,9,0,100,30.0,DPS,,15.121620416641235,100,0.18888505148982437,22.708331966334004,0.5544547830413087,0.205673485994339,0.899671196937561,0.3567412613866641,21.23602193802658,0.41750660617546015,0.21185302734375,0.5121415853500366
M7,merge_extra,2022121708,10,0,100,30.0,DPS,,14.583954572677612,100,0.20075105861047993,22.564376185087156,0.5653819600278346,0.19947053492069244,0.9080516695976257,0.37619139906412263,21.73209053163783,0.3916530169060537,0.1817169189453125,0.5189691185951233
M8,joint_extra,2022101101,8,0,100,30.0,DPS,,14.606975555419922,100,0.1822273146687879,23.800515488661546,0.6207209616168671,0.2729700207710266,0.8778151273727417,0.3672875603277816,21.771226770706118,0.3752568430328252,0.271240234375,0.4983085095882416
M8,joint_extra,2022101101,9,0,100,30.0,DPS,,14.666977167129517,100,0.15928993247203532,24.313905140358294,0.6290426916060773,0.26209911704063416,0.8634836077690125,0.3480910502402652,21.57782921284731,0.3827484229111369,0.25335693359375,0.4742022156715393
M8,joint_extra,2022101101,10,0,100,30.0,DPS,,14.572817325592041,100,0.15609007133090422,24.242132843537306,0.7060383622322138,0.24842354655265808,0.8527783155441284,0.3249978937588329,23.386095885825892,0.42257226553913,0.234466552734375,0.4437409043312073
M8,joint_extra,2022101102,8,0,100,30.0,DPS,,14.978267431259155,100,0.16409590026200022,24.674790008565456,0.6995539137762103,0.26364412903785706,0.8450680375099182,0.3260936449022095,23.44750037774486,0.45260435841346996,0.3021697998046875,0.4707500636577606
M8,joint_extra,2022101102,9,0,100,30.0,DPS,,14.661640882492065,100,0.1602162580808578,24.04497420389205,0.678805200201933,0.24806788563728333,0.8582224249839783,0.321355294362546,23.250001142631053,0.44501720167219794,0.29736328125,0.45933711528778076
M8,joint_extra,2022101102,10,0,100,30.0,DPS,,14.991214752197266,100,0.18015801742139265,22.699529897049928,0.6206098242148171,0.22073276340961456,0.8785080313682556,0.31330428556246337,22.74345583134736,0.4406267353689412,0.2732391357421875,0.4421231746673584
M8,joint_extra,2022101103,8,0,100,30.0,DPS,,14.644935369491577,100,0.15341232921253498,25.20192505885779,0.6932876470777003,0.28395602107048035,0.8698628544807434,0.3503557224127346,22.637399759802648,0.4238947738270989,0.2850341796875,0.5004994869232178
M8,joint_extra,2022101103,9,0,100,30.0,DPS,,15.524648427963257,100,0.16291208231784862,24.244975276382576,0.6578484619472029,0.26148760318756104,0.8736600875854492,0.35388929903041966,22.02296764338957,0.3953214946987168,0.276763916015625,0.48774999380111694
M8,joint_extra,2022101103,10,0,100,30.0,DPS,,14.67507290840149,100,0.14703052915985143,25.933605452740114,0.682005566973386,0.2625584006309509,0.8761441111564636,0.3377980452219989,22.816833087874734,0.4187223825318641,0.271453857421875,0.47757259011268616
M8,joint_extra,2022101201,8,0,100,30.0,DPS,,15.45829153060913,100,0.15496353898590282,25.352468595740845,0.7132413241320108,0.24569600820541382,0.8540245294570923,0.3398540391034251,23.190879422345112,0.39414180903315843,0.2722625732421875,0.45518237352371216
M8,joint_extra,2022101201,9,0,100,30.0,DPS,,14.919723987579346,100,0.15150490716733622,24.695915732231285,0.6994289533631738,0.25622889399528503,0.883693277835846,0.34383837169263026,22.279803590244086,0.37904565824918907,0.266693115234375,0.4608285129070282
M8,joint_extra,2022101201,10,0,100,30.0,DPS,,15.68854546546936,100,0.17787358416445387,23.13882662298505,0.6355383778174621,0.23511269688606262,0.8961414694786072,0.3430093554226256,22.46263098736788,0.3812556095885751,0.2415313720703125,0.4589967429637909
M8,joint_extra,2022101204,8,0,100,30.0,DPS,,14.636746168136597,100,0.16265347061746505,25.401257070720003,0.7173921942395706,0.2568686604499817,0.789177656173706,0.3244485570028271,23.581804026546898,0.43264647086768804,0.2927398681640625,0.43972721695899963
M8,joint_extra,2022101204,9,0,100,30.0,DPS,,15.491507530212402,100,0.1544983516566758,25.923413671406404,0.7026515627611384,0.24396547675132751,0.8064771890640259,0.32504008126746997,23.887302810361348,0.41689106437101614,0.271881103515625,0.4380567669868469
M8,joint_extra,2022101204,10,0,100,30.0,DPS,,14.63503646850586,100,0.15728767523891385,25.39121837311719,0.6882439411374144,0.24648800492286682,0.832558274269104,0.3181830893318047,23.75877196163076,0.43374450683534155,0.2709503173828125,0.43941935896873474
M8,joint_extra,2022101301,8,0,100,30.0,DPS,,15.149218559265137,100,0.16993588918867264,24.99645208041077,0.6774053587703823,0.26664596796035767,0.8425897359848022,0.34895359602155945,23.022880278723008,0.4228737437409519,0.269775390625,0.47824764251708984
M8,joint_extra,2022101301,9,0,100,30.0,DPS,,14.812342166900635,100,0.16040002188365657,24.6755019043403,0.65494693527999,0.2709353268146515,0.8521462082862854,0.35183002207232894,22.040762557187232,0.38588153890922766,0.272857666015625,0.4721052050590515
M8,joint_extra,2022101301,10,0,100,30.0,DPS,,15.202068328857422,100,0.14545117584572467,26.140463706536355,0.7070577125242395,0.2658481001853943,0.8578110337257385,0.34320982883368784,22.864262101120033,0.4016267972727668,0.2729644775390625,0.46038007736206055
M8,joint_extra,2022101302,8,0,100,30.0,DPS,,14.60536241531372,100,0.19078777569274855,22.899973098307814,0.6744489928710843,0.2729315459728241,0.8286255598068237,0.3564069398632781,21.972342470892976,0.40913310142531145,0.1457672119140625,0.47570353746414185
M8,joint_extra,2022101302,9,0,100,30.0,DPS,,15.278877973556519,100,0.1889500034848087,22.16510837724804,0.6476090858489798,0.2647455930709839,0.8534319400787354,0.36556287773100293,21.115775699631662,0.36028841879882,0.2483062744140625,0.4719405770301819
M8,joint_extra,2022101302,10,0,100,30.0,DPS,,14.689706802368164,100,0.18069695092523078,23.723325090745394,0.6490727934045102,0.2648226320743561,0.8649187684059143,0.3498356863335384,22.249755927479,0.41652846762752066,0.2863616943359375,0.4764510691165924
M8,joint_extra,2022101303,8,0,100,30.0,DPS,,15.25467562675476,100,0.1533521309116525,24.048715419614155,0.83242267141146,0.23260468244552612,0.8226222991943359,0.32369114493136497,23.641743426470427,0.4156675764902798,0.0517425537109375,0.43448206782341003
M8,joint_extra,2022101303,9,0,100,30.0,DPS,,15.511343240737915,100,0.1330563444493397,25.9690385020348,0.8270543006739054,0.2458227574825287,0.8163852691650391,0.31177549599092313,23.711119005447014,0.4364422779000991,0.0641937255859375,0.4299754202365875
M8,joint_extra,2022101303,10,0,100,30.0,DPS,,15.277238368988037,100,0.15092379603153014,24.02638619821445,0.7779531366298047,0.24180154502391815,0.8166424036026001,0.3183889197785858,23.6377633324945,0.4358303057209112,0.109771728515625,0.439577579498291
M8,joint_extra,2022112702,8,0,100,30.0,DPS,,15.049100875854492,100,0.16570971509281232,25.125633356756264,0.6688518488085088,0.24965746700763702,0.8385251760482788,0.34608438578476414,23.23327547715689,0.39453132818393966,0.2598114013671875,0.45340755581855774
M8,joint_extra,2022112702,9,0,100,30.0,DPS,,15.224208116531372,100,0.14740368379298224,25.491685771451017,0.6646000377206408,0.2553824782371521,0.8529226183891296,0.3473775142809455,22.6019846406749,0.37349634707712875,0.2509307861328125,0.4574317932128906
M8,joint_extra,2022112702,10,0,100,30.0,DPS,,14.615947723388672,100,0.17631848159705965,23.847981471153773,0.588658166676191,0.24734905362129211,0.8528947234153748,0.34798780480318503,22.795418316627675,0.3616251990358051,0.22802734375,0.4529132544994354
M8,joint_extra,2022112704,8,0,100,30.0,DPS,,15.228827953338623,100,0.15277046788846096,26.46854930129349,0.7565671312699027,0.2530074715614319,0.8366719484329224,0.31838820939402435,24.454057413328915,0.4592022110006694,0.2573699951171875,0.4481576085090637
M8,joint_extra,2022112704,9,0,100,30.0,DPS,,14.597602844238281,100,0.15250333035385502,26.490250182733707,0.7083018405322168,0.24955706298351288,0.8479059934616089,0.3332470964523965,23.872932750223764,0.4182963052409548,0.27520751953125,0.46113476157188416
M8,joint_extra,2022112704,10,0,100,30.0,DPS,,15.18453860282898,100,0.1597993804192326,25.459088636528456,0.672698596117671,0.2617534399032593,0.8638779520988464,0.32895736630303457,23.533724895169918,0.42444179064904725,0.2538604736328125,0.4608934223651886
M8,joint_extra,2022120401,8,0,100,30.0,DPS,,14.574306726455688,100,0.1505883877837039,26.07068789678191,0.7217549988906825,0.26490920782089233,0.8629465103149414,0.33376443688634133,23.32240288103292,0.4434302853363794,0.3004150390625,0.4670540988445282
M8,joint_extra,2022120401,9,0,100,30.0,DPS,,15.28006911277771,100,0.1784192042331579,24.151008891688896,0.6238370469977138,0.26615944504737854,0.893804669380188,0.35403870823506023,22.403935433151684,0.3850678983677522,0.29266357421875,0.4824378192424774
M8,joint_extra,2022120401,10,0,100,30.0,DPS,,14.57235050201416,100,0.16984428721262698,24.834606845064577,0.639015133674158,0.25577011704444885,0.8976781368255615,0.33287249931555013,23.31333974592059,0.41887073372323474,0.282684326171875,0.46893417835235596
M8,joint_extra,2022120402,8,0,100,30.0,DPS,,15.232666969299316,100,0.1793326674683627,24.07684463938612,0.6128016599525627,0.2653793394565582,0.8616650700569153,0.3603307890047341,22.310086192197247,0.38265585684663095,0.2657470703125,0.4862639307975769
M8,joint_extra,2022120402,9,0,100,30.0,DPS,,14.867969274520874,100,0.1595280784631722,23.973157499538388,0.6329175666277552,0.2581709921360016,0.8541637063026428,0.35560281560928264,21.44922255639761,0.3762449659529186,0.2476654052734375,0.47315624356269836
M8,joint_extra,2022120402,10,0,100,30.0,DPS,,15.15915560722351,100,0.1910325649853313,22.9598829216049,0.533945268643584,0.2520561218261719,0.8836835026741028,0.36334689863816966,22.025876868956292,0.3527497761655784,0.2301025390625,0.4798871576786041
M8,joint_extra,2022120403,8,0,100,30.0,DPS,,14.767290830612183,100,0.1682141337050989,25.167609133983966,0.6594636327742729,0.2520851790904999,0.8559030890464783,0.33136492449237664,23.485238265449212,0.41708281583922135,0.29296875,0.45532459020614624
M8,joint_extra,2022120403,9,0,100,30.0,DPS,,15.273484468460083,100,0.1728103481001492,24.29331869188864,0.6353286650422398,0.2609507739543915,0.8672850131988525,0.34349660676654076,22.576168649762195,0.3906935608049073,0.2761688232421875,0.4631754457950592
M8,joint_extra,2022120403,10,0,100,30.0,DPS,,15.065162658691406,100,0.18771926819750945,23.23499418531638,0.5798237267561962,0.24549360573291779,0.871560275554657,0.33791740140892873,22.383749975447422,0.3864811332556642,0.267791748046875,0.45425522327423096
M8,joint_extra,2022120404,8,0,100,30.0,DPS,,15.131390810012817,100,0.1588064596617817,25.475082694656578,0.6793829236484661,0.2528526782989502,0.8820228576660156,0.3317969348570151,23.450352309789658,0.4167603506952187,0.2799530029296875,0.45992645621299744
M8,joint_extra,2022120404,9,0,100,30.0,DPS,,15.670318841934204,100,0.15562051847019182,25.407071850920836,0.6615607363953148,0.2508598864078522,0.8830808997154236,0.3302557194309784,23.315971419117698,0.4098769094551604,0.26031494140625,0.4595803916454315
M8,joint_extra,2022120404,10,0,100,30.0,DPS,,15.161634922027588,100,0.17257985339265625,24.78911103330958,0.606960704858546,0.2590246796607971,0.8855884671211243,0.3419065920163439,23.165566738316233,0.3990448038565039,0.2296905517578125,0.46630528569221497
M8,joint_extra,2022120406,8,0,100,30.0,DPS,,14.654260635375977,100,0.18412743309010696,23.393857238166518,0.596581324316657,0.25818854570388794,0.8788342475891113,0.34532929298253373,22.433913132392508,0.3894735869976899,0.2564849853515625,0.47110849618911743
M8,joint_extra,2022120406,9,0,100,30.0,DPS,,15.181895971298218,100,0.17647732304408387,23.683454305796808,0.646190995576126,0.2488255500793457,0.8774815201759338,0.3334518145908147,22.56346784381828,0.42416244843261974,0.235595703125,0.4639398455619812
M8,joint_extra,2022120406,10,0,100,30.0,DPS,,15.070894002914429,100,0.1715074304446042,23.19128252035953,0.646657471479111,0.2590128183364868,0.8873850703239441,0.33574485663119114,23.414521884614405,0.4406215071349256,0.2180023193359375,0.4721890985965729
M8,joint_extra,2022120407,8,0,100,30.0,DPS,,15.19036054611206,100,0.16544914102333727,26.14410120083866,0.6878445146896303,0.25502824783325195,0.8372913002967834,0.3373588636499807,24.270134329819083,0.4348754070175688,0.25726318359375,0.46821120381355286
M8,joint_extra,2022120407,9,0,100,30.0,DPS,,15.660008907318115,100,0.15908248957477575,24.533804840026043,0.631424104183724,0.2539688050746918,0.8280761241912842,0.32845554999399135,22.57342603854576,0.40457685810817134,0.2559661865234375,0.4520854353904724
M8,joint_extra,2022120407,10,0,100,30.0,DPS,,15.180182933807373,100,0.15948422349116226,24.304453207022156,0.6265492941043758,0.247154101729393,0.8585635423660278,0.3195454966235394,22.671981217845435,0.41990426455007357,0.2457275390625,0.44858378171920776
M8,joint_extra,2022120408,8,0,100,30.0,DPS,,15.031894445419312,100,0.14529436381827412,26.240534155764067,0.7218859366637376,0.2600589394569397,0.8277629017829895,0.31874176381698194,23.448599486116805,0.45348814957474315,0.27801513671875,0.4568507671356201
M8,joint_extra,2022120408,9,0,100,30.0,DPS,,15.223702907562256,100,0.16244204122339123,23.931759784518455,0.6172345355850437,0.23996292054653168,0.8457092046737671,0.3259068500158373,21.99730348138223,0.40979219046954635,0.2511749267578125,0.46204522252082825
M8,joint_extra,2022120408,10,0,100,30.0,DPS,,14.660976648330688,100,0.15491059868385515,24.428349222687924,0.6588452672535925,0.24852940440177917,0.8332362771034241,0.30321088211117353,22.85250599090141,0.45752538284916316,0.2187957763671875,0.4406392574310303
M8,joint_extra,2022120409,8,0,100,30.0,DPS,,15.22990369796753,100,0.15205515007361686,25.87384527339516,0.6893522830960793,0.2489021122455597,0.8351306915283203,0.3260255076951842,23.36208714682503,0.42875438903782753,0.297821044921875,0.4557981789112091
M8,joint_extra,2022120409,9,0,100,30.0,DPS,,14.650316715240479,100,0.14413163350466926,26.149344301436837,0.6695781774390782,0.2657521367073059,0.8365224003791809,0.3393471427735283,22.853676870189098,0.3989001491016071,0.292999267578125,0.4636213183403015
M8,joint_extra,2022120409,10,0,100,30.0,DPS,,15.610819101333618,100,0.1466659019841255,26.078842798597503,0.6532171225698878,0.2538633942604065,0.8443666696548462,0.33057325665809173,23.37242241462747,0.3986987923194054,0.26251220703125,0.4548257291316986
M8,joint_extra,2022121701,8,0,100,30.0,DPS,,14.677475690841675,100,0.16636973304882302,23.1282893852718,0.638977650934527,0.25293320417404175,0.8627190589904785,0.32671985635491324,22.19765922147193,0.42738878184635537,0.20849609375,0.45880740880966187
M8,joint_extra,2022121701,9,0,100,30.0,DPS,,15.840121984481812,100,0.15876330660216698,23.777440639552964,0.6324865024417563,0.2662929594516754,0.8828662633895874,0.34003052238329007,22.641323577713315,0.4186513443081487,0.22967529296875,0.4764872193336487
M8,joint_extra,2022121701,10,0,100,30.0,DPS,,14.700197696685791,100,0.1646306641339973,23.514511391552123,0.6428336055400398,0.28285282850265503,0.882889986038208,0.35648844997791235,22.259238489722595,0.419297842757482,0.171142578125,0.49635130167007446
M8,joint_extra,2022121702,8,0,100,30.0,DPS,,16.167770624160767,100,0.16998493872164938,23.780599010931965,0.6465746964540342,0.2290789932012558,0.8517502546310425,0.29992565411657707,23.094927888711958,0.4612339459209254,0.24884033203125,0.4328099489212036
M8,joint_extra,2022121702,9,0,100,30.0,DPS,,14.665104150772095,100,0.16866952198852905,24.95972622967451,0.6566215729395524,0.24044784903526306,0.864817202091217,0.31821918079982536,23.25873473390507,0.4492779480493123,0.27587890625,0.4533274471759796
M8,joint_extra,2022121702,10,0,100,30.0,DPS,,16.26157784461975,100,0.17713097051755247,22.89010415024817,0.6232525535243925,0.25248467922210693,0.8672109842300415,0.32318988180492153,22.130189680580816,0.4412555236918376,0.28070068359375,0.4626758396625519
M8,joint_extra,2022121703,8,0,100,30.0,DPS,,14.85517692565918,100,0.17438933918713978,23.843572212776113,0.6191451176915562,0.2540999948978424,0.8341532349586487,0.3379623880213157,22.053123702415583,0.4012672063214333,0.277984619140625,0.4676271080970764
M8,joint_extra,2022121703,9,0,100,30.0,DPS,,15.210477590560913,100,0.17605044993558086,23.56214511613085,0.6314945767705343,0.2549906075000763,0.8312145471572876,0.3327273044535958,22.104367149263773,0.41243239771791834,0.2646331787109375,0.45984676480293274
M8,joint_extra,2022121703,10,0,100,30.0,DPS,,14.740289211273193,100,0.19114016082344695,22.76236972519637,0.5908062059665,0.25845658779144287,0.8568124771118164,0.3266021042845777,22.40638745926731,0.4351675437141991,0.2433624267578125,0.46229711174964905
M8,joint_extra,2022121705,8,0,100,30.0,DPS,,15.202146053314209,100,0.19034380222768474,23.031679804613944,0.6341979265376052,0.2266497164964676,0.8424326777458191,0.32484761319127714,22.754276161793946,0.4260298230154237,0.270263671875,0.4458038806915283
M8,joint_extra,2022121705,9,0,100,30.0,DPS,,15.682086944580078,100,0.1735838129030273,24.566382303132777,0.6777775521848757,0.24936707317829132,0.8558481335639954,0.314381082761408,23.423144535132895,0.4603317028961525,0.3026275634765625,0.4515570104122162
M8,joint_extra,2022121705,10,0,100,30.0,DPS,,15.185347557067871,100,0.21908076444332422,23.491612590657432,0.5677109068903986,0.26037663221359253,0.8754928708076477,0.35542118878888235,23.212968886666108,0.4045320417866019,0.2462158203125,0.4919312298297882
M8,joint_extra,2022121706,8,0,100,30.0,DPS,,14.658508539199829,100,0.16073187012978812,25.7119208871455,0.6817406283588557,0.2456589639186859,0.871417224407196,0.3266722206439336,23.61783014123187,0.4470130196112816,0.2996673583984375,0.46589532494544983
M8,joint_extra,2022121706,9,0,100,30.0,DPS,,15.178784132003784,100,0.1782023055878711,25.069575838140192,0.596233605014789,0.24953454732894897,0.8899741172790527,0.3494643355226659,23.25570671111312,0.38614705599544114,0.29656982421875,0.4782283306121826
M8,joint_extra,2022121706,10,0,100,30.0,DPS,,14.665640830993652,100,0.17480570116800354,23.771913940837642,0.6144434916317068,0.24273741245269775,0.8837435245513916,0.33519983065297315,22.394655457953,0.4037521342080901,0.2802581787109375,0.46181735396385193
M8,joint_extra,2022121707,7,0,100,30.0,DPS,,15.148771524429321,100,0.15435283664062452,25.23692514005195,0.7084407524462653,0.29439425468444824,0.8749967217445374,0.38414356015250295,22.066351614630427,0.37429360802828154,0.2450408935546875,0.5106189846992493
M8,joint_extra,2022121707,8,0,100,30.0,DPS,,14.73609733581543,100,0.13899172298987214,26.452376932041453,0.7290754766110467,0.2801525890827179,0.8751495480537415,0.37618443305013044,22.550591586006433,0.37466461294851783,0.2487945556640625,0.49830102920532227
M8,joint_extra,2022121707,9,0,100,30.0,DPS,,15.181724786758423,100,0.1501410161976884,25.394962379076812,0.6715656065987754,0.27709269523620605,0.8859111666679382,0.3848057140233131,21.817696373922878,0.34479396827469083,0.2617034912109375,0.5015677213668823
M8,joint_extra,2022121708,8,0,100,30.0,DPS,,14.625481605529785,100,0.1637317789617358,25.220609195680762,0.7030624907037463,0.2663458287715912,0.8606424927711487,0.33447898476406096,23.55535807021188,0.46557689710894073,0.172454833984375,0.477804034948349
M8,joint_extra,2022121708,9,0,100,30.0,DPS,,15.458598852157593,100,0.20162286322210266,22.141488187611905,0.518333968178998,0.28328126668930054,0.9037915468215942,0.37718701151086287,20.75195422315685,0.3727644607889106,0.21185302734375,0.5144361257553101
M8,joint_extra,2022121708,10,0,100,30.0,DPS,,14.817270755767822,100,0.19550987013825102,22.794159322130692,0.5843039511525925,0.2786301076412201,0.9037979245185852,0.37887784489456,21.670283563209743,0.3829521741085757,0.1817169189453125,0.5177233815193176
